tweet_id,created_at,full_text,lang,is_quote,possibly_sensitive,retweet_count,favorite_count,reply_count,quote_count,view_count,user_id,user_name,screen_name,user_desc,user_location,user_verified,is_blue_verified,followers_count,following_count,total_tweets_by_user,hashtags,urls,place
2001628639356711363,Thu Dec 18 12:20:30 +0000 2025,"திருப்பூர் மாவட்டம் இடுவாய் கிராமத்தில், பொதுமக்கள் விருப்பத்திற்கு எதிராக குப்பைக்கிடங்கு அமைக்கும் பணியை நிறுத்தக் கோரி, பொதுமக்களோடு இணைந்து ஆர்ப்பாட்டம் நடத்த, திமுக அரசு அனுமதி மறுத்ததோடு மட்டுமல்லாமல், @BJP4Tamilnadu திருப்பூர் வடக்கு மாவட்டத் தலைவர் திரு @Kcmb_srinivasan மற்றும் நான் உட்பட பாஜக தொண்டர்களைக் கைது செய்திருக்கிறது காவல்துறை.

நாட்டிலேயே, தூய்மையான பெருநகரங்களில், சென்னை, மதுரை, கோவை மற்றும் சிறு நகரங்களில் ஈரோடு, திருப்பூர் உள்ளிட்டவை கடைசி இடங்களில் இருக்கின்றன. கமிஷன் வாங்குவதற்காக மட்டுமே, திருப்பூர் மாநகரத்தையே குப்பைக்கிடங்காக்கி வைத்திருக்கிறது திருப்பூர் மாநகராட்சி. திருப்பூர் மாநகர திமுக மேயர், இதற்காக மட்டுமே பதவியில் இருக்கிறார். 

பொதுமக்கள் எத்தனை போராட்டம் நடத்தினாலும், திருப்பூருக்கான நிரந்தரத் தீர்வு, தேர்தலில் மக்கள் அளிக்கப் போகும் வாக்குகள்தான். வரும் தேர்தலில், இந்த மக்கள் விரோத திமுக அரசை வீட்டுக்கு அனுப்ப வேண்டும்.

ஜனநாயக முறைப்படி, இடுவாய் கிராம பொதுமக்கள் பிரச்சினைக்காகக் குரல் கொடுக்க அனுமதி தர மறுத்து, எங்களைக் கைது செய்து அடக்குமுறையைக் கையாளும் திமுக அரசும், காவல்துறையும், நாளை முதல் வேறு வேறு வடிவங்களில் பொதுமக்களின் போராட்டத்தைச் சந்திப்பார்கள் என்பதைக் கூறிக் கொள்கிறேன். 

திமுக அரசின் ஒடுக்குமுறைக்கும் கைது நடவடிக்கைகளுக்கும் என்றும் அஞ்சோம். இடுவாய் மக்களின் குரலாக எங்கள் குரல் என்றும் ஒலிக்கும். (1/2)",ta,False,False,331,702,22,3,5588,61121030,K.Annamalai,annamalai_k,அறம் செய்ய விரும்பு. BJP Karyakartha.,India,False,True,1007659,883,18062,[],[],
2001562955176120490,Thu Dec 18 07:59:30 +0000 2025,Thank you Erode 🙏🏻 https://t.co/897ADrZtA4,en,False,False,20139,60378,2188,1051,832866,1156338067,Vijay,actorvijay,Official Page handled by Office of Actor Vijay,,False,True,5519898,1,433,[],[],
2001507639835132078,Thu Dec 18 04:19:42 +0000 2025,"நடிகனுக்கு ஜால்ரா அடித்து வாங்கும் பதவி என் மயிருக்கு சமம்...
@annamalai_k
 தர்மம் காக்க...
 அதர்மம் அழிக்க...
@hindumunnani_tn @elangovan_HM @BJP4TamilNadu @amarprasadreddy https://t.co/nWT9jpTFFO",ta,False,False,286,1248,58,9,10958,1166196738,Kanal V Kannan,kannan_kanal,"Action Director, Actor & State President-Art and Literature Division , Hindu Munnani, Tamilnadu.","Chennai, India",False,True,35077,244,1852,[],[],
2001464934690099643,Thu Dec 18 01:30:00 +0000 2025,"Hon'ble PM Thiru. @NarendraModi, Tamil Nadu is the backbone of India’s export economy. Punitive US tariffs are hitting this bedrock hard, disrupting production, orders and livelihoods across our industrial regions.

Urging immediate bilateral resolution to protect Tamil Nadu’s exporters and India’s global manufacturing strength.",en,False,False,2198,3083,327,260,71916,2163039523,M.K.Stalin - தமிழ்நாட்டை தலைகுனிய விடமாட்டேன்,mkstalin,Chief Minister of Tamil Nadu | President of the DMK | Belongs to the Dravidian stock,,False,True,4000735,91,11099,[],[],
2001547505054761159,Thu Dec 18 06:58:06 +0000 2025,"நாம் தமிழர் பிள்ளைகள் சேலம் மாவட்டம் தரமான சம்பவம் 💥💥
 இது தற்குறி கூட்டம் அல்ல இது தத்துவ கூட்டம் https://t.co/6OuUXMn24Z",ta,False,False,415,1074,13,7,7179,1105332988223471616,ஆறுமுகம்,murugan86489868,private,chennai ,False,True,1993,2016,12502,[],[],
2001617217671327792,Thu Dec 18 11:35:07 +0000 2025,"என் நெஞ்சில் குடியிருக்கும் உங்கள் அனைவருக்கும் என் அன்பான வணக்கம்.

எப்போதும், என் வாழ்வின் ஒவ்வொரு நிலையிலும் நீங்கள் உடன் வருகிறீர்கள். நீங்கள் காட்டும் எல்லையில்லா அன்பினாலும் ஆதரவினாலும் பெரும் உத்வேகம் அடைந்து வருகிறேன். இந்த உத்வேகமே எனக்கு எப்போதும் மிகப் பெரிய உந்துசக்தியாக இருக்கிறது. எத்தனை அரசியல் கட்சிகள், எத்தனை ஆண்டுக்காலம் நம்மை ஆண்டாலும், வறுமையின் பிடியில் சிக்கியுள்ள என் அன்புக்கு உரியவர்களாகிய உங்களுக்கு ஒரு விடிவு காலம் கண்டிப்பாக வரவேண்டும். ஏக்கத்திலேயே, கனவுகளிலேயே காலங்கள் கடந்து போய்விடக் கூடாது. எனவே தான், வளர்த்து ஆளாக்கிய உங்களோடு இணைந்து உங்களுக்காக உழைக்கவே நாம் நம் அரசியல் பயணத்தைத் தொடங்கினோம்.

அந்தப் பயணத்தில், உங்களைச் சந்திப்பதற்கு நாம் புறப்பட்டதில் இருந்தே எவ்வளவோ தடைகள் தொடர்ந்து நமக்கு வந்தவண்ணம் இருந்தன. அவற்றில் உங்களுக்குத் தெரிந்தவை பல. உங்களுக்குத் தெரியாதவை பல. ஆனால், அவற்றையெல்லாம் உங்களின் பேராதரவு மற்றும் தூய அன்பின் துணையோடு முறியடித்து வெற்றி அடைந்து வருகிறோம். உங்களுடனான சந்திப்பைத் தொடர்ந்து நிகழ்த்தி வருகிறோம்.

அந்த வகையில் இன்று மஞ்சள் மாநகரான ஈரோட்டில் நடைபெற்ற நமது சந்திப்பானது, வாழ்நாளில் இதுவரை இல்லாத வகையில் மிகுந்த மகிழ்ச்சியையும் நெகிழ்ச்சியையும் ஏற்படுத்தியது. இந்தச் சந்திப்பில், அளப்பரிய அன்பும் ஆதரவும் அளித்த, என் நெஞ்சில் குடியிருக்கும் உங்கள் அனைவருக்கும் எவ்வளவு நன்றி சொன்னாலும் போதாது.

இந்த நெகிழ்ச்சிமிகு சந்திப்பை, மிகப் பிரம்மாண்டமாகவும் மிகுந்த பாதுகாப்புடனும் மெச்சத் தகுந்த வகையிலும் ஏற்பாடு செய்திருந்த நம் கழகத்தின் நிர்வாகக் குழு ஒருங்கிணைப்பாளர் அண்ணன் திரு. கே.ஏ.செங்கோட்டையன் அவர்களுக்கும், அவருக்கு உறுதுணையாக இருந்த நம் கழகப் பொதுச் செயலாளர் திரு. ஆனந்த் அவர்களுக்கும், மாநில நிர்வாகிகளுக்கும், ஈரோடு மாநகர் மாவட்டக் கழகச் செயலாளர் திரு. M.பாலாஜி https://t.co/WA5qee6wqi, ஈரோடு கிழக்கு மாவட்டக் கழகச் செயலாளர் திரு. M.வெங்கடேஷ் B.E., MBA, ஈரோடு மேற்கு மாவட்டக் கழகச் செயலாளர் திரு. A.பிரதீப்குமார் DCE ஆகியோருக்கும் கழகத்தின் அனைத்து நிர்வாகிகளுக்கும், தன்னார்வலர்களுக்கும் போக்குவரத்து மற்றும் பாதுகாப்பு உள்ளிட்டவற்றைச் சிறப்பாக ஏற்பாடு செய்திருந்த காவல் துறைக்கும் எனது மனமார்ந்த நன்றியினைத் தெரிவித்துக்கொள்கிறேன்.

மீண்டும் சந்திப்போம்!
வெற்றி நிச்சயம்!",ta,False,,4456,11808,420,109,142875,1752702274466680832,TVK Vijay,TVKVijayHQ,"தலைவர், தமிழக வெற்றிக் கழகம்  - த.வெ.க |
President, Tamilaga Vettri Kazhagam - TVK",Tamilnadu,False,True,623279,1,237,[],['http://B.Com'],
2001564672009621732,Thu Dec 18 08:06:19 +0000 2025,Someone is crying a lot today😅 https://t.co/DLXWGuJA0t,en,False,False,386,1311,66,52,38649,1290622571910590466,DMK Student Wing,dmk_studentwing,Official Page of DMK Student Wing | தி.மு.க மாணவர் அணி | #DravidianStock | #SocialJustice,Anna Arivalayam,False,True,6880,183,5788,[],[],
2001493875828101184,Thu Dec 18 03:25:00 +0000 2025,"ஏழை எளிய மாணவர்களுக்கும் விஞ்ஞானபூர்வ கல்வி கிடைக்க புரட்சித்தலைவி அம்மா அவர்களால் கொண்டுவரப்பட்ட விலையில்லா மடிக்கணினி வழங்கும் திட்டத்தை,

கடந்த நான்கு ஆண்டுகாலமாக விடியா திமுக அரசு நிறுத்தியுள்ளது.
தேர்தல் நெருங்குவதால் கல்லூரி மாணவர்களுக்கு மட்டும் லேப்டாப் தருவதாக தற்போது அறிவித்துள்ளனர்.

நிச்சயமாக, மீண்டும் அஇஅதிமுக ஆட்சி மலர்ந்ததும் மாணவர்களுக்கு லேப்டாப் வழங்கும் திட்டம் தொடரும்.

மாண்புமிகு கழகப் பொதுச் செயலாளர் புரட்சித் தமிழர் @EPSTamilNadu அவர்கள்

#EPSfor2026
#WhereIsOurLaptop",ta,False,False,203,312,46,17,2724,923849866861715456,AIADMK IT WING - SayYesToWomenSafety&AIADMK,AIADMKITWINGOFL,Official Twitter page of AIADMK IT Wing. News and updates from AIADMK.,"Chennai, India",False,True,159570,40,22220,"['EPSfor2026', 'WhereIsOurLaptop']",[],
2001557918521659855,Thu Dec 18 07:39:29 +0000 2025,"Vijay thanks people of Tamil Nadu in mega Erode rally
#Vijay #TamilNadu #Erode #News https://t.co/biI7Qnfbow",en,False,False,970,2868,14,3,23698,19897138,IndiaToday,IndiaToday,"Brings you news breaks: Exclusive political, entertainment, sports insight, unbiased-nonaligned. https://t.co/4QkZBcgPH5| https://t.co/pmDGIBbj9z",India,False,True,6008004,99,1430800,"['Vijay', 'TamilNadu', 'Erode', 'News']",[],
2001334929561653302,Wed Dec 17 16:53:24 +0000 2025,"மாண்புமிகு கழகப் பொதுச்செயலாளர் புரட்சித்தமிழர் @EPSTamilNadu அவர்களின் ஆணைக்கிணங்க ,

11,12 ஆம் வகுப்பு மாணவர்களுக்கும்,
விடுபட்ட அனைத்து கல்லூரி மாணவர்களுக்கும் 
 மடிக்கணினி வழங்கக்கோரி @admkstudentwing  சார்பில் மாபெரும் கண்டன ஆர்பாட்டம் இன்று நடைபெற்றது.

#WhereIsOurLaptop https://t.co/4E1hYDqDfn",ta,False,False,352,576,33,25,3166,923849866861715456,AIADMK IT WING - SayYesToWomenSafety&AIADMK,AIADMKITWINGOFL,Official Twitter page of AIADMK IT Wing. News and updates from AIADMK.,"Chennai, India",False,True,159570,40,22220,['WhereIsOurLaptop'],[],
2001267285739352481,Wed Dec 17 12:24:37 +0000 2025,"ஏழை எளிய மாணவர்களுக்கும் அறிவுப்பூர்வமான கல்வி கிடைப்பதை உறுதி செய்த திட்டம், மாண்புமிகு அம்மா அரசின் விலையில்லா மடிக்கணினி திட்டம்.

அரசுப்பள்ளிகள், அரசுக் கல்லூரிகளைச் சார்ந்த மாணவர்களின் Career Guide-ஆக, Life Shaping Device-ஆக, கல்விக்கான ஆயுதமாக இருந்த மடிக்கணினியை, மாண்புமிகு அம்மா அவர்கள் வழியில் தொடர்ந்து வழங்கி வந்தது எனது தலைமையிலான @AIADMKOfficial அரசு.

இந்த மடிக்கணினிகளால் பயனடைந்த இளைஞர்களை இன்றைய தினம் சந்தித்து, #PricelessScheme_AmmaLaptop தங்கள் வாழ்வில் ஏற்படுத்திய பெரும் மாற்றத்தினைக் கேட்டு அகமகிழ்ந்தேன்.

அதே சமயம், தற்போதைய அரசுப்பள்ளி மாணவர்களும், இன்றைய விடியா திமுக ஆட்சியில் லேப்டாப் கிடைக்காமல், விஞ்ஞானக் கல்வி கிடைப்பது தடைபட்டு, தாங்கள் வஞ்சிக்கப்படுவதை, தங்கள் உள்ளக் குமுறலை வெளிப்படுத்தினார்கள்.

ஸ்டாலின் மாடல் அரசு, நான்கரை ஆண்டுகளாக லேப்டாப் வழங்காமல், தற்போது தேர்தல் வரப்போகிறது எனத் தெரிந்ததும், ஒரு நாடகத்தை அரங்கேற்றத் தயாராகி விட்டார் இன்றைய பொம்மை முதலமைச்சர்.

அரைகுறை ஆயிரம் ரூபாய் போலவே, இதுவும், சம்மந்தமே இல்லாமல், கல்வி ஆண்டின் நடுவில், கடைசி ஆண்டு மாணவர்களுக்கு மட்டும் வழங்குவதன் காரணம் என்ன? ஏன் அரசுப்பள்ளி மாணவர்களுக்கு லேப்டாப் வழங்கவில்லை?

இன்றைய AI காலத்தில் வளர்ந்து வரும் தொழில்நுட்பத்திற்கு தகவமைத்துக் கொள்ளும் அளவிற்கு இவர்கள் தரும் லேப்டாப் இருக்கிறதா? என்றால் அதுவும் இல்லை.

பொம்மை முதல்வரைப் போன்றே பொம்மை லேப்டாப் கொடுத்து மாணவர்களை ஏமாற்றப் பார்க்கிறதா ஸ்டாலின் மாடல் அரசு?

Election Eyewash-க்காக லேப்டாப் கொடுப்பது போல Drama நடத்தும் உங்களுக்கும்,
Education Elevation-க்காக தொடர்ந்து லேப்டாப் கொடுத்த எங்களுக்கும் நிறைய வித்தியாசம் இருக்கிறது திரு. @mkstalin அவர்களே!

#WhereIsOurLaptop என்று நான் கேட்கவில்லை; உங்களால் நான்கரை ஆண்டுகாலமாக வஞ்சிக்கப்பட்ட அரசுப்பள்ளி மாணவர்கள் கேட்கிறார்கள். 

உரிய , முறையான பதில் வருமா 
திரு. ஸ்டாலின் அவர்களே?",ta,False,False,623,1041,192,58,14384,973935385557413889,Edappadi K Palaniswami-SayYEStoWomenSafety&AIADMK,EPSTamilNadu,Leader of Opposition - Tamilnadu Legislative Assembly | General Secretary - AIADMK | Former Chief Minister - Tamilnadu,"Tamil Nadu, India",False,True,662219,2,3845,"['PricelessScheme_AmmaLaptop', 'WhereIsOurLaptop']",[],
2001299164282372556,Wed Dec 17 14:31:17 +0000 2025,"ஆக மொத்தத்துல யார் பொது கூட்டம் நடத்தினாலும் அது அரசியல் கூட்டம் 

தவெக பொது கூட்டம் நடத்தினால் அது குடும்ப நிகழ்வு மாதிரி ஆயிடுது👌🏻👌🏻👌🏻 https://t.co/onaYHpBa75",ta,False,False,1320,5797,17,13,32521,875024842814242816,TVK WORLD,TVK_WORLD,#தமிழகவெற்றிக்கழகம்  maintaining by @official_Tvmp Team | Admin - @IM_Back2026,India,False,True,71945,8,7362,[],[],
2001523656795787557,Thu Dec 18 05:23:20 +0000 2025,"இது வெறும் தவெக அருனுக்கு மட்டமான மெசேஜ் இல்ல சுயநலம் பிடித்த திராவிட பாஜகவுக்கும், டயர் திராவிடியாக்களுக்கும் சேர்த்து தான் இந்த மெசேஜ் 🔥🔥🔥

@annamalai_k #Annamalai 🧡 https://t.co/iQsHFbP7QD",ta,False,False,104,387,5,1,2602,90805156,Johny Bhai(அண்ணாமலையின் வார் ரூம்)🇮🇳,Johni_raja,"Follower of Guru NAMO Ji,Proud Hindu, Ayyappa Swamy Devotee,Extreme Patriot,Proud Member Of RSS,Def Enthusiast,Anti DMK","தொண்டை நாடு/வேலூர், Las Vegas ",False,True,31558,4442,243884,['Annamalai'],[],
2001548466389160489,Thu Dec 18 07:01:56 +0000 2025,"ஈரோடு தவெக பொதுக்கூட்டத்துக்கு காந்தி வேடத்தில் வந்த நபர்

#TVKVijay #Erode #TVK https://t.co/4XXFi8SvCR",ta,False,False,1057,3896,22,15,32549,23763445,BBC News Tamil,bbctamil,"பிபிசி உலக சேவையின் தமிழ்ப்பிரிவே பிபிசி தமிழ். இது, பிபிசிக்காக கலெக்டிவ் நியூஸ்ரூம் வெளியீடு",India,False,True,1110218,0,107375,"['TVKVijay', 'Erode', 'TVK']",[],
2001580141345202276,Thu Dec 18 09:07:47 +0000 2025,"தற்குறிகளுக்கு மட்டுமே எளிய மக்களின் வெற்றி டிராமாவா தெரியும்! 🤦‍♂️

#DMK4TN https://t.co/CpnWYpozKG",ta,False,False,265,539,4,5,4243,2898216534,#DMK4TN,DMK4TN,திமுக ஓர் அரசியல் இயக்கம் மட்டுமல்ல; திராவிட கொள்கைகளுக்காக - தமிழக மக்களுக்காக போராடும் இயக்கம்!,,False,True,110971,312,38451,['DMK4TN'],[],
2001609952620937530,Thu Dec 18 11:06:15 +0000 2025,"இன்று திருப்பூர் மாவட்டம் இடுவாய் மக்களுக்காக போராடிய @annamalai_k அண்ணா அவர்களை கைது செய்துள்ளது விடியா திமுக அரசு🤬

#Annamalai |#DMKFailsTN |#NoVoteToEDMK https://t.co/Zgp2pwxRB3",ta,False,False,83,176,3,1,2201,1677921058073247744,நாட்டாமை ⚖️(WarRoom Commander 😎 ),Agmarksanghi,"Annamalai Anna Fan Boy 🦁| Bike Rider 🏍️ |

Social Media Reporter 🧑‍🎤 |

Always Happy Person 🤸🤸‍♂️","Tamilnadu, INDIA🇮🇳",False,True,11779,1547,221146,"['Annamalai', 'DMKFailsTN', 'NoVoteToEDMK']",[],
2001635519319744869,Thu Dec 18 12:47:51 +0000 2025,#Live அனைத்திந்திய அண்ணா திராவிட முன்னேற்றக் கழகத்தின் சார்பில் கிறிஸ்துமஸ் பெருவிழா https://t.co/5JZxJpDxcF,ta,False,False,34,57,3,3,536,2330285072,AIADMK - SayYesToWomenSafety&AIADMK,AIADMKOfficial,Official Twitter page of AIADMK,Tamilnadu,False,True,510690,1,12724,['Live'],['https://x.com/i/broadcasts/1nAKEEzmnkkKL'],
2001616188921778318,Thu Dec 18 11:31:02 +0000 2025,"மங்கலம் பொங்கும் மஞ்சள் மாநகரான ஈரோட்டில், நம் வெற்றித் தலைவர் அவர்கள்... https://t.co/DIid6UQho1",ta,False,False,969,3001,17,5,20001,1754106652066979840,TVK Party HQ,TVKPartyHQ,"தமிழக வெற்றிக் கழகம் - அதிகாரப்பூர்வ அறிவிப்புகள்

Tamilaga Vettri Kazhagam - Official Announcements",,False,True,56191,3,409,[],[],
2001588742793171050,Thu Dec 18 09:41:58 +0000 2025,"தி.மு.க.வை அழித்துவிடுவேன் என வந்தவர்கள் அழிந்து போயிருக்கிறார்களே தவிர தி.மு.க இன்னும் அதே கொள்கை உரத்தோடு, வலுவோடு தான் இருக்கிறது; என்றும் இருக்கும்! 💥

#DMK4TN https://t.co/soUj6regyX",ta,False,False,146,314,12,7,3554,2898216534,#DMK4TN,DMK4TN,திமுக ஓர் அரசியல் இயக்கம் மட்டுமல்ல; திராவிட கொள்கைகளுக்காக - தமிழக மக்களுக்காக போராடும் இயக்கம்!,,False,True,110971,312,38451,['DMK4TN'],[],
2001477190156980643,Thu Dec 18 02:18:42 +0000 2025,"தமிழகத்தில் கிட்டத்தட்ட ஆண்டுதோறும் 3,70,000 அரசு பள்ளி மாணவர்கள் பன்னிரண்டாம் வகுப்பு படிக்கின்றனர். ஆனால், அதில் வெறும் சொற்ப எண்ணிக்கையில் தான் மருத்துவ படிப்புக்கு தேர்வாகின்றனர்.

இந்நிலையை போக்க வேண்டும் என்பதற்காக எந்த எதிர்க்கட்சிகளும் கோரிக்கை வைக்காமல், அரசு பள்ளி மாணவர்களுக்கு மருத்துவ படிப்பில் 7.5% உள் இட ஒதுக்கீடு பல்வேறு சட்டப் போராட்டங்களை தாண்டி நிறைவேற்றி காட்டி சாதனை படைத்தது அம்மாவின் அரசு. இதன் மூலம் ஆண்டுக்கு சராசரியாக 600 அரசு பள்ளி மாணவர்கள் மருத்துவ படிப்புக்கு தேர்வாகின்றனர்.

மாண்புமிகு கழகப் பொதுச் செயலாளர், புரட்சித் தமிழர்,
@EPSTamilNadu அவர்கள்.

#EPSfor2026
#WhereIsOurLaptop",ta,False,False,303,576,39,25,5106,923849866861715456,AIADMK IT WING - SayYesToWomenSafety&AIADMK,AIADMKITWINGOFL,Official Twitter page of AIADMK IT Wing. News and updates from AIADMK.,"Chennai, India",False,True,159570,40,22220,"['EPSfor2026', 'WhereIsOurLaptop']",[],
2001309124022370353,Wed Dec 17 15:10:52 +0000 2025,"I am a Hindu and I do not support DMK. 

Repost if you agree !!! https://t.co/6Bj9CWEPdF",en,False,False,2300,4473,130,37,31795,1260886399089336322,Hinduism_and_Science,Hinduism_sci,प्रज्ञानम् ब्रह्म Turn on notifications 🔔 must | Contact ✉️ - Hinduismandscience1008@gmail.com,India,False,True,131989,1428,9174,[],[],
2001565590989971725,Thu Dec 18 08:09:58 +0000 2025,"அசிங்கமா பேசுற அரசியல் நல்லாவே வரும்! - நடிகர் விஜய்  |
#TVKMeeting #vijayspeech #tnpolitics #erode #vijay #tvkfails #Saattai #tvktroll https://t.co/BzQjmrlCSe",ta,False,False,452,1253,75,10,21852,1039199571988033536,Saattai,SaattaiOnline,சாட்டை - அநீதிகளுக்கு எதிராக சுழற்றுவோம்,,False,False,54798,2,7957,"['TVKMeeting', 'vijayspeech', 'tnpolitics', 'erode', 'vijay', 'tvkfails', 'Saattai', 'tvktroll']",[],
2001553951532159336,Thu Dec 18 07:23:43 +0000 2025,"Vijay’s Erode Rally

Wherever I go in Tamil Nadu, I focus on local issues... I am not against subsidies, but one must understand that nothing comes for free...: TVK chief @actorvijay  (translated by @dharannniii) https://t.co/VSfZsZ09Xe",en,False,False,599,1751,6,4,25746,240649814,TIMES NOW,TimesNow,Breaking news. Bold debates. Unmatched speed. | #TimesNow,India,False,True,9643618,373,1323254,[],[],
2001577363243663515,Thu Dec 18 08:56:45 +0000 2025,"கொளத்தூர் தொகுதி மக்கள் குறைந்த கட்டணத்தில் தங்களது இல்லத் திருமண நிகழ்வுகளை நடத்திக்கொள்ள, அனைத்து வசதிகளும் கொண்ட 'பேரறிஞர் அண்ணா திருமண மாளிகை'யைத் திறந்து வைத்து, 15 இணைகளுக்குத் திருமணம் நடத்தியும் வைத்தேன்!

மேலும், GKM காலனியில் புதிய #ModelSchool கட்டுவதற்கும், பெரியார் நகரில் #அமுதம் அங்காடி கட்டுவதற்கும் அடிக்கல் நாட்டினேன்.

உயர்தர மருத்துவமனை, பூங்கா, #முதல்வர்_படைப்பகம், நூலகம், விளையாட்டு அரங்கங்கள், தரமான மாநகராட்சிப் பள்ளிகள் என அனைத்திலும் BEST-ஆகக் கொளத்தூரை உயர்த்தி இருக்கிறோம்! 234 தொகுதிகளையும் இதேபோல உயர்த்திட உழைத்து வருகிறோம்!

#KolathurVisit",ta,False,False,422,777,37,8,9147,2163039523,M.K.Stalin - தமிழ்நாட்டை தலைகுனிய விடமாட்டேன்,mkstalin,Chief Minister of Tamil Nadu | President of the DMK | Belongs to the Dravidian stock,,False,True,4000735,91,11099,"['ModelSchool', 'அமுதம்', 'முதல்வர்_படைப்பகம்', 'KolathurVisit']",[],
2000806678468657278,Tue Dec 16 05:54:19 +0000 2025,"திராவிட மாடல் ஆட்சியில் நாட்டின் மொத்த உள் மாநில உற்பத்தியில் பெரிய வளர்ச்சிக் கண்டு தனித்துவமாக உயர்ந்து நிற்கிறது தமிழ்நாடு!🌄📈

#RisingTamilNadu https://t.co/YFNuMWRR8o",ta,False,False,460,772,48,76,9285,960781239144730624,DMK IT WING,DMKITwing,Official Information and Technology Wing of Dravida Munnetra Kazhagam - #DMK 🌄 #SocialJustice & #SelfRespect | FOLLOW 👉 https://t.co/VQVqPrYAV5,"Tamilnadu, India",False,True,330127,70,61410,['RisingTamilNadu'],[],
2001565085018526080,Thu Dec 18 08:07:58 +0000 2025,மக்களே அண்ணன் உங்களை மட்டும் தான் நம்பி வந்திருக்காரு❤️🙏🏻 #thalapathyvijay #tvkvijay #tvk #viral https://t.co/jhsgf0Jx0A,ta,False,False,763,2790,14,7,24572,1777575417362165760,Thalapathyin Thozhargal,Thalapathyhq,"தளபதியின் தோழர்கள் அதிகாரப்பூர்வமான கணக்கு | Official Account of TT - Thalapathyin Thozhargal | 

Youtube Link :",Thalapathy NenjilKudiyirukkom,False,True,1889,20,835,"['thalapathyvijay', 'tvkvijay', 'tvk', 'viral']",[],
2001242639669371275,Wed Dec 17 10:46:41 +0000 2025,"President Droupadi Murmu performed darshan and aarti at the Golden Temple, Sripuram, Vellore, Tamil Nadu. She prayed to Goddess Lakshmi for peace, prosperity and happiness of all. https://t.co/1kOHDCdJ6R",en,False,False,892,7327,90,11,75000,885487044243238912,President of India,rashtrapatibhvn,"Official Twitter account of Rashtrapati Bhavan and is run by the President’s Secretariat | Smt Droupadi Murmu, President of India.","New Delhi, India",False,True,27790685,2,17154,[],[],
2001609099323281553,Thu Dec 18 11:02:52 +0000 2025,இடுவாய் மக்களுக்காக போராடிய தலைவர் @annamalai_k அவர்களை கைது செய்துள்ளது இந்த கையாலாகாத திமுக அரசு. https://t.co/gktsXcgU5v,ta,False,False,215,482,9,5,7148,1305370130344341504,Krishna Kumar Murugan,ikkmurugan,"Social, Political & Economics Observer | Believe in Dharma and Karma | Modi | Views Personal",,False,True,71641,694,25177,[],[],
2001117520431046925,Wed Dec 17 02:29:30 +0000 2025,"ஒவ்வொரு சராசரி அரசுப்பள்ளி மாணவனின் கல்விக்கு உறுதுணையாக நின்றது மாண்புமிகு அம்மாவின் அரசு வழங்கிய விலையில்லா மடிக்கணினி.

மாண்புமிகு அம்மா அவர்கள் வழியில், மாண்புமிகு புரட்சித் தமிழர் @EPSTamilNadu அவர்கள் அரசு பள்ளிக் கல்லூரி மாணவர்கள் அனைவருக்கும் லேப்டாப் சென்று சேர்வதை உறுதி செய்தார்கள். 

ஆனால், இன்றைய விடியா ஸ்டாலின் மாடல் அரசு, நான்கரை ஆண்டுகளாக #WhereIsOurLaptop என மாணவர்களை கேட்க வைத்து, அவர்களை வஞ்சித்து, இப்போது தேர்தல் ஆதாயத்திற்காக லேப்டாப் கொடுப்பது போல நாடகம் ஒன்றை அரங்கேற்ற உள்ளனர்.

ஆனால், தேர்தலுக்காக அல்லாமல், உள்ளார்ந்த அன்போடு @AIADMKOfficial அரசு தந்த
#PricelessScheme_AmmaLaptop
என்றும் இளைஞர்கள் வாழ்வில் ஒரு அங்கமாக இருக்கும்!",ta,False,False,471,764,93,51,6171,923849866861715456,AIADMK IT WING - SayYesToWomenSafety&AIADMK,AIADMKITWINGOFL,Official Twitter page of AIADMK IT Wing. News and updates from AIADMK.,"Chennai, India",False,True,159570,40,22220,"['WhereIsOurLaptop', 'PricelessScheme_AmmaLaptop']",[],
2001261656773656696,Wed Dec 17 12:02:15 +0000 2025,"#ClimateChange: Policy, Action – இரண்டிலும் நாட்டுக்கு வழிகாட்டும் தமிழ்நாடு!

துறையின் பெயரிலேயே காலநிலை மாற்றத்தைச் சேர்த்தது தொடங்கி, முன்னெப்போதும் இல்லாத அளவில் 500 கோடி ரூபாயை ஒதுக்கிப் பல இயக்கங்களைச் செயல்படுத்துவது வரை #DravidianModel அரசின் #ClimateChange செயல்பாடுகள்தான் இந்தியாவுக்கு Blueprint! 

2070-க்கு முன்னரே #NetZeroEmission இலக்கை அடைய வேண்டும் என அனைத்து நிலைகளிலும் உழைத்து வருகிறோம்! அதனால்தான் ஐ.நா.வே நம்மைப் பாராட்டியுள்ளது! இது ஒரு நீண்டகாலப் பயணம் என்றபோதிலும், நமது முயற்சிகளின் விளைவாகப் பல உடனடிப் பயன்கள் மூன்றாண்டுகளாகக் கிடைத்து வருகின்றன.

எதிர்காலச் சந்ததியினர் வாழப் பாதுகாப்பான சூழலை உறுதிசெய்ய, தமிழ்நாடு காலநிலை மாற்ற ஆட்சி மன்றக் குழுவின் பரிந்துரைகளைத் தொடர்ந்து செயல்படுத்துவதில் நமது அரசு உறுதியாக உள்ளது!
@TThenarasu @SupriyaSahuIAS

#TamilNaduGoverningCouncilonClimateChange",ta,False,False,915,1873,116,23,23044,2163039523,M.K.Stalin - தமிழ்நாட்டை தலைகுனிய விடமாட்டேன்,mkstalin,Chief Minister of Tamil Nadu | President of the DMK | Belongs to the Dravidian stock,,False,True,4000735,91,11099,"['ClimateChange', 'DravidianModel', 'ClimateChange', 'NetZeroEmission', 'TamilNaduGoverningCouncilonClimateChange']",[],
2001624781112971704,Thu Dec 18 12:05:10 +0000 2025,"மாண்புமிகு கழகப் பொதுச்செயலாளர் புரட்சித் தமிழர் திரு. @EPSTamilNadu அவர்களை 

மாண்புமிகு இலங்கை துணை அமைச்சர் திரு. சுந்தரலிங்கம் பிரதீப் அவர்களும், சென்னையில் உள்ள இலங்கை துணை தூதரக அதிகாரி முனைவர் கணேசநாதன் கேதீஸ்வரன் அவர்களும், மரியாதை நிமித்தமாக நேரில் சந்தித்தனர். https://t.co/xRjlX2GLBJ",ta,False,False,69,168,2,3,1429,2330285072,AIADMK - SayYesToWomenSafety&AIADMK,AIADMKOfficial,Official Twitter page of AIADMK,Tamilnadu,False,True,510690,1,12724,[],[],
2001626380556206582,Thu Dec 18 12:11:32 +0000 2025,"திமுகவின் ஆட்சி அவலங்களை மக்களிடம் கொண்டு சென்று போராடிய மக்கள் தலைவர் அண்ணாமலையார் பாசிச தி.மு.க அரசால் கைது செய்யப்பட்டு இருக்கிறார் 😡😡😡

அண்ணாமலையார் என்ற நெருப்பில் 🔥 திமுக பொசங்கு போவது நிச்சயம் 😡😡😡

@annamalai_k #Annamalai https://t.co/gvYk860zrA",ta,False,False,26,62,2,2,991,90805156,Johny Bhai(அண்ணாமலையின் வார் ரூம்)🇮🇳,Johni_raja,"Follower of Guru NAMO Ji,Proud Hindu, Ayyappa Swamy Devotee,Extreme Patriot,Proud Member Of RSS,Def Enthusiast,Anti DMK","தொண்டை நாடு/வேலூர், Las Vegas ",False,True,31558,4442,243884,['Annamalai'],[],
2001567223291482619,Thu Dec 18 08:16:28 +0000 2025,"திமுக ஒரு தீய சக்தி 

- தலைவர் 

#தீயசக்தி_திமுக https://t.co/OEjn1h1WOp",ta,False,False,1747,4865,56,30,26280,2703383215,CTR.Nirmalkumar,CTR_Nirmalkumar,"C.T.R.Nirmal Kumar BE, LL.B, MA | இணைப் பொதுச் செயலாளர், தமிழக வெற்றிக் கழகம் । Joint General Secretary, Tamilaga Vettri Kazhagam",Chennai,False,True,154721,967,20329,['தீயசக்தி_திமுக'],[],
2001583811898093949,Thu Dec 18 09:22:23 +0000 2025,"தமிழ்நாடு அரசுக்கு சொந்தமான பேருந்துகளில் 🚌 தமிழ்நாடு என்ற பெயர் கொண்ட Sticker ஒட்டியதற்காக நாம் தமிழர் கட்சியினரை காவல்துறை கைது செய்துள்ளது😡

அந்தப் பேருந்துகள் எல்லாம் தமிழ்நாடு அரசுக்கு சொந்தமானது தானே ஸ்டாலின் அப்பன் வீட்டு சொத்து இல்லையே பிறகு ஏன் கைது செய்ய வேண்டும் 🤬 https://t.co/6JV2hOMjff",ta,False,False,202,424,5,0,2217,1219465246911291392,ஐ வலையொளி🐦 மகிழன்,I_Magizhan_21,"தமிழன் || BooK ReadeR || ஆய்வாளன்  || youtuber ||
நெற்றிக்கண்||
ஐ வலையொளி ||

தமிழரின் தாகம் தமிழ் தேசிய தாயகம்",,False,False,48475,638,11666,[],[],
2001505578737381703,Thu Dec 18 04:11:30 +0000 2025,"நூறுநாள் வேலை பார்ப்பவர்கள் கைரேகை பதிவது கட்டாயம்.

ஆனால் பேரழிவை உருவாக்கும் தோரியம் உள்ளிட்ட கனிமங்களை கையாள கார்ப்பரேட்டுகளுக்கு கட்டற்ற சுதந்திரம்.

இரட்டை துயரங்களை இந்திய மக்களின் மீது பாஜக அரசு சுமத்தியுள்ளது.

- மக்களவை விவாதத்தில்

#GraminVBGRAMG
#CorporateLiberty 
#கார்பரேட்சுதந்திரம்
#Parliament
#நாடாளுமன்றம்",ta,False,False,207,475,16,3,5918,1108944147589656579,Su Venkatesan MP,SuVe4Madurai,Member of Parliament (Madurai Constituency). State secretiate Member @TNCPIM. மதிப்புறு தலைவர் @தமுஎகச,"Madurai South, India",False,True,207067,70,6929,"['GraminVBGRAMG', 'CorporateLiberty', 'கார்பரேட்சுதந்திரம்', 'Parliament', 'நாடாளுமன்றம்']",[],
2001592944244199512,Thu Dec 18 09:58:40 +0000 2025,"எவன் என்ன எழுதி கொடுத்தாலும் படிப்பியாடா தற்குறி 

உண்மையிலேயே பெண்கள் பாதுகாப்பா இருக்க மாநிலம் தமிழ்நாடு உண்மையான புள்ளிவிவரம் சொல்லுது இதோ 👇👇 https://t.co/5OYqVGR6CX",ta,False,False,188,386,8,3,4027,244059328,மெட்ராஸ் பையன்,madraspaiyan_,என்றும் ஒரே தல அஜித் 🔥,"Tamil Nadu,",False,True,19549,1514,97732,[],[],
2001568103218713074,Thu Dec 18 08:19:57 +0000 2025,"வீசுற புயலுக்கு வேலி போட முடியாது...🔥

தளபதி ஜெயிக்கிறதை எவராலும் தடுக்க முடியாது...💪🏻

2026- இல் கோட்டையில் சந்திப்போம். நன்றி!!

#TVK | #TVKVijay | #VijaySpeech | #VijayInErode | #TVKInErode | #Erode | #VijayMeeting | #TVKMeeting | #தவெக | #தமிழகவெற்றிக்கழகம் | https://t.co/NKo8dixHJu",ta,False,False,588,1674,28,3,10822,273503438,Arunraaj TVK,arunraajkg,"Doctor, Ex IRS; Humanist.கொள்கை பரப்புப் பொதுச் செயலாளர்- தமிழக வெற்றிக் கழகம். Let's not forget that our potential is infinite.",Chennai,False,True,19082,534,2170,"['TVK', 'TVKVijay', 'VijaySpeech', 'VijayInErode', 'TVKInErode', 'Erode', 'VijayMeeting', 'TVKMeeting', 'தவெக', 'தமிழகவெற்றிக்கழகம்']",[],
2001517657506680863,Thu Dec 18 04:59:30 +0000 2025,"கழகத் தலைவர்-மாண்புமிகு தமிழ்நாடு முதலமைச்சர் @mkstalin அவர்களின் வழிகாட்டுதலில், தலைமைக் கழகத்தின் ஒப்புதலுடன், @dmk_youthwing நிர்வாகிகளுக்கு, சமூக வலைதளப் பயிற்சியளிக்கவும், அவர்களின் சமூக வலைதளம் சார்ந்த பணிகளை ஒருங்கிணைக்கவும், கழக மாவட்டத்துக்கு ஒரு துணை அமைப்பாளரைத் தேர்வுசெய்து வருகிறோம்.

இதற்கென பெறப்பட்ட விண்ணப்பங்களைப் பரிசீலனை செய்து, அதில் தேர்வானவர்களை நேரில் அழைத்து, அவர்கள் ஆற்றிய களப்பணி மற்றும் சமூக வலைதளப் பணிகளை ஆய்வு செய்தோம்.

இந்த நேர்காணல் அடிப்படையிலும், மாவட்டக் கழகச் செயலாளர்களின் பரிந்துரையின் பேரிலும், இளைஞர் அணி மண்டலம்-1-க்கு உட்பட்ட 6 கழக மாவட்டங்களுக்கு, சமூக வலைதள துணை அமைப்பாளர்கள் நியமிக்கப்பட்டுள்ளனர்.

இளைஞர் அணியின் சமூக வலைதள பணிகளை ஒருங்கிணைப்பதற்கென புதிதாக நியமிக்கப்பட துணை  அமைப்பாளர்களின் கழகப் பணி சிறக்க, என் அன்பும் வாழ்த்தும்!

#கழக_இளைஞர்_அணி @Joel_Dmk  @PrabhakarRaja88 @JJEbenezer1 @Prakashbalara01 @raja_anbazhagan @rdmadhankumar  @VanavilVijay",ta,False,False,324,480,70,6,8157,234034661,Udhay - தமிழ்நாட்டை தலைகுனிய விடமாட்டேன்,Udhaystalin,"DMK Youth Wing Secretary | Deputy Chief Minister, Government of Tamil Nadu | MLA, Chepauk - Thiruvallikeni Constituency",,False,True,3616551,615,27529,['கழக_இளைஞர்_அணி'],[],
2001114310236627190,Wed Dec 17 02:16:45 +0000 2025,"அண்ணாமலையார் வெறும் தலைவர் மட்டுமல்ல அவர் தான் எங்களின் பிராண்ட் 🔥🔥🔥

@annamalai_k #Annamalai https://t.co/Xf4KR5fk5J",ta,False,False,164,660,11,5,9835,90805156,Johny Bhai(அண்ணாமலையின் வார் ரூம்)🇮🇳,Johni_raja,"Follower of Guru NAMO Ji,Proud Hindu, Ayyappa Swamy Devotee,Extreme Patriot,Proud Member Of RSS,Def Enthusiast,Anti DMK","தொண்டை நாடு/வேலூர், Las Vegas ",False,True,31558,4442,243884,['Annamalai'],[],
2001574850033520745,Thu Dec 18 08:46:46 +0000 2025,"""வேண்டாம்.. வேண்டாம்.. ஓசி பஸ் வேண்டாம்""னு சொன்னது தவெக தற்குறிங்க😂😂😂

அப்போ தற்குறி விஜய் யாரை திட்டிருக்கான்??🤔🤔🤔

தன்னோடா நண்பா நண்பி தற்குறிகளதான்👌👏🏻👏🏻👏🏻

நீங்களே பாருங்களேன்🙏🙏🙏",ta,False,False,217,504,14,9,7250,3032189814,Surya Born To Win,Surya_BornToWin,Mechanical Engineer | Dravidian Stock | Atheist | Rationalist | Anti-Religion | Anti-Caste | பிறப்பொக்கும் எல்லா உயிர்க்கும் | Tweets are My Personal Views |,"Chennai,TamilNadu,Indian Union",False,True,76966,565,163420,[],[],
2001577568777199703,Thu Dec 18 08:57:34 +0000 2025,"சேலத்தில நாம் தமிழர் கட்சி சார்பாக தொடங்கியது புரட்சி 🔥😎💪

#தமிழ்நாடு வாழ்க💥💥 https://t.co/PPwPo1bAZu",ta,False,False,350,915,3,7,4512,1463927493153333251,plip plip 2.0,samooganidhi,"Political Meme page -  Fun Guarantee 💯

                        Follow for more !","Tamil Nadu, India",False,False,22932,553,57160,['தமிழ்நாடு'],[],
2001542348006940804,Thu Dec 18 06:37:37 +0000 2025,"2026-தேர்தலில் மக்கள் முன் இருக்கும் வாய்ப்பு 👇

@mkstalin #Youth4DMK2026",ta,False,False,121,200,10,5,1363,1157307407384473600,DMK Youth Wing,dmk_youthwing,"The Official DMK Youth Wing, Twitter Account | தி.மு.க. இளைஞர் அணி","Teynampet, Chennai",False,True,174214,211,14700,['Youth4DMK2026'],[],
2001547603251732533,Thu Dec 18 06:58:30 +0000 2025,"ஐயய்யோ ஐயய்யோ மறந்துபோச்சே… மறந்துபோச்சே…  இப்ப நான் என்ன பண்ணுவேன்..  எங்கடா அது? 🤣🤣

இந்த மாதிரி.. இந்த மாதிரி.. இந்த மாதிரி..😂😂

எந்த மாதிரி @actorvijay ? ஒழுங்கா மனப்பாடம் பண்ணக் கூட வக்கில்லாம இங்க வந்து உருளுறது 🤛🏻🤛🏻 @TVKVijayHQ 

#TVK #Erode https://t.co/XQ2cM1zIJr",ta,False,False,440,1182,21,21,25881,348946521,பரம்பொருள்,paramporul,| Belongs to Dravidian Stock | Cathy's Father | #இசைச்சாமி |,"5 விவேகானந்தர் தெரு, துபாய்",False,True,61917,997,253367,"['TVK', 'Erode']",[],
2001608309758136680,Thu Dec 18 10:59:43 +0000 2025,பெரியார் மண்ணில் கடலெனத் திரண்ட மக்களிடையே நம் வெற்றித் தலைவர்! https://t.co/UkJhdU2rqX,ta,False,False,873,2170,11,4,16386,1895335787085897728,TVK IT Wing Official,TVKHQITWingOffl,"தமிழக வெற்றிக் கழகம் - தகவல் தொழில்நுட்ப அணியின் அதிகாரப்பூர்வ பக்கம்
https://t.co/vp0CywhhYL",,False,True,34764,3,998,[],[],
2000907650662539634,Tue Dec 16 12:35:33 +0000 2025,"திருவள்ளூர் மாவட்டம் கொண்டாபுரம் அரசு உயர்நிலைப்பள்ளியில், மதிய உணவு சாப்பிட்டுக் கொண்டிருந்த போது கைப்பிடி சுவர் இடிந்து விழுந்ததில் 7-ம் வகுப்பு படிக்கும் மோகித் என்ற மாணவன் உடல் நசுங்கி உயிரிழந்ததாக வரும் செய்தி மிகுந்த அதிர்ச்சியும் வேதனையும் அளிக்கிறது.

உயிரிழந்த மாணவனின் பெற்றோருக்கு எனது ஆழ்ந்த இரங்கலையும் வருத்தங்களையும் தெரிவித்துக்கொள்கிறேன்.

""கல்வியிற் சிறந்த தமிழ்நாடு"" என்று சினிமா மேடை போல ஒரு மேடை அமைத்து, தனக்கு தானே ஒரு வெற்றுப் பாராட்டு விழா நடத்திய செலவில், அரசுப்பள்ளிகளின் கட்டுமானங்களைப் பராமரிப்பதில் செலவிட்டு இருந்தால், இன்றைக்கு இந்த பரிதாப உயிரிழப்பை நிச்சயம் தவிர்த்திருக்கலாம்.

பள்ளிக் கல்வித் துறையின் அமைச்சராக இருப்பவரோ, இன்னும் ரசிகர் மன்றத் தலைவர் மனநிலையில் இருந்து வெளிவராமல், உதயநிதி பிறந்தநாளைக் கொண்டாடுவதில் செலவிடும் நேரத்தை, தன் துறை சார்ந்த பணிகளில் என்றைக்காவது செலவிட்டு இருக்கிறாரா?

பாழடைந்த அரசுப்பள்ளிக் கட்டுமானங்களால், மாணவர்கள் உயிரோடு விளையாடிக் கொண்டிருக்கும் ஸ்டாலின் மாடல் திமுக அரசுக்கு எனது கடும் கண்டனம்.

உயிரிழந்த மாணவர் மோகித்தின் குடும்பத்தாருக்கு உரிய நிவாரணத்தை உடனடியாக வழங்குவதுடன், அரசுப்பள்ளிகளின் கட்டுமானத்தை போர்க்கால அடிப்படையில் சீர்செய்யுமாறு பொம்மை முதல்வர் @mkstalin-ன் விடியா திமுக அரசை வலியுறுத்துகிறேன்.
@AIADMKOfficial",ta,False,False,975,1552,389,91,21791,973935385557413889,Edappadi K Palaniswami-SayYEStoWomenSafety&AIADMK,EPSTamilNadu,Leader of Opposition - Tamilnadu Legislative Assembly | General Secretary - AIADMK | Former Chief Minister - Tamilnadu,"Tamil Nadu, India",False,True,662219,2,3845,[],[],
2000964760574255226,Tue Dec 16 16:22:29 +0000 2025,"Tamil Nadu Waqf Board claims
'Deepam Pillar belongs to Dargah'

The deepam used to be lit 1000's of years before Islam was born but Secular India will tolerate this farce too.
 https://t.co/uSZfgdPbUd",en,False,False,4163,11509,142,47,75204,1441683373840224264,Kashmiri Hindu,BattaKashmiri,"नमस्ते शारदे देवि काश्मीरपुरवासिनि।
त्वामहं प्रार्थये नित्यं विद्यादानं देहि।।

I shall return to my motherland even if it takes a thousand lifetimes....",In Exile,False,True,232936,1242,62629,[],[],
2001548281546182718,Thu Dec 18 07:01:11 +0000 2025,"Here’s Thalapathy Vijay full speech in Erode 🔥

 https://t.co/rsn2tKyUPv",en,False,False,2430,5994,30,71,82939,730088562,Vijay Fans Trends,VijayFansTrends,"The Official Trends Page for Thalapathy @actorvijay - @tvkvijayhq , Backup Account @VijayTrendsPage",India,False,True,494586,2,93655,[],[],
2001549042845913563,Thu Dec 18 07:04:13 +0000 2025,"#TVK chief #Vijay launches a scathing attack on the #DMK, alleges the ruling party is trying to scuttle his growth in Tamil Nadu politics. https://t.co/2O3hvLb69S",en,False,False,273,1341,20,1,23834,100999112,Shabbir Ahmed,Ahmedshabbir20,"Once a paperboy, now a journalist. Senior News Editor @thenewsminute . Chevening fellow. Opinions expressed here are personal.",Chennai - India ,False,False,126750,7588,103476,"['TVK', 'Vijay', 'DMK']",[],
2001615467853811811,Thu Dec 18 11:28:10 +0000 2025,"நமக்கான காலம்!

தமிழ்நாட்டில் தி.மு.கழகம் ஆட்சி பொறுப்புக்கு வரும் காலம் எல்லாம் மக்களுக்குப் பொற்காலமாக இருக்கும்.

2026ல் திராவிட மாடல் 2.0 ஆட்சி அமைப்போம்! 🌄

#DMK4TN",ta,False,False,56,95,5,2,1166,960781239144730624,DMK IT WING,DMKITwing,Official Information and Technology Wing of Dravida Munnetra Kazhagam - #DMK 🌄 #SocialJustice & #SelfRespect | FOLLOW 👉 https://t.co/VQVqPrYAV5,"Tamilnadu, India",False,True,330127,70,61410,['DMK4TN'],[],
1999302828897206469,Fri Dec 12 02:18:34 +0000 2025,"திமுக போன்று சமூகநீதியை உதட்டளவில் மட்டும் மேடைகளில் பேசும் இயக்கம் அல்ல 

சமூகநீதியை செயல்பாட்டின் மூலம் நிலை நிறுத்தும் மாபெரும் மக்கள் இயக்கம் அஇஅதிமுக!!

அதிமுகவில் ஜாதி கிடையாது மதம் கிடையாது ஏழை பணக்காரன் என்ற பாகுபாடு கிடையாது.

#என்றென்றும்_அதிமுக https://t.co/mbLUgztxV1",ta,False,False,360,647,41,28,6164,923849866861715456,AIADMK IT WING - SayYesToWomenSafety&AIADMK,AIADMKITWINGOFL,Official Twitter page of AIADMK IT Wing. News and updates from AIADMK.,"Chennai, India",False,True,159570,40,22220,['என்றென்றும்_அதிமுக'],[],
2001578467411058843,Thu Dec 18 09:01:08 +0000 2025,"“Ghilli Gypsy"" 🔥

Thalapathy Vijay — goosebumps guaranteed just by the name 💥

#BhaBhaBa #JanaNayagan https://t.co/sGrSqgCyab",en,False,False,1879,8499,20,40,140140,1548605971924398080,Priyamudan Nanbans,PriyamudanNanbs,Kerala's No 1 Fans Welfare Team ✨|Anything For Our Man Thalapathy @actorvijay 👑 | Founder Pratheesh VR - 8921286124,,False,False,2875,10,1908,"['BhaBhaBa', 'JanaNayagan']",[],
2001529137383776281,Thu Dec 18 05:45:07 +0000 2025,"தற்குறி ஒருவருக்கு பாடம் எடுத்திருக்கிறார் கழக உடன்பிறப்பு! 🔥👌

#DMK4TN https://t.co/EAPgLuOaub",ta,False,False,191,420,9,3,2468,2898216534,#DMK4TN,DMK4TN,திமுக ஓர் அரசியல் இயக்கம் மட்டுமல்ல; திராவிட கொள்கைகளுக்காக - தமிழக மக்களுக்காக போராடும் இயக்கம்!,,False,True,110971,312,38451,['DMK4TN'],[],
2001608005805334704,Thu Dec 18 10:58:31 +0000 2025,"#WATCH | “ஒருவாட்டி அவர பேச விடுங்க” -விஜய் குறித்த கேள்விக்கு துணை முதலமைச்சர் உதயநிதி ஸ்டாலின் விமர்சனம்

#SunNews | @Udhaystalin | #TVK | #Vijay https://t.co/2gIGzbdpGt",ta,False,False,309,1387,95,64,64762,1079310252,Sun News,sunnewstamil,"Welcome to Sun News, The Tamil News Channel from Sun TV Network.","Chennai, India",False,True,3022363,28,383215,"['WATCH', 'SunNews', 'TVK', 'Vijay']",[],
2001486264319774778,Thu Dec 18 02:54:45 +0000 2025,"கொரோனா காலத்தில், கடுமையான மன உளைச்சலால் மாணவர்களின் கல்வி பாதிப்படைய கூடாது என்பதற்காக, எனது தலைமையிலான அம்மாவின் அரசு, மாணவர்களுக்கு All Pass வழங்க உத்தரவிட்டது.

மாண்புமிகு கழகப் பொதுச் செயலாளர், புரட்சித் தமிழர் @EPSTamilNadu அவர்கள்.

#EPSfor2026
#WhereIsOurLaptop https://t.co/5btiI9FOy1",ta,False,False,234,394,40,14,3539,923849866861715456,AIADMK IT WING - SayYesToWomenSafety&AIADMK,AIADMKITWINGOFL,Official Twitter page of AIADMK IT Wing. News and updates from AIADMK.,"Chennai, India",False,True,159570,40,22220,"['EPSfor2026', 'WhereIsOurLaptop']",[],
2001549639607291933,Thu Dec 18 07:06:35 +0000 2025,"நாங்கள் என்ன வாயிலே வடை சுட DMK வா 😂
TVK டா 🔥 - @TVKVijayHQ 

திமுக நீங்க செத்தீங்கடா 😂 https://t.co/o4Lb4ruJrV",ta,False,False,372,1241,8,5,9767,1617127366744248320,Sangeetha -TVK✨,sangeet29332013,"தமிழக வெற்றிக் கழக உறுப்பினர்.
பிறப்பொக்கும் எல்லா உயிர்க்கும்!

தவெக சமூக ஊடக பிரிவு சென்னை மண்டல இணை ஒருங்கிணைப்பாளர்.",chennai,False,True,11538,792,41868,[],[],
2001301519581536405,Wed Dec 17 14:40:39 +0000 2025,"2021 சட்டமன்ற பொதுத்தேர்தலின்போது, திமுக-வின் தேர்தல் அறிக்கையில், இன்றைய முதலமைச்சர், அன்றைய எதிர்கட்சித் தலைவர் திரு.@mkstalin 
 திமுக ஆட்சிக்கு வந்தவுடன், 

மகாத்மா காந்தி ஊரக வேலைவாய்ப்பு உறுதி திட்டம் 100 நாட்களிலிருந்து 150 நாட்களாக உயர்த்தப்படும் என்றும், 
மற்றும் ஊதியமும் உயர்த்தப்படும் என்று அறிவித்திருந்தார் . 

மக்களை ஏமாற்றி, வாக்குகளை பெற்று ஆட்சிக்கு வந்த பிறகு, கொடுத்த வாக்குறுதியை இன்றுவரை நிறைவேற்றவில்லை. 

அவர் பதிவிட்டு இருந்த நீண்ட 
 “x” தள பதிவில் 
ஏன் இதை பற்ற எந்த குறிப்பும் இல்லை?

இது போன்ற  பச்சை துரோகத்தை செய்து விட்டு பச்சை துண்டு பற்றி பேச அவருக்கு  என்ன அருகதை இருக்கிறது ?

@arivalayam 

தற்போது, மத்திய அரசு இந்த 100 நாள் வேலை திட்டத்தை 125 நாட்களாக உயர்த்த உத்தேசித்துள்ளதை வரவேற்க்கிறேன். 

எனினும் மகாத்மா காந்தி ஊரக வேலை வாய்ப்பு உறுதி திட்டத்தின் பெயர் எவ்வித மாற்றமுமின்றி தொடர மத்திய அரசை வலியுறுத்துகிறேன்.

@MoRD_GoI",ta,False,,621,1248,111,41,32680,973935385557413889,Edappadi K Palaniswami-SayYEStoWomenSafety&AIADMK,EPSTamilNadu,Leader of Opposition - Tamilnadu Legislative Assembly | General Secretary - AIADMK | Former Chief Minister - Tamilnadu,"Tamil Nadu, India",False,True,662219,2,3845,[],[],
2001547586029896066,Thu Dec 18 06:58:26 +0000 2025,"'ஏ, திமுக அரசே..!'
விஜய் முதல் விஜயதரணி வரை..
கலாய்த்து தள்ளிய ஷாநவாஸ்
விண்ணை முட்டிய கைதட்டல்,
சரவெடி பேச்சு
#MalaiMurasu #MakkalArangam #Debate #Election2026 #AloorShanavas #VCK #TVKVijay #TVKCampaign https://t.co/OgnD8tCQvf",ta,False,False,272,715,60,8,8563,170457916,Aloor Sha Navas,aloor_ShaNavas,"MLA, Nagapattinam Constituency. Deputy General Secretary, VCK. Activist, Orator from Tamil Nadu, India.",Chennai,False,True,318161,176,3393,"['MalaiMurasu', 'MakkalArangam', 'Debate', 'Election2026', 'AloorShanavas', 'VCK', 'TVKVijay', 'TVKCampaign']",[],
2000985178911727842,Tue Dec 16 17:43:37 +0000 2025,திருப்பரங்குன்றம் மலை மீது உள்ள தீபத்தூண் முருகனுக்கு சொந்தம் - தமிழக பாஜக முன்னாள் மாநில தலைவர் திரு.@annamalai_k அவர்கள்! https://t.co/rFZzJ6RYgs,ta,False,False,258,665,27,3,5194,396707695,BJP Tamilnadu,BJP4TamilNadu,Official Twitter Account of Tamil Nadu Unit of Bharathiya Janata Party. தமிழ்நாடு பாரதிய ஜனதா கட்சியின் அதிகாரப்பூர்வ ட்விட்டர் கணக்கு.,"Tamil Nadu, India",False,True,630963,53,55395,[],[],
2001504510964044012,Thu Dec 18 04:07:16 +0000 2025,"Thalapathy reference in #BhabhaBa 💥

Adopted son of Malayalam industry 

 https://t.co/ErkGXNiAY2",en,False,False,2185,7092,26,40,150178,730088562,Vijay Fans Trends,VijayFansTrends,"The Official Trends Page for Thalapathy @actorvijay - @tvkvijayhq , Backup Account @VijayTrendsPage",India,False,True,494586,2,93655,['BhabhaBa'],[],
2001569260754374939,Thu Dec 18 08:24:33 +0000 2025,"யாருங்க தற்கோழி 

யாரு தற்கோழி 😂😂

- தவெக தொண்டர் ஆவேசம் https://t.co/E62HFQnPqZ",ta,False,False,225,514,27,8,8120,2478324450,சிலுவை,SiluvaM_,"மதியாதார் தலைவாசல் மிதியாதே ..!!!

D-Stock 🖤❤ தல தோனி ❤ #DravidianAlgorithm",சென்னை ,False,True,27015,4397,213675,[],[],
2001640591948681340,Thu Dec 18 13:08:00 +0000 2025,"The swag, the rhythm and the effortless grace of Thalapathy Vijay 🕺🏽 

#OruPereVaralaaru 

https://t.co/I9paVefjPh",en,False,False,38,54,1,0,75,730088562,Vijay Fans Trends,VijayFansTrends,"The Official Trends Page for Thalapathy @actorvijay - @tvkvijayhq , Backup Account @VijayTrendsPage",India,False,True,494586,2,93655,['OruPereVaralaaru'],[],
2000549476877078734,Mon Dec 15 12:52:18 +0000 2025,"Pamban is one of the most beautiful and unique places in Tamil Nadu. It is an ecologically sensitive region and a vital livelihood zone for local communities.

Careless acts like these are destroying Pamban’s fragile ecosystem. 

 https://t.co/zjw3qh1WL8",en,False,False,1083,4367,211,96,877359,1536302139105873921,Namma Kovai,NammaCoimbatore,🏁Motorsports Capital of India 💻Tier 2 IT hub of India,Coimbatore,False,True,7889,1329,4433,[],[],
1999315644484059235,Fri Dec 12 03:09:29 +0000 2025,"தமிழ்த் திரையுலகின் அசைக்க முடியாத பேராளுமையாக 50 ஆண்டுகளாக கோலோச்சி வரும் சூப்பர்ஸ்டார் 
திரு. @rajinikanth அவர்களுக்கு எனது இதயங்கனிந்த பிறந்தநாள் நல்வாழ்த்துகள்.

திரையரங்குகளை திருவிழாக் கூடங்களாக மாற்றவல்ல தங்களின் Style Magic ரசிகர்களை மகிழ்விக்கட்டும் பல்லாண்டு!

#HBDSuperstarRajinikanth 
@AIADMKOfficial",ta,False,False,1943,6613,146,60,91259,973935385557413889,Edappadi K Palaniswami-SayYEStoWomenSafety&AIADMK,EPSTamilNadu,Leader of Opposition - Tamilnadu Legislative Assembly | General Secretary - AIADMK | Former Chief Minister - Tamilnadu,"Tamil Nadu, India",False,True,662219,2,3845,['HBDSuperstarRajinikanth'],[],
1998996953435341023,Thu Dec 11 06:03:07 +0000 2025,"பெண் விடுதலை, சமத்துவம், 
தேசிய உணர்வு, மொழிப்பற்று ஆகிய உயர்ந்த கொள்கைகளை தனது எழுத்துக்களால் மக்கள் மனங்களில் விதைத்து, புதிய சிந்தனைகளுக்கு ஒளியூட்டிய விடுதலைச் சிந்தனையாளர்; தாய்மொழியான தமிழின் மகத்துவத்தை உலகம் அறியச் செய்த முண்டாசுக் கவிஞர், மகாகவி பாரதியார் அவர்களின் பிறந்த நாளில், தாய்மொழியையும் தாய்நாட்டையும் உயிரெனக் கொண்டிருந்த அவர்தம் பெரும் புகழை போற்றி வணங்குகிறேன்.
@AIADMKOfficial",ta,False,False,652,1407,168,32,20558,973935385557413889,Edappadi K Palaniswami-SayYEStoWomenSafety&AIADMK,EPSTamilNadu,Leader of Opposition - Tamilnadu Legislative Assembly | General Secretary - AIADMK | Former Chief Minister - Tamilnadu,"Tamil Nadu, India",False,True,662219,2,3845,[],[],
2001545465364398579,Thu Dec 18 06:50:00 +0000 2025,"உங்களுக்கு நீங்க கொள்ளையடித்து வைத்திருக்கும் காசுதான் துணை. ஆனா, எனக்கு எல்லையில்லா பாசம் வைத்திருக்கும் இந்த Mass தான் துணை. - தவெக தலைவர் விஜய் 

#TVK | #Vijay | #DMK https://t.co/6gsNj5qa1c",ta,False,False,656,2364,40,10,24727,28995530,விகடன்,vikatan,இதயம் இணைக்கும் இணையம்!,"Tamilnadu, India",False,True,1132867,16,216733,"['TVK', 'Vijay', 'DMK']",[],
2001553558764949601,Thu Dec 18 07:22:10 +0000 2025,"தீயசக்தி திமுக 
தூயசத்தி தவெக 

: பராசக்தி சி.க

~ எவம்ளே அது https://t.co/5IAQ8j9VF3",ta,False,False,367,2339,42,21,42047,1050277841965735936,Taurus,itz_chillax,Music 🎧 ll Cricket 🏏 || Movies 🍿 || AI 🩷,Dreamland ☔,False,False,22384,4030,352854,[],[],
2001570795798298815,Thu Dec 18 08:30:39 +0000 2025,"ஈரோட்டில் விஜய் செய்தது சம்பவம் அல்ல...

சேலத்தில் நாம் தமிழர் கட்சி செய்யுறது தான் சம்பவம்...

இது தான் ...",ta,True,,305,709,20,2,5451,803297965867679744,சரவணன் (Saravanan),Saravanan_Offci,"தோன்றியதோ முத்து விளையும் தென்பாண்டி கடல்நாடு.கலைதனைப் பயின்றதோ சேர நாடு,காண விரும்புவதோ சோழனின் பொன்னிவள நாடு.
#தமிழ்நாடு_தமிழருக்கே - இரட்டைமலை சீனிவாசன்",,False,False,11073,712,22644,[],[],
2001545910271279558,Thu Dec 18 06:51:46 +0000 2025,This is real - @TVKVijayHQ clearly making this a battle between them &amp; DMK. People in tea shops are glued to TV's &amp; YT like a IPL final https://t.co/oI7l131hRw,en,False,False,178,734,33,3,18369,918383703692161025,Major Madhan Kumar (Retd)🇮🇳,major_madhan,"Veteran ( Indian Army ),
Farmer & Entrepreneur
Geopolitical Analyst & Guest Lecturer
Gen Secy- Youth4nation- TN Chapter
YT: @MajorMadhanKumar 
Nation first 🇮🇳",India ,False,True,44896,370,16498,[],[],
2001343996564852850,Wed Dec 17 17:29:26 +0000 2025,"In Tamil Nadu, the DMK govt has named everything, including infrastructure facilities and government schemes, only after their own ideological leaders. The DMK has never recognized freedom fighters like Bharathiyar, V.O. Chidambaram Pillai, or those who served the cause of Tamil, such as https://t.co/INKDdT1BcX. Swaminatha Iyer.

@AmitShah @BJP4TamilNadu @NainarBJP @blsanthosh",en,False,False,174,427,29,2,6040,4574087053,Vinoj P Selvam,VinojBJP,"BJP, Tamil Nadu.","Chennai, India",False,True,124944,743,13567,[],['http://U.Ve'],
2001600472831135849,Thu Dec 18 10:28:35 +0000 2025,"Must Read!
Very Important!

கடந்த ஐந்து ஆண்டுகளில் 200-க்கும் மேற்பட்ட அரசு பள்ளிகளை திமுக அரசு மூடியதாக விஜய் கூறுகிறார். ஆனால் தமிழ்நாடு அரசின் கல்வித் துறை வெளியிட்டுள்ள UDISE+ தரவுகளின்படி, அதிகாரப்பூர்வ புள்ளிவிவரங்கள் அந்தக் கூற்றை ஆதரிக்கவில்லை.

அரசுத் தரவுகளின்படி, 2019–20 ஆம் ஆண்டில் 37,579 ஆக இருந்த அரசு பள்ளிகளின் எண்ணிக்கை, 2023–24 ஆம் ஆண்டில் 37,672 ஆக உயர்ந்துள்ளது. இதன் மூலம் கடந்த ஐந்து ஆண்டுகளில் தமிழ்நாட்டில் நிகரமாக 93 அரசு பள்ளிகள் கூடுதலாக செயல்பாட்டில் வந்துள்ளன என்பது தெளிவாகிறது.

பத்தாண்டு காலப் போக்கை நோக்கினால், 2016–17 ஆம் ஆண்டில் அதிகபட்சமாக 38,307 அரசு பள்ளிகள் இருந்துள்ளன. அதன் பின்னர் அதிமுக ஆட்சிக்காலத்தில், குறிப்பாக எடப்பாடி பழனிசாமி முதல்வராக இருந்த காலத்தில், பள்ளிகளின் எண்ணிக்கையில் சிறிய சரிவு ஏற்பட்டது. ஆனால் 2020–21 முதல் இந்த எண்ணிக்கை மீண்டும் நிலையான உயர்வை நோக்கி நகர்கிறது.

அரசு வெளியிட்டுள்ள ஆண்டுவாரியான தரவுகள்:

🔹2019–20: 37,579 பள்ளிகள்
🔹2020–21: 37,589 பள்ளிகள்
🔹2021–22: 37,636 பள்ளிகள்
🔹2022–23: 37,658 பள்ளிகள்
🔹2023–24: 37,672 பள்ளிகள்

இந்த எண்ணிக்கைகள், தமிழ்நாடு அரசு கல்வித் துறைக்கு வழங்கும் முக்கியத்துவத்தையும், குறிப்பாக கிராமப்புறம் மற்றும் பின்தங்கிய பகுதிகளில் கல்வி வசதிகளை விரிவுபடுத்தும் முயற்சிகளையும் வெளிப்படுத்துகின்றன. பள்ளிகளின் எண்ணிக்கையை அதிகரிப்பதோடு சேர்த்து, உள்கட்டமைப்பு மேம்பாட்டின் மூலம் அரசுப் பள்ளிகளின் தரமும் தொடர்ச்சியாக உயர்த்தப்பட்டு வருகிறது.

அதற்கான தெளிவான பிரதிபலிப்பாக, 2025–26 கல்வி ஆண்டில் தமிழ்நாடு அரசுப் பள்ளிகளில் சுமார் 4.07 லட்சம் மாணவர்கள் புதிதாக சேர்ந்துள்ளனர். இது கடந்த கல்வி ஆண்டின் (3.2 லட்சம்) சேர்க்கையை விட குறிப்பிடத்தக்க அளவில் அதிகம். அரசுப் பள்ளிகளின் மீதான நம்பிக்கை மீண்டும் வலுப்பெற்று வருவதை இந்த மாணவர் சேர்க்கை உயர்வு உறுதிப்படுத்துகிறது.

மேலும், சில அரசு பள்ளிகள் “மூடப்படுவது” என்பது முழுமையான பள்ளி ஒழிப்பு நடவடிக்கையாகப் பொருள் கொள்ள முடியாது. நீண்ட காலமாக ஒரு மாணவர் கூட சேராத, பூஜ்ஜியச் சேர்க்கை (Zero Enrolment) கொண்ட பள்ளிகள் தற்காலிகமாக மூடப்பட்டு அருகிலுள்ள பள்ளிகளுடன் இணைக்கப்படுவது பல ஆண்டுகளாக நடைமுறையில் உள்ள நிர்வாக செயல்முறைதான்.

ஒரு பக்கம் மாணவர் இல்லாத பள்ளிகள் மூடப்பட்டாலும், மறுபக்கம் மக்கள் நடமாட்டம் உள்ள பகுதிகளில் புதிய பள்ளிகள் திறக்கப்படுவதால் தமிழ்நாட்டில் அரசுப் பள்ளிகளின் எண்ணிக்கை நிலையாகவோ அல்லது அதிகரித்தோ தான் உள்ளது.
அதாவது, இது குறைப்புச் செயல்முறை அல்ல; தேவைக்கு ஏற்ப பள்ளி வலையமைப்பை சீரமைக்கும் நிர்வாக நடவடிக்கை.

அதேபோல், தொடக்கப் பள்ளிகள் நடுநிலைப் பள்ளிகளாகவும், உயர்நிலைப் பள்ளிகள் மேல்நிலைப் பள்ளிகளாகவும் தரம் உயர்த்தப்படும் போது, பழைய வகைப்பாட்டில் பள்ளிகளின் எண்ணிக்கை குறைவாகத் தோன்றலாம்.

மக்கள் தொகை குறைவான பகுதிகள், போக்குவரத்து வசதி குறைந்த மலைக் கிராமங்கள் மற்றும் புதிய குடியிருப்புப் பகுதிகளில் மாணவர்களின் கல்வி உரிமையை உறுதி செய்ய, புதிய தொடக்கப் பள்ளிகள் தொடங்கப்பட்டுள்ளன. 

குறிப்பாக, மலைப் பிரதேசங்கள் மற்றும் புதிதாக உருவான குடியிருப்புகளில் அண்மையில் 13 புதிய அரசு பள்ளிகளை தமிழ்நாடு அரசு தொடங்கியுள்ளது. சில இடங்களில் மாணவர் சேர்க்கை இல்லாத பள்ளிகள் மூடப்பட்டாலும், புதிய பள்ளிகள் தொடங்கப்பட்டதும், பல பள்ளிகள் தரம் உயர்த்தப்பட்டதும் காரணமாக மொத்த எண்ணிக்கை நிகரமாக உயர்ந்துள்ளது.

இன்று தமிழ்நாடு அரசு பள்ளிகளின் எண்ணிக்கையை உயர்த்துவதோடு மட்டுமல்லாமல், உள்ள பள்ளிகளின் தர மேம்பாட்டிலும் அதிக கவனம் செலுத்தி வருகிறது. 

முதலமைச்சரின் காலை உணவுத் திட்டம், அரசுப் பள்ளி மாணவர்களுக்கான 7.5% இடஒதுக்கீடு, ஸ்மார்ட் வகுப்பறைகள் உள்ளிட்ட உள்கட்டமைப்பு மேம்பாட்டு திட்டங்கள் அரசுப் பள்ளிகளை மாணவர்கள் விரும்பும் கல்வி நிலையங்களாக மாற்றி வருகின்றன. 

பள்ளிகளின் எண்ணிக்கையில் ஏற்பட்டுள்ள இந்த சீரான வளர்ச்சியும், மாணவர் சேர்க்கையில் காணப்படும் கணிசமான உயர்வும், அடித்தட்டு மாணவர்களுக்கான கல்வி வாய்ப்பு தொடர்ந்து உறுதி செய்யப்படுவதை தெளிவாக காட்டுகிறது.

இதையெல்லாம் பார்த்து முடிந்தால் யாராவது விஜய்க்கு இந்த அதிகாரப்பூர்வத் தரவுகளை கொடுத்து, அமைதியாக உட்கார வைத்து புரியவைக்கவும். அப்படியும் புரியுமாவென்று தெரியவில்லை. ஏனென்றால் facts-க்கும் fiction-க்கும் உள்ள வித்தியாசம் தெரியாத தற்குறி!",ta,False,False,82,159,10,6,4865,3032189814,Surya Born To Win,Surya_BornToWin,Mechanical Engineer | Dravidian Stock | Atheist | Rationalist | Anti-Religion | Anti-Caste | பிறப்பொக்கும் எல்லா உயிர்க்கும் | Tweets are My Personal Views |,"Chennai,TamilNadu,Indian Union",False,True,76966,565,163420,[],[],
2001559961722405221,Thu Dec 18 07:47:36 +0000 2025,"சீமான் களத்தில் இல்லை, அவரை எதிர்க்க மாட்டோம், அவரை பற்றி பேச மாட்டோம் என மறைமுக விமர்சனம் செய்துள்ளார் விஜய். 

ஆனால் அவ்வளவு நேரம் பெயர் சொல்லி திமுக'வை விமர்சித்ததை விட பெயர் குறிப்பிடாமல் அண்ணன் சீமானை விமர்சித்ததுதான் இன்று பேசுபொருள். 

புரிந்துகொள்ளுங்கள், இந்த ரசிகர்களின் மதிமயங்கிய மோகமும், ஊடகங்களின் விசுவாசத்தையும் கழித்துவிட்டுப் பார்த்தால் சீமான் அண்ணனின் அரை நிமிட பேச்சுக்கு கூட ஈடல்ல நீங்கள்!

#tvkvijay‌ 
#Seeman",ta,False,False,157,495,47,5,13541,1342712840113807364,செ. இன்பா,inbamuthuraji,தமிழன் 😍🔥,,False,True,3150,863,13639,"['tvkvijay\u200c', 'Seeman']",[],
2001575865298321918,Thu Dec 18 08:50:48 +0000 2025,"Watch #TheSouthernView | ""DMK Evil, TVK Pure"": Vijay's Big Political Return After Karur Tragedy

@TMVRaghav @Vasudha156 @DharanVija47684 https://t.co/kcKq8Hnnni",en,False,False,349,788,5,4,11801,37034483,NDTV,ndtv,"Breaking news alerts
Insta https://t.co/QrV2OUie6Q
WhatsApp https://t.co/WriOE8t4rq
Download App: https://t.co/Q2YKIJk45r",India,False,True,17182659,20,1494594,['TheSouthernView'],[],
2001563106162676064,Thu Dec 18 08:00:06 +0000 2025,"ஈரோடு: தவெக தலைவர் விஜய் பரப்புரையை முடித்துவிட்டு கிளம்பியபோது, விஜயமங்கலம் சுங்கச்சாவடி அருகே விஜயின் காரை சூழ்ந்து நின்று தொண்டர்கள்.. கார் நகர்ந்து செல்ல முடியாமல் மெதுவாக சென்றது

#Erode | #TVK | #Vijay https://t.co/rpFpL2fyR4",ta,False,False,1554,5268,29,59,86893,622872390,PttvOnlinenews,PttvNewsX,Puthiya Thalaimurai TV (Tamil: புதிய தலைமுறை டிவி) is a 24x7 live news channel,Chennai,False,True,2748843,1,548091,"['Erode', 'TVK', 'Vijay']",[],
2001581986952155554,Thu Dec 18 09:15:07 +0000 2025,"மற்ற கட்சிகள் நம் கட்சியை பற்றி அவதூறு விமர்சனம் செய்ய ,செய்ய நம் #தவெக கட்சி மக்கள் மத்தியில் மிக பலம் ஆகி கொண்டு இருக்கிறது என்பதற்கு எடுத்துக்காட்டு தான் இன்றைய #ஈரோடு கூட்டம் ❤️‍🔥🔥🔥

Thanks to TVK haters 😍😍 https://t.co/khhd5yQuey",ta,False,False,1060,3311,8,5,28707,2300878962,Vîjäy கழகம்™ 🇪🇸,vj_kazahagam,"தமிழினத்தின் அரசியல் ✍️ 
#Civil_engineer 🏢⛺🏛️🏗️
 👉👉Follow me and I'll follow you back👈👈",Australia,False,True,12901,11316,27217,"['தவெக', 'ஈரோடு']",[],
1999689164158304487,Sat Dec 13 03:53:43 +0000 2025,"பெண்கள் வாழ்வு சிறக்க,  அவர்களின் இலட்சியக் கனவுகளை நோக்கிச் சிறகடிக்க அனைத்து வகையிலும் திராவிட மாடல் அரசு துணை நிற்கிறது. மாண்புமிகு முதலமைச்சர் திரு @mkstalin அவர்கள் எண்ணற்ற மகளிர் நலத்திட்டங்களை செயல்படுத்தி வருகிறார்; இனியும் செயல்படுத்துவார்!

#வெல்லும்_தமிழ்ப்_பெண்கள் https://t.co/0ptRz9Dc2R",ta,False,False,1933,1781,284,353,31576,275172055,DMK,arivalayam,"DMK | Dravida Munnetra Kazhagam|
Ins:-https://t.co/ufUL6xDaFx | 
FB:-https://t.co/8gXqPgYfxS | 
YT:-https://t.co/CucQKnhAkk",Tamil Nadu,False,True,960761,191,64463,['வெல்லும்_தமிழ்ப்_பெண்கள்'],[],
2001580382526021697,Thu Dec 18 09:08:45 +0000 2025,"திமுக எதிர்ப்பை  மேலும் கூர்மைபடுத்தி  உள்ளார் விஜய்🔥 பிரதான அதிமுக  இடத்தை பிடிக்க நெனக்கிறார் களத்தில் இல்லாத BJP எதற்கு எதிர்க்கணும்?? தேர்தல் நெருக்கத்தில்  பாத்துக்கலாம் நெனக்கிறார்  சரியான அரசியல் நோக்கி தான் பயணிக்கிறார்  👍🏾

  Journalist - சபீர் 

@TVKVijayHQ https://t.co/02x0liI9TU",ta,False,False,467,1571,4,1,17780,1755630831463526400,VIJAY VIGNESH 🇪🇦 TVK 🇪🇦,VigneshVic67385,"Engineering ..... from #BLR ❤️ TVK Member 🙋‍♂️ #politics 
  
*பிறப்பொக்கும்  எல்லா உயிர்க்கும் -திருவள்ளுவர் *

(Silence Best Sollution From All Problems 🤗)",Bangalore ,False,True,5128,2028,45076,[],[],
2001542661019439519,Thu Dec 18 06:38:51 +0000 2025,"""நாங்க மாற்றத்தை எதிர்பாக்குறோம்... பேசுறவங்க என்ன வேணா பேசட்டும் ஆனா நாங்க விஜய் அண்ணா கூட தான் இருக்கோம்.."" கொங்கு மண்டலத்திற்கு முதல் முறையாக வருகை தரும் விஜய்.. பெண் தொண்டர் உற்சாக பேட்டி

#Erode | #Vijayamangalam | #TVK | #TVKVijay | #TVKLeaderVijay | #VijayMakkalSanthippu | #PolimerNews",ta,False,False,586,1928,15,4,17689,1943418931,Polimer News,polimernews,Official Twitter handle of Polimer News Channel. Follow to get updated on Top Stories across the World,Chennai,False,True,2217365,254,306853,"['Erode', 'Vijayamangalam', 'TVK', 'TVKVijay', 'TVKLeaderVijay', 'VijayMakkalSanthippu', 'PolimerNews']",[],
2001547848618512574,Thu Dec 18 06:59:28 +0000 2025,நோவ் நீங்க வேற மாதிரி நா💥💪🏻 #thalapathyvijay #thalapathy #tvkvijay #tvk #viral https://t.co/FN1fMMsGa6,ta,False,False,1556,5444,30,16,47332,1777575417362165760,Thalapathyin Thozhargal,Thalapathyhq,"தளபதியின் தோழர்கள் அதிகாரப்பூர்வமான கணக்கு | Official Account of TT - Thalapathyin Thozhargal | 

Youtube Link :",Thalapathy NenjilKudiyirukkom,False,True,1889,20,835,"['thalapathyvijay', 'thalapathy', 'tvkvijay', 'tvk', 'viral']",[],
2001615159647990257,Thu Dec 18 11:26:56 +0000 2025,"இவர் டூப்புப் போட்டு திரையில் நடித்த நடிகன் இல்லை! மக்களின் அன்பைப் பெற்ற தமிழகத்தின் நாளைய நம்பிக்கை 🫰👌 #மல 💪🔥 
#Annamalai 

@annamalai_k https://t.co/86DO4pC1Fj",ta,False,False,107,355,4,0,2806,1148599706,Karthikeyan S 🇮🇳,karthikbjpkarur,Nation First | BJP Karyakarta | #BJP Tamilnadu OBC Morcha Social Media State IN-CHARGE | All Hindu's Are Equal 🕉️ௐ🚩| #2026TN_NDA_Government 💪🇮🇳,"Karur, Tamilnadu, Bharat ",False,True,10721,1612,34613,"['மல', 'Annamalai']",[],
1999813973596590148,Sat Dec 13 12:09:40 +0000 2025,"Kerala Turning towards Bhagwa before Tamil Nadu &amp; Bengal was not in My Agenda for 2025;

Congratulations @BJP4Keralam 🎉 for Superb Electoral Performance and Best Wishes as the Next Decade of Kerala belongs to BJP with this Dedication and Pace 🪷

Jai Bharat 🇮🇳❤️ https://t.co/S1IQySVToK",en,False,False,2457,16460,134,47,255799,1013118530835759104,Nationalist Mumbaikar 🇮🇳™,Ayush_Shah_25,"▪ Proud Indian Nationalist 🇮🇳
▪ Proud Follower of Jainatva ࿗
▪ Jai Maharashtra 🚩
▪ Economy & GeoPolitics 🌍
▪ Mission Mahasatta Bharat 2047 🇮🇳","सोबो, मुंबई, महाराष्ट्र, भारत",False,True,25357,8188,258845,[],[],
2001546704735314388,Thu Dec 18 06:54:56 +0000 2025,"#JUSTIN எதிரிகள் யார் என சொல்லிவிட்டு களத்திற்கு வந்துள்ளதால் அவர்களை
 மட்டும் தான் எதிர்ப்போம் - ஈரோடு பரப்புரைக் கூட்டத்தில் தவெக தலைவர் விஜய் பேச்சு  

#Vijay #TVK #News18Tamilnadu | https://t.co/3v5L32pLWJ https://t.co/XNkgDCkfzb",ta,False,False,32,95,15,4,4958,739042814755901440,News18 Tamil Nadu,News18TamilNadu,"மின்னல் வேகத்தில் பிரேக்கிங் நியூஸ்  #நியூஸ்18தமிழ்நாடு 

News18 Tamil Nadu, Network18 Group caters to News & information to the Tamil viewers.","Chennai, India",False,True,1529989,37,362069,"['JUSTIN', 'Vijay', 'TVK', 'News18Tamilnadu']",['http://News18Tamil.com'],
2001107999738524144,Wed Dec 17 01:51:40 +0000 2025,"#JUSTIN மறக்க முடியாத வரவேற்பு அளித்த 
எத்தியோப்பியாவுக்கு நன்றி
 - பிரதமர் மோடி X தளத்தில் பதிவு 

#PMModi #Ethiopia #India #News18Tamilnadu | https://t.co/3v5L32pLWJ https://t.co/gciz9TVfma",ta,False,False,153,935,6,1,12242,739042814755901440,News18 Tamil Nadu,News18TamilNadu,"மின்னல் வேகத்தில் பிரேக்கிங் நியூஸ்  #நியூஸ்18தமிழ்நாடு 

News18 Tamil Nadu, Network18 Group caters to News & information to the Tamil viewers.","Chennai, India",False,True,1529989,37,362069,"['JUSTIN', 'PMModi', 'Ethiopia', 'India', 'News18Tamilnadu']",['http://News18Tamil.com'],
2001556542169219133,Thu Dec 18 07:34:01 +0000 2025,"மகாத்மா காந்தி தேசிய ஊரக வேலைவாய்ப்பு உறுதித் திட்டத்தை சிதைத்து, பல கோடி கிராமப்புற மக்களின் வாழ்வாதாரத்தை கேள்விக்குறியாக்கும் ஒன்றிய பாஜக அரசின் புதிய சட்ட மசோதாவை கண்டித்து, இந்தியா கூட்டணி கட்சிகளின் நாடாளுமன்ற உறுப்பினர்கள் இணைந்து இன்று நாடாளுமன்றத்தில் நடத்திய போராட்டத்தில் பங்கேற்றபோது.

Participated today in the protest in Parliament by INDIA alliance, opposing the Union BJP government’s new Bill that weakens the Mahatma Gandhi National Rural Employment Guarantee Scheme and threatens the income and food security of crores of rural people.

#DMKinParliament",ta,False,False,145,338,13,3,3825,862799564,Kanimozhi (கனிமொழி),KanimozhiDMK,"மக்களவை உறுப்பினர், துணைப் பொதுச்செயலாளர், திராவிட முன்னேற்றக் கழகம்.   Member of Parliament, Deputy General Secretary, Dravida Munnetra Kazhagam.","Chennai, India",False,True,1074768,23,7448,['DMKinParliament'],[],
2001469351183220862,Thu Dec 18 01:47:33 +0000 2025,"கார்த்திகை குளிரிலும் தளபதியைக் காண குவியும் தொண்டர்கள்💥

 உண்மையான அன்பு எதையும் தியாகம் செய்ய வைக்கும் குளிரையும் பொருட்படுத்தாமல் தளபதிக்காக மட்டுமே😍 https://t.co/s0Vkdx3cze",ta,False,False,279,1173,3,2,7633,875024842814242816,TVK WORLD,TVK_WORLD,#தமிழகவெற்றிக்கழகம்  maintaining by @official_Tvmp Team | Admin - @IM_Back2026,India,False,True,71945,8,7362,[],[],
2001476962003583270,Thu Dec 18 02:17:48 +0000 2025,"காலை 6 மணிக்கு இப்படி ஒரு கூட்டத்தை காசு கொடுத்து கூட திமுக அதிமுக கட்சிகளால் கூட்ட முடியாது  😂😂😂

ஈரோடு வரலாறு இனி #ThalapathyVijay பெயர் இல்லாமல் இல்ல DOT 🔥🔥🔥

பொதுக்கூட்டம் ❌❌
மாநாடு ✅✅

அறிவிக்கப்படாத மினி மாநாடு‼️

@TVKVijayHQ 🥵🥵

https://t.co/ijlcEoTxb0",ta,False,False,266,1060,5,4,8505,1866963858583326724,TVK 𝚂qυα∂💥,TVKVijay24x7,"ɪ'ʟʟ ᴍᴀᴛᴄʜ ʏᴏᴜʀ ʀᴇꜱᴘᴇᴄᴛ, ʙᴜᴛ ɪ'ʟʟ ᴛᴏᴘ ʏᴏᴜʀ ᴅɪꜱʀᴇꜱᴘᴇᴄᴛ
#ᴛᴠᴋ ˢᵒᶜⁱᵃˡ ᴹᵉᵈⁱᵃ ᶜᵒ ᶜᵒ⁻ᴼʳᵈⁱⁿᵃᵗᵒʳ ᵀᴴᴬᴺᴶᴬⱽᵁᴿ &ᵁˢ ᶻᵒⁿᵉ ʙᴀᴄᴋᴜᴘ-@ghilli2004 ᴍᴏᴠɪᴇ ʀᴇᴠɪᴇᴡꜱ @ReelsThirai","Halifax, Nova Scotia (TN68)",False,True,12249,165,13040,['ThalapathyVijay'],[],
1996531329274646841,Thu Dec 04 10:45:37 +0000 2025,திருப்பரங்குன்றம் விவகாரத்தில் திமுக அரசின் கீழ்த்தரமான அரசியல்! https://t.co/Bzbxzoc4pQ,ta,False,False,257,674,31,3,5627,1627576116616765442,En Mann En Makkal,EnMannEnMakkal,"My Land, My People | Official Handle of Thalaivar Thiru K Annamalai’s Yatra | Come, let us ignite a political revolution in Tamil Nadu! | #VendumMeendumModi",Tamilnadu,False,True,31360,9,5803,[],[],
2001578227798856024,Thu Dec 18 09:00:11 +0000 2025,Now I see what DMK is afraid of #TVKVijay 📈🔥 https://t.co/ppCniU5BMD,en,False,False,2282,8942,14,18,58398,1872217044537532416,ᴅʏɴᴀᴍᴏ,jana_Nayagan07,✨️❤️🔥⚡️,,False,False,1064,1390,6753,['TVKVijay'],[],
2001627942527582552,Thu Dec 18 12:17:44 +0000 2025,"திருப்பூர் மாநகரில் சேரும் குப்பையை இடுவாய், சின்னகாளிபாளையம் கிராமத்தில் கொட்ட ஐந்து கிராமங்களை சேர்ந்த மக்கள் எதிர்ப்பு தெரிவித்து வரும் நிலையில், அந்த மக்களுக்கு ஆதரவாக போராட்டத்தில் ஈடுபட்ட நமது முன்னாள் மாநிலத் தலைவர் திரு. @annamalai_k அவர்களை கைது செய்துள்ள ஸ்டாலின் அரசின் செயல் வன்மையாக கண்டிக்கத்தக்கது..!",ta,False,False,69,144,2,0,1085,396707695,BJP Tamilnadu,BJP4TamilNadu,Official Twitter Account of Tamil Nadu Unit of Bharathiya Janata Party. தமிழ்நாடு பாரதிய ஜனதா கட்சியின் அதிகாரப்பூர்வ ட்விட்டர் கணக்கு.,"Tamil Nadu, India",False,True,630963,53,55395,[],[],
2001552580443570192,Thu Dec 18 07:18:16 +0000 2025,"சோசியல் மீடியாவில் அடிச்சதுக்கு ட்ரிகர் ஆகியிருக்கான்யா🤣🤣

#தற்குறி_விஜய்_கழகம் https://t.co/uIVu7Ai0k6",ta,False,False,993,3055,48,24,36918,987884842611167232,ஜீரோ நானே⭕,Anti_CAA_23,பாசிச எதிர்ப்பாளன் | Content Creator | Muslim❤️ | #Alhamdhulillah #FreePalestine🇵🇸,TAMILNADU(INDIA),False,True,38204,6244,163782,['தற்குறி_விஜய்_கழகம்'],[],
2001590665923223697,Thu Dec 18 09:49:37 +0000 2025,"அனைத்திந்திய அண்ணா திராவிட முன்னேற்றக் கழகத்தின் சார்பில் கிறிஸ்துமஸ் பெருவிழா நிகழ்ச்சி.

சிறப்பு வாழ்த்துரை:
மாண்புமிகு கழகப் பொதுச்செயலாளர் புரட்சித்தமிழர்
@epstamilnadu அவர்கள்.

நாள்: 18-12-25 ,
வியாழக்கிழமை.
நேரம்: மாலை 4.30 PM
இடம்: CSI லைட் ஆடிட்டோரியம்.
கீழ்பாக்கம், சென்னை.",ta,False,False,148,223,27,9,1550,923849866861715456,AIADMK IT WING - SayYesToWomenSafety&AIADMK,AIADMKITWINGOFL,Official Twitter page of AIADMK IT Wing. News and updates from AIADMK.,"Chennai, India",False,True,159570,40,22220,[],[],
2001612505169445157,Thu Dec 18 11:16:24 +0000 2025,"களத்தில் தலைவர், சரவெடி.🔥💥

#Annamalai https://t.co/cm6lAoRlRn",ta,False,False,385,1061,6,6,9112,1885955664540729344,ᴋᴀʀᴛʜɪ,TwitzKarthi,Modi’s Vision & Annamalai’s Mission | Anti DMK | Views are Personal.,🇮🇳,False,True,3985,195,4625,['Annamalai'],[],
2000755721810653190,Tue Dec 16 02:31:50 +0000 2025,"""கிலிகேசி"" தர்பார் நடத்தும் பொம்மை முதல்வரும்,

அவரின் ஆணவத்தை கால் மேல் கால் போட்டு, ஊருக்கே காட்டிய ""வெள்ளி சிம்மாசனமும்""!

உங்க கேரக்டரையே புரிஞ்சிக்காம ஓட்டு போட்ட தமிழக மக்கள் தான் பாவம் @mkstalin!

#DMKFailsTN #ByeByeStalin https://t.co/ZOfFOlnXLM",ta,False,False,785,1866,80,52,109800,923849866861715456,AIADMK IT WING - SayYesToWomenSafety&AIADMK,AIADMKITWINGOFL,Official Twitter page of AIADMK IT Wing. News and updates from AIADMK.,"Chennai, India",False,True,159570,40,22220,"['DMKFailsTN', 'ByeByeStalin']",[],
2001566893522440522,Thu Dec 18 08:15:09 +0000 2025,"ஈரோடு மக்கள் சந்திப்பு: விஜய் பதிவிட்ட செல்ஃபி வீடியோ!

#Vijay | #TVKVijay | #DMK | #Erode | #VikatanReels https://t.co/gvLEMPVNYM",ta,False,False,125,375,2,1,3591,28995530,விகடன்,vikatan,இதயம் இணைக்கும் இணையம்!,"Tamilnadu, India",False,True,1132867,16,216733,"['Vijay', 'TVKVijay', 'DMK', 'Erode', 'VikatanReels']",[],
2001624601286283618,Thu Dec 18 12:04:27 +0000 2025,"திமுக அரசின் பாசிச போக்கிற்கு அஞ்சாது பாஜக!

திருப்பூர் மாநகராட்சி குப்பைகளை சின்ன காளிபாளையத்தில் கொட்டி வந்த திமுக அரசை எதிர்த்து ஒரு மாத காலமாக மக்கள் போராட்டம் நடத்தி வந்த நிலையில், இன்று போராட்டத்தில் பங்குபெற வந்த பாஜக தேசிய பொதுக்குழு உறுப்பினரும் தமிழக பாஜகவின் முன்னாள் மாநிலத் தலைவருமான சகோதரர் திரு. @annamalai_k அவர்களையும் பாஜக நிர்வாகிகளையும் ஏவல்துறை கைது செய்திருப்பது வன்மையான கண்டனத்திற்குரியது. 

மக்கள் குடியிருக்கும் பகுதியில் குப்பையை கொட்டி சுகாதார சீர்கேடு ஏற்படுத்தியதோடு போராடும் பொதுமக்கள் மீது தடியடி நடத்திய திமுக அரசுக்கு @BJP4TamilNadu சார்பாக ஏற்கனவே நான் கண்டனம் தெரிவித்திருந்த நிலையில், இன்று மக்கள் போராட்டத்திற்கு பாஜகவின் ஆதரவைத் தெரிவிக்க வந்த தாமரை சொந்தங்களையும் திமுக அரசு கைது செய்திருப்பது அதன் பாசிச போக்கை அடிக்கோடிட்டு காட்டுகிறது. அறவழியில் போராட முயன்ற தலைவர்களை சர்வாதிகார முறையில் அடக்கி ஒடுக்க முனையும் திமுக அரசுக்கு, குப்பைகளை முறையாக அப்புறப்படுத்த திராணியில்லையா? அல்லது மனமில்லையா? 

மொத்தத்தில், பொதுமக்கள் நலனை தூக்கியெறிந்து, பாசிசத்தை மட்டுமே தூக்கிப் பிடிக்கும் @arivalayam அரசு தனது அகங்காரத்தாலேயே வீழும் நாள் தொலைவிலில்லை!",ta,False,,50,141,1,4,2651,914040073766629376,Nainar Nagenthran,NainarBJP,"Member of Legislative Assembly, Tirunelveli | Legislative Party Leader - BJP | State President - TN BJP","Tamil Nadu, India",False,True,95664,156,3795,[],[],
2001517149266022766,Thu Dec 18 04:57:29 +0000 2025,"#Vijay | கோவையில் இருந்து ஈரோடு பொதுக்கூட்டத்திற்கு புறப்பட்ட தமிழக வெற்றிக் கழகத்தின் தலைவர் விஜய்.

#TVK | #TVKVijay https://t.co/5O9LNDyQDI",ta,False,False,171,792,2,2,14160,385331874,Senthilraja R,SenthilraajaR,Journalist | @News18Tamilnadu | Ex Senior Associate Editor - @PTTVOnlineNews |  All Tweets are Personal.. RTs are not endorsement..,Chennai,False,True,12888,1765,5985,"['Vijay', 'TVK', 'TVKVijay']",[],
2001205648286212424,Wed Dec 17 08:19:41 +0000 2025,"நிதர்சனமான உண்மை 💯👇🏻

வேற லெவல்ல பேசுறாரு இந்த மனுஷன் 😍👌🏻🔥

#TVK 
https://t.co/kkVw3uaHyX",ta,False,False,980,3521,12,10,38331,800252397322801152,தளபதி ரிஷி,ThalapathiRISHI,"தளபதி விஜய்-ன் ரசிகன் 😎🔥 Meme creator 🔥 Be yourself because an original is worth than a copy 😎💪🏻
My queen @thalaphathifan 🫶🏻❤️",,False,True,52972,12644,385760,['TVK'],[],
2001560682685501900,Thu Dec 18 07:50:28 +0000 2025,"📊 #NCRB 2023 Report – Crime Against Women (State-wise Rate per lakh population)

 NCRB 2023 Data on Crimes Against Women paints a clear picture of safety across Indian states and Tamil Nadu stands out once again.

While states like
📍 Delhi – 133.6
📍 Telangana – 124.9
📍 Rajasthan – 114.8
📍 Odisha – 112.4
📍 Haryana – 110.3
📍 Kerala – 86.1
📍 Andhra Pradesh – 84.2
📍 Maharashtra – 76.8
📍 West Bengal – 71.3
record higher crime rates (per lakh population)

🌸 #TamilNadu – 23.2
Among the lowest crime rates against women in India, Tamil Nadu once again stands as one of the safest states for women 👩‍🦰✨

According to the NCRB 2023 data, Tamil Nadu recorded 8,943 crimes against women, a 3% decrease from 9,207 cases in 2022. 📉

@NCRBHQ | @tnpoliceoffl",en,False,False,42,125,3,4,3855,1536953531584094208,Tamilnadu Stats,TamilnaduStats,"Evaluating the State of #TamilNadu through available Data, Stories, and Visualizations. 📊 | https://t.co/UV5ywWQjbG",Tamilnadu,False,True,11063,0,248,"['NCRB', 'TamilNadu']",[],
2001530853047013411,Thu Dec 18 05:51:56 +0000 2025,"எங்கள் காளியம்மன் மேல சத்தியமா சொல்லுறோம்... எம்ஜிஆரை போல விஜய்யும் ஆட்சிய புடிப்பார்... அடித்து சொன்ன பாட்டி..!

#Vijay #VijayEntry #Erode #VijayErodeVisit #Vijayamangalam #SaralaiErode #TVK #TVKCampaign #VijayMakkalSanthippu #TVKCandidate #ThalapathyVijay #NewsTamil24x7 https://t.co/o8lot6034F",ta,False,False,894,2961,8,3,17760,1414826926309478418,News Tamil 24x7,NewsTamilTV24x7,"News Channel based in Tamilnadu, India aimed at bringing accurate, elaborate, and fast news across platforms.","chennai, Tamil nadu",False,True,141797,1,233853,"['Vijay', 'VijayEntry', 'Erode', 'VijayErodeVisit', 'Vijayamangalam', 'SaralaiErode', 'TVK', 'TVKCampaign', 'VijayMakkalSanthippu', 'TVKCandidate', 'ThalapathyVijay', 'NewsTamil24x7']",[],
2001556008448201090,Thu Dec 18 07:31:54 +0000 2025,"#TamilNadu | People will never abandon me, says Vijay at #Erode rally
#TVKVijay https://t.co/TRAas8UPFI",en,False,False,280,628,2,0,6115,19519947,Deccan Chronicle,DeccanChronicle,Deccan Chronicle brings you news and views from around the world -- accurate and immediate.,"Hyderabad, India",False,True,119689,219,456538,"['TamilNadu', 'Erode', 'TVKVijay']",[],
2001279255830057419,Wed Dec 17 13:12:11 +0000 2025,"அரசுப்பள்ளி மாணவி To Project Manager!

கீர்த்தி போன்ற எண்ணற்ற ஏழை எளிய மாணவச் செல்வங்களின் வாழ்வை செதுக்கிய #PricelessScheme_AmmaLaptop!

#EPSfor2026 
#WhereIsOurLaptop https://t.co/GUQhWfHaQ2",ta,False,False,395,660,50,31,3996,923849866861715456,AIADMK IT WING - SayYesToWomenSafety&AIADMK,AIADMKITWINGOFL,Official Twitter page of AIADMK IT Wing. News and updates from AIADMK.,"Chennai, India",False,True,159570,40,22220,"['PricelessScheme_AmmaLaptop', 'EPSfor2026', 'WhereIsOurLaptop']",[],
2012727167004639336,Sun Jan 18 03:22:05 +0000 2026,"TVK கூட்டணியில் @TTVDhinakaran மற்றும் @OfficeOfOPS விரைவில் இனைவார்கள் என @KASengottaiyan தகவல் 🔥🔥🔥

@TVKVijayHQ #TVKForTN https://t.co/X3nb8HnhRN",ta,False,False,204,931,18,3,24709,1866963858583326724,TVK 𝚂qυα∂💥,TVKVijay24x7,"ɪ'ʟʟ ᴍᴀᴛᴄʜ ʏᴏᴜʀ ʀᴇꜱᴘᴇᴄᴛ, ʙᴜᴛ ɪ'ʟʟ ᴛᴏᴘ ʏᴏᴜʀ ᴅɪꜱʀᴇꜱᴘᴇᴄᴛ
#ᴛᴠᴋ ˢᵒᶜⁱᵃˡ ᴹᵉᵈⁱᵃ ᶜᵒ ᶜᵒ⁻ᴼʳᵈⁱⁿᵃᵗᵒʳ ᵀᴴᴬᴺᴶᴬⱽᵁᴿ &ᵁˢ ᶻᵒⁿᵉ ʙᴀᴄᴋᴜᴘ-@ghilli2004 ᴍᴏᴠɪᴇ ʀᴇᴠɪᴇᴡꜱ @ReelsThirai","Halifax, Nova Scotia (TN68)",False,True,13201,175,15069,['TVKForTN'],[],
2012755410688913483,Sun Jan 18 05:14:19 +0000 2026,"நான்கரை ஆண்டுகள் அஇஅதிமுக திட்டங்களுக்கு ஸ்டிக்கர் ஒட்டி வருவதை மட்டுமே ஒரே வேலையாக வைத்துவிட்டு, இப்போது ""காப்பி அடிக்கிறாங்க மிஸ்"" என்று அஇஅதிமுக-வைப் பார்த்து சிறுபிள்ளைத்தனமாக திமுக அமைச்சர்கள் அழுவதைப் பார்த்தால் சிரிப்பு தான் வருகிறது.

எது ஒரிஜினல்? எது காப்பி?

அம்மா மருந்தகம் ஒரிஜினல்- முதல்வர் மருந்தகம் காப்பி!

அம்மா மினி கிளினிக் ஒரிஜினல்- மக்களைத் தேடி மருத்துவம் காப்பி!

தாலிக்கு தங்கம் ஒரிஜினல்- அதை உல்டா செய்தது தானே புதுமைப் பெண் திட்டம்?

இப்படி அடுக்கிக் கொண்டே போனால், திமுக அரசு செய்ததாக சொல்வது எல்லாமே, அஇஅதிமுக திட்டங்களின் Cheap Copy தான்!

மக்கள் நலத் திட்டங்களுக்கு எப்போதுமே OG சொந்தக்காரங்க நாங்க தான்!

ஒரு குடும்பம் கொள்ளையடிக்க மட்டுமே திட்டம் போட்டு திருடும் திமுக கூட்டத்திற்கு இதெல்லாம் எப்படி தெரியும்?

மகளிருக்கு நேரடியாக நன்மைகள் சேர வேண்டும், அதுவும் பணமாக சேரவேண்டும் என்பதற்காக தான் தாலிக்கு தங்கம் திட்டத்தின் அடுத்த பரிணாமமாக பொங்கல் பரிசு திட்டத்தை நிறைவேற்றியது அஇஅதிமுக அரசு. அதன் அடுத்த கட்டமாக தான் 2021 தேர்தல் அறிக்கையில், மாதந்தோறும் மகளிருக்கு ரூ. 1500/- என அறிவித்தோம்!

மாண்புமிகு புரட்சித்தமிழர் @EPSTamilNadu சாதனைகளுக்கு ரிப்பன் வெட்டிய ""டூப்"" முதல்வர் ஸ்டாலினின் அரசு, வேறென்ன செய்து கிழித்தது?

திமுக அரசின் மாதம் ஆயிரம் ரூபாயே, அண்ணன் #எடப்பாடியார் அவர்களின் தொடர் வலியுறுத்தலுக்கு பிறகு, 28 மாதம் லேட்டா தானே ஸ்டாலின் அரசு கொடுத்தது? அதையும் இன்று வரை, சொன்னபடி அனைத்து மகளிருக்கும் கொடுக்கிறதா? தகுதி எனக் கூறி தமிழக மகளிரை இழிவு படுத்திய அரசை பெண்கள் மறந்துவிடுவார்களா?

அஇஅதிமுக தேர்தல் வாக்குறுதிகளைப் பற்றிப் பேசும் இந்த அமைச்சர்கள் யாரென்று பார்த்தால்,

ஒருவர் ஒட்டுண்ணி ரகுபதி. வாய்ப்பு ஒன்று வந்தால், தான் கட்டியிருக்கும் வேட்டியை கழற்றி விட்டு, வேறொரு வேட்டிக்கு தாவி, வானத்தைப் பார்த்து துப்பிக் கொள்ளக் கூட தயங்காத இந்த ரகுபதி எல்லாம் தேர்தல் வாக்குறுதிகளைப் பற்றி பேசலாமா?

இன்னொருவர் டி.ஆர்.பி. ராஜா. பாக்ஸ்கான் துணை கம்பெனி என்று சட்டமன்றத்திலேயே கம்பி கட்டும் கதையெல்லாம் உருட்டியவர் தானே இவர்? ""ஆளும் வளரணும், அறிவும் வளரணும், அது தான்டா வளர்ச்சி..."" என்ற புரட்சித் தலைவரின் பாடல் வரிகள் தான் நினைவுக்கு வருகிறது.

மாண்புமிகு @EPSTamilNadu அவர்கள் ஒரு வாக்குறுதி அளித்தால், அது செயலில் நடக்கும் என்று மக்களுக்கு நன்றாகத் தெரியும் என்பது திமுக-வினருக்கே தெரியும். அதனால் தான் இவ்வளவு வயிற்றெச்சல்!

நல்லா கதறுங்க அமைச்சர் சார்-களே...
இன்னும் 2 மாசம் தான்! 
Tic Toc Tic Toc... 

#EPSfor2026
#ByeByeStalin",ta,False,,139,208,28,10,2077,923849866861715456,AIADMK IT WING - SayYesToWomenSafety&AIADMK,AIADMKITWINGOFL,Official Twitter page of AIADMK IT Wing. News and updates from AIADMK.,"Chennai, India",False,True,160778,40,22626,"['எடப்பாடியார்', 'EPSfor2026', 'ByeByeStalin']",[],
2012724779703312508,Sun Jan 18 03:12:36 +0000 2026,"எங்கே சென்றாலும் மக்கள் உண்மையை புரிந்து கொண்டு எதிர்த்து விரட்டுகிறார்கள். இவர்கள் மட்டும் இன்னும் “TVK. Tvk  (தீ வைக்க, தீ வைக்க) என்று கதறிக் கொண்டிருக்கிறார்கள்! https://t.co/L0HtVT93JD",ta,False,False,298,852,60,11,17290,1863452126200094720,Vaishnavi,vaishnavi_cbe,திராவிட முன்னேற்றக் கழகம் | Trustee at ButterflyCharitableTrust | School Outreach Educator & Young politician |,Coimbatore ,False,True,25616,51,1276,[],[],
2012386415611666828,Sat Jan 17 04:48:04 +0000 2026,"The blatant injustice meted out to the Avila Convent School Band from Coimbatore in the South Zone School Band Competition at Hyderabad is highly condemnable. 

A team that was officially declared FIRST in the Brass Band (Girls) category, given certificates and trophy, has now been arbitrarily pushed to third place through a alleged backdoor “re‑result”, without any transparency or notice to the school or students.

This blatant manipulation of results raises serious questions about the conduct of the organisers and the role of the Telangana Government, under whose watch the original results were cancelled and a new list issued after “expert review” that mysteriously downgraded Avila Convent, Tamil Nadu. Such conduct is an insult to the hard work, discipline and merit of our daughters who won fair and square on the field.

The Government of TN cannot remain a mute spectator when our team, which legitimately earned the right to represent the State, is being denied its place in the National School Band Competition to be held on 24th January in Delhi. 

It is the duty of the TN Govt to immediately intervene with the Telangana Govt & other authorities to restore Avila Convent’s rightful position.

The Telangana Govt must ensure complete transparency, publish the basis of this so‑called re‑evaluation, and guarantee that the original winners are not sacrificed to backroom lobbying, if any. 

The young girls of Avila Convent have made Tamil Nadu proud; now it is the Govt of Tamil Nadu's responsibility to stand by them and ensure they march in Delhi with their heads held high.",en,False,False,1437,4723,60,16,70754,61121030,K.Annamalai,annamalai_k,அறம் செய்ய விரும்பு. BJP Karyakartha.,India,False,True,1011790,886,18286,[],[],
2012721553004429634,Sun Jan 18 02:59:47 +0000 2026,"During election time, DMK is planning to create fights between Thala and Thalapathy fans and use it to for gain votes. 

Even if we fight among ourselves, AK's support is only for TVK, and Thala fans are also going to vote only for TVK. 

VIJAY × AK 🫂♥️&gt;
https://t.co/5mVYXwpAW5",en,False,False,181,799,82,36,17936,993408059325255680,KERALA VIJAY FANS CLUB,KVFC_Official,Dawning from kerala to Eulogize Samrat @actorvijay ! Stay connected with kerala strongest Thalapathy Vijay's Online Promotion Team - #KVFC.,kerala 🌴,False,True,99487,121,21199,[],[],
2012746128694145473,Sun Jan 18 04:37:26 +0000 2026,அதிமுக  வட சென்னை முன்னாள் மாவட்ட செயலாளர் VS. பாபு  தவெக வில்  ஐயா  @KASengottaiyan  முன்னிலையில் இணைந்தார் விரைவில் தலைவர் @TVKVijayHQ  சந்தித்து  கட்சியில் 2000 பேர்  இணைப்பதாக கூறியுள்ளார் 👍🏾 https://t.co/pbEZ1M8tI9,ta,False,False,252,884,2,1,12706,1755630831463526400,VIJAY VIGNESH 🇪🇦 TVK 🇪🇦,VigneshVic67385,"Engineering ..... from #BLR ❤️ TVK Member 🙋‍♂️ #politics 
  
*பிறப்பொக்கும்  எல்லா உயிர்க்கும் -திருவள்ளுவர் *",Bangalore ,False,True,5301,2035,46593,[],[],
2006421311636275680,Wed Dec 31 17:44:52 +0000 2025,நியாயத்தைக் கேட்கும் பாஜக பெண் கவுன்சிலரை ஒருமையில் பேசி அவமானப்படுத்தும் அராஜக திமுக கவுன்சிலர்! https://t.co/NHy8YYIjJ0,ta,False,False,543,1297,24,7,17522,1627576116616765442,En Mann En Makkal,EnMannEnMakkal,"My Land, My People | Official Handle of Thalaivar Thiru K Annamalai’s Yatra | Come, let us ignite a political revolution in Tamil Nadu! | #VendumMeendumModi",Tamilnadu,False,True,31408,9,6153,[],[],
2012735255170658725,Sun Jan 18 03:54:14 +0000 2026,"ஆதமங்கலம் புதூர் மஞ்சுவிரட்டில் #TVK TVK என கோஷமிட்ட மக்கள் 🤯🔥 

திமுககாரன் செம்ம காண்டுல இருக்கான் போல எதும் செய்ய முடியாம 😂 
#TVKforTN https://t.co/7yNWPGhr12",ta,False,False,280,876,1,2,7006,1866396922862604288,𝐓𝐕𝐊 𝐃𝐢𝐧𝐬𝐡𝐮,TVK_Dinshu,Hills💚 #Cyberophile | Loyal to @actorvijay ♥️ | BGMI : 5223975779,"Sholinganallur, Chennai ",False,False,3995,614,38952,"['TVK', 'TVKforTN']",[],
2012141319070564704,Fri Jan 16 12:34:08 +0000 2026,"The people of Mumbai have spoken with crystal clarity! The historic victory of the Mahayuti alliance in the BMC elections is a resounding endorsement of development-first governance. 

From the grassroots of local bodies to the halls of the parliament, this is the Triple Engine that delivers real, tangible development for every citizen. While the opposition trafficked in divisive narratives aimed at fragmenting the people, Mumbai chose unity, progress, and inclusive growth.

Extending my heartfelt congratulations to Maharashtra CM Thiru @Dev_Fadnavis avl and Dy CM Thiru @mieknathshinde avl, karyakarthas of BJP and leaders of the Mahayuti Alliance for this astounding victory. Under our Hon. PM Thiru @narendramodi avl’s visionary central policies and the brilliant state administrators, Mumbai is setting benchmarks in infrastructure, urban development, and citizens' welfare. The people have rewarded this governance with their vote.

The opposition was banking on the failed strategy of dividing Mumbaikars along linguistic and regional lines, a 20th-century relic the people soundly rejected. While our NDA government talks about development infrastructure, jobs, and growth, the opposition clung to an archaic narrative of regional animosity. Mumbaikars chose substance over divisiveness.

@AmeetSatam @BJP4Mumbai @Shivsenaofc",en,False,False,3653,20757,346,47,216866,61121030,K.Annamalai,annamalai_k,அறம் செய்ய விரும்பு. BJP Karyakartha.,India,False,True,1011790,886,18286,[],[],
1998302155212820851,Tue Dec 09 08:02:15 +0000 2025,அரசு வேலைக்கு லஞ்சம்! திமுக ஆட்சியில் தொடரும் மெகா ஊழல்! https://t.co/f700e3OOuY,ta,False,False,158,411,7,2,3345,1627576116616765442,En Mann En Makkal,EnMannEnMakkal,"My Land, My People | Official Handle of Thalaivar Thiru K Annamalai’s Yatra | Come, let us ignite a political revolution in Tamil Nadu! | #VendumMeendumModi",Tamilnadu,False,True,31408,9,6153,[],[],
2012704121439297578,Sun Jan 18 01:50:31 +0000 2026,"பாவம் டா அந்த ஆளு, இப்படி நெஞ்ச புடிச்சிட்டு உட்கார வச்சிட்டீங்களே..😂😂😂

#TVK #JanaNayagan @TVKVijayHQ https://t.co/ZWfe9eTW5q",ta,False,False,567,2352,16,5,47532,1314086899368095745,Ꮮᴇɢᴇɴᴅᵀⱽᴷ,LegenD_AK_tweet,"TVK🇪🇸 Virtual Warriors WING, தல ரசிகன் தளபதி தொண்டன்🫶 ,Ajith Kumar Racing Fanclub🏎️(Chemist👨‍🔬, Quality Control🥼⚗️🧪)",Malaysia,False,False,3408,2366,8543,"['TVK', 'JanaNayagan']",[],
2007402047415661046,Sat Jan 03 10:41:58 +0000 2026,"As the season arrives, our beloved Bull sets off on a two-month journey, taking part in various Jallikattu events across the region.

With pride in our hearts and a tinge of sadness, we gave him a warm send-off from our farm today. 

Will shall now eagerly wait for his glorious return!",en,False,False,1426,7793,91,16,88116,61121030,K.Annamalai,annamalai_k,அறம் செய்ய விரும்பு. BJP Karyakartha.,India,False,True,1011790,886,18286,[],[],
2008825238595990004,Wed Jan 07 08:57:13 +0000 2026,"திருப்பூர் பெருமாநல்லூரில் குமரன் குன்று முருகப் பெருமான் கோவிலை இடித்து தன் ‘திராவிட மாடல் கடமை’யை செய்யும் திமுக அரசு ! 

சொரணை கெட்ட தமிழ் சமூகம் தமிழகத்தில் இரண்டாம் தர குடிமக்களாக இருப்பதைக் கூட உணராமல் உள்ளோம் ! https://t.co/d8H3cdNxYR",ta,False,False,1265,2662,127,33,43080,428095455,Ashvathaman Allimuthu,asuvathaman,"State Secretary TN BJP, founder Project TamilAi, founder Integral Humanism Foundation, Partner Ashvathaman Associates, director-ledge & law, Director-DEFFO TECH","Tamil Nadu, India",False,True,99593,419,8057,[],[],
1996254748459299117,Wed Dec 03 16:26:35 +0000 2025,"சொரணையுள்ள தமிழன் எவனும் …

@blsanthosh @MenonArvindBJP @ReddySudhakar21 @NainarBJP @KesavaVinayakan @annamalai_k https://t.co/gvqBCq2WWt",ta,False,False,949,3275,733,149,213098,428095455,Ashvathaman Allimuthu,asuvathaman,"State Secretary TN BJP, founder Project TamilAi, founder Integral Humanism Foundation, Partner Ashvathaman Associates, director-ledge & law, Director-DEFFO TECH","Tamil Nadu, India",False,True,99593,419,8057,[],[],
1991855588020732176,Fri Nov 21 13:05:53 +0000 2025,"தமிழ் எப்படி தமிழர்களுக்கு சொந்தமான மொழியோ, அதேபோல சமஸ்கிருதமும் தமிழர்களுக்கு சொந்தமான மொழியே ! 

@narendramodi @AmitShah @rajnathsingh @nsitharaman @AshwiniVaishnaw

@blsanthosh @MenonArvindBJP @ReddySudhakar21 @NainarBJP @KesavaVinayakan @annamalai_k https://t.co/WIUFG5z4LS",ta,False,False,241,735,435,79,76617,428095455,Ashvathaman Allimuthu,asuvathaman,"State Secretary TN BJP, founder Project TamilAi, founder Integral Humanism Foundation, Partner Ashvathaman Associates, director-ledge & law, Director-DEFFO TECH","Tamil Nadu, India",False,True,99593,419,8057,[],[],
2007842575273890022,Sun Jan 04 15:52:28 +0000 2026,"கொடுத்த வாக்குறுதி பட்டியலில் குறைவான வாக்குறுதிகளை மட்டுமே நிறைவேற்றிய அரசு ஒன்று உண்டென்றால் அது தமிழகத்தில் உள்ள திமுக அரசு தான்.

தமிழகத்தில் தமிழக பெண்கள் தாய்மார்களின் பாதுகாப்பிற்கு எந்த உத்திரவாதமும் இல்லை. தமிழக அரசுக்கு ஒரே ஒரு எண்ணம் தான். அது ஸ்டாலின் மகன் உதயநிதியை முதல்வர் ஆக்கவேண்டும் என்பது தான்.

நான் இன்று தமிழக மக்களுக்கு இதை கூற வந்துள்ளேன். தமிழகத்தில் நடந்து வரும் குடும்ப அரசியலை ஒழித்துக்கட்ட நேரம் வந்துவிட்டது - 'தமிழகம் தலை நிமிர தமிழனின் பயணம்' யாத்திரை நிறைவு விழாவில் உரையாற்றிய நமது மாண்புமிகு உள்துறை அமைச்சர் திரு @AmitShah அவர்கள்.",ta,False,False,897,2837,56,8,26062,61121030,K.Annamalai,annamalai_k,அறம் செய்ய விரும்பு. BJP Karyakartha.,India,False,True,1011790,886,18286,[],[],
2006346755684839566,Wed Dec 31 12:48:37 +0000 2025,"மகிழ்ச்சிகரமான புத்தாண்டு தருணத்தில், அனைவருக்கும் இதயங்கனிந்த அன்பான நல்வாழ்த்துக்கள்! 2026-ஆம் ஆண்டின் விடியல், புதுப்பிக்கப்பட்ட நம்பிக்கையையும், புதிய வாய்ப்புகளையும், வலுவான உறுதியையும் உருவாக்கி, நமது வாழ்க்கையை மகிழ்ச்சி, நல்ல ஆரோக்கியம் மற்றும் செழிப்புடன் நிரப்பட்டும். ஒற்றுமையையும் சமூக நல்லிணக்கத்தையும் நிலைநிறுத்துவதற்கும், நிலையான மற்றும் அனைவரையும் உள்ளடக்கிய வளர்ச்சியடைந்த பாரதத்தை உருவாக்குவதற்காக ஒன்றிணைந்து முன்னேறவும் நமது கூட்டுறுதியை மீண்டும் உறுதிப்படுத்திக் கொள்வோம்.
#புத்தாண்டு2026",ta,False,False,58,312,29,2,3391,1449331892537348096,"LOK BHAVAN, TAMIL NADU",lokbhavan_tn,"Official Twitter Account of Lok Bhavan, Tamil Nadu.","Lok Bhavan, Chennai",False,True,82506,146,6299,['புத்தாண்டு2026'],[],
1997853030952374518,Mon Dec 08 02:17:35 +0000 2025,"சொங்கியா இருப்பதைவிட சங்கியா இருந்துட்டு போறோம் போங்கடா ! 

இதுதான் இப்போது தமிழகம் சொல்கிற வார்த்தை ! https://t.co/QNm6V08VlS",ta,False,False,382,1292,58,5,9675,428095455,Ashvathaman Allimuthu,asuvathaman,"State Secretary TN BJP, founder Project TamilAi, founder Integral Humanism Foundation, Partner Ashvathaman Associates, director-ledge & law, Director-DEFFO TECH","Tamil Nadu, India",False,True,99593,419,8057,[],[],
2012447581356667388,Sat Jan 17 08:51:07 +0000 2026,"கடந்த 2021 ஆம் ஆண்டு தேர்தலில், ஜல்லிக்கட்டு காளைகளை வளர்ப்போருக்கு ஊக்கத்தொகையாக, மாதம் 1000 ரூபாய் வழங்கப்படும் என்று வாக்குறுதி கொடுத்தார் முதலமைச்சர் திரு @mkstalin அவர்கள். ஆகா, தமிழ்ப் பண்பாட்டை ஊக்குவிக்கப் போகிறார் என்று அனைவரும் நினைத்தோம். ஆட்சிக்கு வந்து ஐந்து ஆண்டுகள் கடந்து விட்டன. இதுவரை, ஒரு ரூபாய் கூடக் கொடுக்கவில்லை. இந்த நிலையில் இன்று, மாடுபிடி வீரர்களுக்கு அரசு வேலையில் முன்னுரிமை கொடுக்கப் போகிறோம் என்று மற்றுமொரு ஏமாற்று அறிவிப்பை வெளியிட்டிருக்கிறார் முதலமைச்சர் திரு @mkstalin. 

ஏற்கனவே, ஜல்லிக்கட்டு காளைகள் வளர்ப்பவர்கள் ஒவ்வொருவருக்கும், இந்த ஐந்து ஆண்டுகளில், கொடுக்கப்பட வேண்டிய சுமார் ₹60,000 ஊக்கத்தொகை எப்போது வருமென்று தெரியவில்லை. இப்படி தொடர்ந்து வெற்று வாக்குறுதிகள் கொடுத்து யாரை ஏமாற்றலாம் என்று எண்ணிக் கொண்டிருக்கிறார் முதலமைச்சர் என்பது தெரியவில்லை.

முதலமைச்சர் திரு @mkstalin அவர்களுக்குப் பிடித்த ""பேரு பெத்த பேரு, தாக நீலு லேது"" என்ற தெலுங்குப் பழமொழி, திமுகவின் தேர்தல் வாக்குறுதிகளுக்கு முழுமையாகப் பொருந்தும்.",ta,False,False,1003,2700,77,24,62076,61121030,K.Annamalai,annamalai_k,அறம் செய்ய விரும்பு. BJP Karyakartha.,India,False,True,1011790,886,18286,[],[],
2011942634571337753,Thu Jan 15 23:24:38 +0000 2026,"விஜய் கிட்ட என்ன இருக்கு ஏன் மக்கள் வாக்களிக்கணும்??

ஆனந்த்ஜித் - C-R-E-D-I-B-L-I-T-Y 

My Man is PURE GOLD 💥💥💥
@TVKVijayHQ #TVKForTN https://t.co/klyvXZQKYF",ta,False,False,1090,3727,17,3,43778,1866963858583326724,TVK 𝚂qυα∂💥,TVKVijay24x7,"ɪ'ʟʟ ᴍᴀᴛᴄʜ ʏᴏᴜʀ ʀᴇꜱᴘᴇᴄᴛ, ʙᴜᴛ ɪ'ʟʟ ᴛᴏᴘ ʏᴏᴜʀ ᴅɪꜱʀᴇꜱᴘᴇᴄᴛ
#ᴛᴠᴋ ˢᵒᶜⁱᵃˡ ᴹᵉᵈⁱᵃ ᶜᵒ ᶜᵒ⁻ᴼʳᵈⁱⁿᵃᵗᵒʳ ᵀᴴᴬᴺᴶᴬⱽᵁᴿ &ᵁˢ ᶻᵒⁿᵉ ʙᴀᴄᴋᴜᴘ-@ghilli2004 ᴍᴏᴠɪᴇ ʀᴇᴠɪᴇᴡꜱ @ReelsThirai","Halifax, Nova Scotia (TN68)",False,True,13201,175,15069,['TVKForTN'],[],
2012721497291563461,Sun Jan 18 02:59:34 +0000 2026,"தமிழ்நாட்டு மக்களால அமைச்சரான @KN_NEHRU ஏன் இங்க இருக்க கோயிலுக்கு காசு கொடுத்து சோறு போடக்கூடாதா? திருப்பதில தான் போடணுமா?  சங்கரன்கோவில் சட்டமன்ற தொகுதியில் நேற்று நான் பேசியதில் ஒரு பதிவு! 

@TVKVijayHQ | @BussyAnand 
#தமிழகவெற்றிக்கழகம்‌ https://t.co/OtL0Pctlao",ta,False,False,385,1065,8,2,9560,2820227904,TVK Ramesh,RameshOffcl,"மாநில ஒருங்கிணைப்பாளர்,  ஊடகம் மற்றும் செய்தித் தொடர்பு அணி
- தமிழக வெற்றிக் கழகம்.",Chennai,False,True,28163,2510,13136,['தமிழகவெற்றிக்கழகம்\u200c'],[],
2011857125312770465,Thu Jan 15 17:44:51 +0000 2026,"Indigo CAPTAIN : நாளைக்கு படத்துக்கு போகலாம்னு இருந்தேன், ஆன படம் Release ஆகலேயே.. 💔🥹

#JanaNayagan | #Pongal2026 https://t.co/xmGWJdNga3",ta,False,False,1439,6774,7,1,81674,1014133190993170432,Prakash Vijay,PrakazVijay_Of,"Online Promoter Of @ActorVijay 💼 | HD, UHD, Enlarge, 4K Stills Portal 🛍️ | @JustinBieber World 🌍 | Cinema Lover 🎞️🎥 | Account Handled By Admins 🧑🏻‍💻","Chennai, India",False,False,13432,241,327718,"['JanaNayagan', 'Pongal2026']",[],
2012147127028449398,Fri Jan 16 12:57:13 +0000 2026,"The people of Maharashtra have given a decisive verdict! The Mahayuti alliance’s sweeping success in the local body polls is a powerful mandate for purposeful, performance-driven governance.

From villages to metro cities, people’s trust in the triple-engine leadership stands testimony to a politics rooted in progress, not baseless divisive propaganda.

Congratulations to Hon. CM of MH, Thiru @Dev_Fadnavis, under whose dynamic leadership, governance has been redefined at every level and to all karyakarthas of @BJP4Maharashtra. Guided by Hon. PM Thiru @narendramodi avl’s transformative vision, Maharashtra is fast emerging as a global powerhouse.

@RaviDadaChavan @Shivsenaofc",en,False,,4098,23174,381,39,311730,61121030,K.Annamalai,annamalai_k,அறம் செய்ய விரும்பு. BJP Karyakartha.,India,False,True,1011790,886,18286,[],[],
2011854348276638180,Thu Jan 15 17:33:49 +0000 2026,"இந்தாளு அசிங்க படுறதுக்கே போயிருக்காரு 😹🤣🤣
#தீயசக்தி_திமுக https://t.co/eJUjwIHCrZ",ta,False,False,182,519,3,5,8192,1671584699905638400,TVK Virtual Warriors HQ,TVKWarriorsHQ,"The Official Virtual Warriors Team for Thalaivar

@TVKVijayHQ |

TVK - #தமிழகவெற்றிக்கழகம்

|#TVKVijay | பிறப்பொக்கும் எல்லா

உயிர்க்கும்",tamilnadu,False,True,6071,12,7540,['தீயசக்தி_திமுக'],[],
2011696164371058864,Thu Jan 15 07:05:15 +0000 2026,பொங்கலோ பொங்கல்! https://t.co/dlnvnuqrPS,ta,False,False,2788,21941,379,39,179557,61121030,K.Annamalai,annamalai_k,அறம் செய்ய விரும்பு. BJP Karyakartha.,India,False,True,1011790,886,18286,[],[],
2012738715563729121,Sun Jan 18 04:07:59 +0000 2026,திரும்பும் திசை எங்கும் தவெக 🔥 https://t.co/O31Le7hQ6x,ta,False,False,339,1291,3,1,7136,1866396922862604288,𝐓𝐕𝐊 𝐃𝐢𝐧𝐬𝐡𝐮,TVK_Dinshu,Hills💚 #Cyberophile | Loyal to @actorvijay ♥️ | BGMI : 5223975779,"Sholinganallur, Chennai ",False,False,3995,614,38952,[],[],
2011014714441306453,Tue Jan 13 09:57:25 +0000 2026,"Qualifications of @annamalai_k:
12th: 94%
BEng: 84%
UPSE rank: 244
CAT score: 99.32
PGDM: IIM Lucknow
Chevening Fellow: Oxford
Superintendent of Police
Deputy Commissioner of Police
State President, Tamil Nadu BJP

Qualifications of @AUThackeray:
Dynast. https://t.co/X2Tbtx86BY",en,False,False,14008,44136,1987,401,1083910,1344897174,Anand Ranganathan,ARanganathan72,Author: Land of the Wilted Rose; Love and Honour; Rat Eater; Soufflé; Hindus in Hindu Rashtra. Consulting Editor: Swarajya. RT ≠ Endorsement,,False,True,1357861,2036,2395,[],[],
2009592993716781466,Fri Jan 09 11:48:00 +0000 2026,"கல்வியில் சிறந்த தமிழ்நாடு என்று தம்பட்டம் அடித்து விட்டு, கல்வி சொல்லிக் கொடுக்கும் ஆசிரியர்களை வஞ்சிக்கும் திமுக அரசு! https://t.co/fTX5WyHms5",ta,False,False,143,138,1,8,1238,1627576116616765442,En Mann En Makkal,EnMannEnMakkal,"My Land, My People | Official Handle of Thalaivar Thiru K Annamalai’s Yatra | Come, let us ignite a political revolution in Tamil Nadu! | #VendumMeendumModi",Tamilnadu,False,True,31408,9,6153,[],[],
2012691659578888624,Sun Jan 18 01:01:00 +0000 2026,"DMK is opposing Navodaya school because Navodaya is giving seats only for Brahmins, SC, ST people. BC and MBC students cant join due to ""New reservation"", says DMK Speaker Prasanna.

Spreading lies in open stage is the reason why DMK is getting whopped all around India.💀 https://t.co/cTvehot883",en,False,False,496,1869,29,13,41216,1213203837118369793,Sanghi Prince 🚩,SanghiPrince,"Pravinraj | 28 | Unapologetic Hindu | State Secretary, Social Media, @BJP4Tamilnadu | Compiler of the scheme book “Modi's NEW INDIA” | WA 9488989026","India, TamilNadu, Namakkal",False,True,55332,1412,113066,[],[],
2008840527152844878,Wed Jan 07 09:57:58 +0000 2026,"Running away from questions is all you have done for the last 6 years. Unlike you, I have answered the accusations aimed at me propagated by vicious elements like you and have not run away from them. 

And FYKI, this news was initially published by Tamil News Channels, which were on the ground as witnesses to the incident. 

The people of our State want to know what stopped your alliance from fulfilling your election promise of 150 days of work under the VB G-RAM-G (MGNREG) Scheme. 

If these are not running away from questions, what is? 

Will you label these people as drunk as well?",en,True,False,1961,5429,86,29,159045,61121030,K.Annamalai,annamalai_k,அறம் செய்ய விரும்பு. BJP Karyakartha.,India,False,True,1011790,886,18286,[],[],
2012749881987739942,Sun Jan 18 04:52:21 +0000 2026,"TVK🇪🇸 மஞ்சுவிரட்டு போட்டி🐂🔥

📍தர்மபுரி #TVK https://t.co/4BFUkG8QOp",ta,False,False,153,618,4,1,4576,1314086899368095745,Ꮮᴇɢᴇɴᴅᵀⱽᴷ,LegenD_AK_tweet,"TVK🇪🇸 Virtual Warriors WING, தல ரசிகன் தளபதி தொண்டன்🫶 ,Ajith Kumar Racing Fanclub🏎️(Chemist👨‍🔬, Quality Control🥼⚗️🧪)",Malaysia,False,False,3408,2366,8543,['TVK'],[],
2007842870649356607,Sun Jan 04 15:53:38 +0000 2026,"ஐந்து வருஷத்தில் ஐந்தாயிரம் ரூபாய் கொடுத்துவிட்டு எங்க தல மேல 2.5 லட்சம் கடன் சுமையை ஏற்றி இருக்கிறது திமுக அரசு - @annamalai_k

அரசியலில் மக்கள் பிரச்சனையை தரவுகளோடு சாமானிய மக்களுக்கு புரியும்படி பேசுவதற்கு அண்ணாமலையாரை விட்டால் வேற ஆள் இல்லை. 🔥🔥🔥

வைகோ,சீமான், மாதிரி இங்க பிரச்சனைகளைப் பற்றி பேசி உசுப்பேத்த நிறைய அரசியல் தலைவர்கள் இருந்தாங்க இருக்காங்க ஆனால் பிரச்சனையுடன் தீர்வையும் வைத்துக்கொண்டு எதார்த்த அரசியல் செய்ய உங்க அண்ணாமலையார் மட்டும் தான் இருக்காரு 🔥🔥🔥

இனிமேலாவது மத்திய தலைமை நல்ல முடிவுகளை மட்டுமே எடுக்கும் என்ற நம்பிக்கையுடன் வழக்கம்போல் காத்திருக்கும் ஒரு சாதாரண பாஜக ஆதரவாளர். 🙏

#Annamalai #TNWelcomesAmitShah",ta,False,False,421,1091,15,2,34347,90805156,Johny Bhai(அண்ணாமலையின் வார் ரூம்)🇮🇳,Johni_raja,"Follower of Guru NAMO Ji,Proud Hindu, Ayyappa Swamy Devotee,Extreme Patriot,Proud Member Of RSS,Def Enthusiast,Anti DMK","தொண்டை நாடு/வேலூர், Las Vegas ",False,True,31703,4442,245473,"['Annamalai', 'TNWelcomesAmitShah']",[],
2011833008299573414,Thu Jan 15 16:09:01 +0000 2026,"இந்தாள் என்னடா படிச்சிருக்கான் ?! 

லேப்டாப்ல Wallpaper மாத்தலான்ற அறிவு கூட தெரியாதா 😆

#தீயசக்தி_திமுக https://t.co/y88DJQufSJ",ta,False,False,350,1187,23,4,21492,633760630,BOSS TVK ❤️💛❤️,BossTVK,"சமூக ஊடக அணி வேலூர் மண்டல இணை ஒருங்கிணைப்பாளர் |
பிறப்பொக்கும் எல்லா உயிர்க்கும் |மதசார்பற்ற சமூகநீதி|
#TVK  | என்றும் தலைவர் விஜய் வழியில்|
அரசியல் பழகு",Tamilnadu,False,False,4840,565,9996,['தீயசக்தி_திமுக'],[],
2011481425703305480,Wed Jan 14 16:51:58 +0000 2026,"அண்ணா என்று சொன்னாலே மக்களுக்கு அதிமுக தான் நினைவுக்கு வரும். ஈவேரா என்றால் தான் திமுக நினைவுக்கு வரும். 

எப்படி திமுக காசு போட்டு பராசக்தி படம் எடுத்து அதிமுகவுக்கு ப்ரோமோஷன் செய்யுறாங்கனு தெர்ல!?

@blsanthosh @NainarBJP @KesavaVinayakan https://t.co/nptrmUnlba",ta,False,False,215,785,62,3,12092,428095455,Ashvathaman Allimuthu,asuvathaman,"State Secretary TN BJP, founder Project TamilAi, founder Integral Humanism Foundation, Partner Ashvathaman Associates, director-ledge & law, Director-DEFFO TECH","Tamil Nadu, India",False,True,99593,419,8057,[],[],
1998747710783193390,Wed Dec 10 13:32:43 +0000 2025,"மகாகவி சுப்பிரமணிய பாரதியாரின் பிறந்தநாள் நாடு முழுவதும் பாரதிய மொழிகள் தினம் ஆக கொண்டாடப்படும் நிலையில், பள்ளி மற்றும் கல்லூரி மாணவர்களுக்கான மாநில அளவிலான மூன்றாம் பதிப்பு கட்டுரைப் போட்டியின் முடிவுகளை தமிழ்நாடு மக்கள் மாளிகை பெருமையுடன் அறிவிக்கிறது.

இந்திய மொழியியல் பன்முகத்தன்மையை வளர்த்தெடுப்பதன் மூலமும், இளைஞர்களிடையே இந்தியாவின் நீடித்த ஆன்மிகம் மற்றும் கலாசார பாரம்பரியத்தை வளர்த்தெடுப்பதன் மூலமும் மகாகவி பாரதியாரின் எழுச்சியூட்டும் மரபைக் கொண்டாட மக்கள் மாளிகை மேற்கொள்ளும் முயற்சியே இந்த வருடாந்திரப் போட்டியாகும்.

அனைத்து பங்கேற்பாளர்களின் உற்சாகமான பங்கேற்புக்காக மனமார்ந்த வாழ்த்துக்கள் மற்றும் வெற்றியாளர்களுக்கு சிறப்பு பாராட்டுகள்.

#மகாகவிபாரதியார் #பாரதியமொழிகள்தினம் #ஒரேபாரதம்உன்னதபாரதம் #போட்டி #ஆளுநர்ரவி #மக்கள்மாளிகைதமிழ்நாடு",ta,False,False,53,222,9,1,2199,1449331892537348096,"LOK BHAVAN, TAMIL NADU",lokbhavan_tn,"Official Twitter Account of Lok Bhavan, Tamil Nadu.","Lok Bhavan, Chennai",False,True,82506,146,6299,"['மகாகவிபாரதியார்', 'பாரதியமொழிகள்தினம்', 'ஒரேபாரதம்உன்னதபாரதம்', 'போட்டி', 'ஆளுநர்ரவி', 'மக்கள்மாளிகைதமிழ்நாடு']",[],
1995857614958461385,Tue Dec 02 14:08:31 +0000 2025,"கார்த்திகை தீபத் திருநாளில், எனது அனைத்து சகோதரிகளுக்கும், சகோதரர்களுக்கும் மனமார்ந்த வாழ்த்துக்கள்.

அருணாசலேஸ்வரரின் தெய்வீக சுடரொளி, இருளை அகற்றி, நம் மனதை ஞானத்தால் ஒளிரச் செய்து, கருணை, நல்லொழுக்கம் மற்றும் ஒற்றுமையின் நீதிசார் பாதையில் நம்மை வழிநடத்தட்டும்.

இந்த பிரகாசமான பண்டிகை ஒவ்வொரு வீட்டிலும் நம்பிக்கையைத் தூண்டட்டும், நமது சமூகத்தில் நல்லிணக்கத்தை வளர்க்கட்டும், புதுப்பிக்கப்பட்ட வலிமை, நல்ல ஆரோக்கியம், நேர்மறை சக்தி ஆகியவற்றை நமக்கு அருளட்டும். அமைதியான மற்றும் வளமான பாரதத்தை கட்டியெழுப்புவதற்கான நமது பொதுவான உறுதிப்பாட்டை ஆழப்படுத்தட்டும்.
#கார்த்திகைதீபம்",ta,False,False,364,1567,31,5,17064,1449331892537348096,"LOK BHAVAN, TAMIL NADU",lokbhavan_tn,"Official Twitter Account of Lok Bhavan, Tamil Nadu.","Lok Bhavan, Chennai",False,True,82506,146,6299,['கார்த்திகைதீபம்'],[],
2009896628631810402,Sat Jan 10 07:54:32 +0000 2026,"திமுக கொடுத்த தேர்தல் வாக்குறுதிகள் குறித்து, முதலமைச்சர் திரு @mkstalin,  ஒவ்வொரு வாரமும், ஒவ்வொரு சதவீத கணக்கைக் கூறி வருகிறார். ஆனால் பகுதி நேர ஆசிரியர்கள், தங்களுக்குக் கொடுத்த தேர்தல் வாக்குறுதியை அவருக்கு நினைவூட்ட, வாக்குறுதி எண் 181-ஐ, நெற்றியில் எழுதிப் போராடும் நிலைக்குத் தள்ளப்பட்டிருக்கிறார்கள்.

கடந்த 2016 தேர்தலிலேயே, பகுதி நேர ஆசிரியர்களுக்குப் பணி நிரந்தரம் செய்வோம் என்று தேர்தல் வாக்குறுதியாகக் கொடுத்து, அவர்கள் போராட்டத்துக்கு நேரில் சென்று ஆதரவளித்த அப்போது எதிர்க்கட்சியாக இருந்த முதலமைச்சர் திரு @mkstalin,   ஆட்சிக்கு வந்த பிறகு அவர்களை முற்றிலுமாகப் புறக்கணித்து வருகிறார். 

கடந்த ஐந்து ஆண்டுகளாக, 10% வாக்குறுதிகளைக் கூட முழுமையாக நிறைவேற்றாமல், அடுத்த தேர்தலுக்கு வாக்குறுதி அளிக்க, தனது தங்கை தலைமையில் குழு அமைத்திருக்கிறார் முதலமைச்சர் திரு @mkstalin. திமுக தமிழக மக்களை எத்தனை ஏளனமாகப் பார்க்கிறது என்பதற்கு இது ஒரு எடுத்துக்காட்டு. 

திமுகவின் நம்பிக்கை மோசடிக்கு, 2026 தேர்தலில் தமிழக மக்கள் உரிய பதிலடி கொடுப்பார்கள்.",ta,False,False,692,1790,24,6,20515,61121030,K.Annamalai,annamalai_k,அறம் செய்ய விரும்பு. BJP Karyakartha.,India,False,True,1011790,886,18286,[],[],
1989946440018526413,Sun Nov 16 06:39:37 +0000 2025,"Dear @RahulGandhi,

In the 2026 Tamil Nadu election campaign, please don’t disappear to Thailand, Bangkok, or England.
Do come to Tamil Nadu and campaign — it will greatly help ensure a BJP–NDA victory.

@narendramodi @AmitShah @rajnathsingh @nsitharaman @AshwiniVaishnaw

@blsanthosh @MenonArvindBJP @ReddySudhakar21 @NainarBJP @KesavaVinayakan @annamalai_k",en,False,False,330,1628,108,12,29328,428095455,Ashvathaman Allimuthu,asuvathaman,"State Secretary TN BJP, founder Project TamilAi, founder Integral Humanism Foundation, Partner Ashvathaman Associates, director-ledge & law, Director-DEFFO TECH","Tamil Nadu, India",False,True,99593,419,8057,[],[],
1998747757906112837,Wed Dec 10 13:32:55 +0000 2025,"On the eve of Mahakavi Subramania Bharathiar’s birth anniversary, celebrated nationwide as Bharatiya Bhasha Diwas, Lok Bhavan, Tamil Nadu, proudly announces the results of the third edition of the State-Level Essay Competition for school and college students.

This annual competition is Lok Bhavan’s initiative to celebrate Mahakavi Bharathiar’s inspiring legacy by fostering India’s linguistic diversity and nurturing India’s enduring spiritual and cultural heritage among the youth.

Heartiest congratulations to all participants for their enthusiastic participation and special congratulations to the winners. 

#MahakaviBharathiar #BharatiyaBhashaDiwas #EkBharatShreshtaBharat #Competition #GovernorRavi #LokBhavanTN",en,False,False,41,146,2,0,2287,1449331892537348096,"LOK BHAVAN, TAMIL NADU",lokbhavan_tn,"Official Twitter Account of Lok Bhavan, Tamil Nadu.","Lok Bhavan, Chennai",False,True,82506,146,6299,"['MahakaviBharathiar', 'BharatiyaBhashaDiwas', 'EkBharatShreshtaBharat', 'Competition', 'GovernorRavi', 'LokBhavanTN']",[],
2011838255034220582,Thu Jan 15 16:29:52 +0000 2026,திருவல்லிக்கேணி நடுக்குப்பம்  பகுதி யில் மீனவர் அணி சார்பில் தவெக கோலம். @BussyAnand @Chepauktvk_offl @TVKVijayHQ https://t.co/m4x2k1sDZY,ta,False,False,166,1005,1,0,7258,1510509374183075841,Chepaukdilip tvk,rkdiliptvk,"வழக்கறிஞர் R.திலீப்குமார் 
மாவட்டக் கழகச் செயலாளர்
சென்னை மத்திய தெற்கு தமிழக வெற்றிக் கழகம்.சேப்பாக்கம் திருவல்லிக்கேணி தொகுதி.",,False,False,1930,106,1039,[],[],
2011825365212414182,Thu Jan 15 15:38:39 +0000 2026,"விஜய் அவர்கள் 70 வயதில் நடிப்பதை விட்டுவிட்டு வரவில்லை PEAK-ல இருக்கும்போது வந்திருக்கார்.. அதுவும் இனிமே நடிக்க மாட்டேன்னு வந்திருக்கார்..

இவரை மாதிரி யாரும் வந்ததில்லை.. https://t.co/7Nm0IgnV7i",ta,False,False,90,303,5,1,3175,875024842814242816,TVK WORLD,TVK_WORLD,#தமிழகவெற்றிக்கழகம்  maintaining by @official_Tvmp Team | Admin - @Eniyavan_offi26,India,False,True,72496,9,8047,[],[],
2011786216652620151,Thu Jan 15 13:03:05 +0000 2026,"வர வர Debate லாம் பார்த்தா 
DMK Ruling party ahh!! இல்ல TVK Ruling party ahh Nae தெரியலையே பா !! 🤔... வெறும் TVK மட்டும் கெத்தா DMK kuu opposition Voice கொடுக்குது மத்ததெல்லாம் TVK vae பார்த்து தொகுருது, நடுங்குது 🔥💪💥 இனிமே இப்படிதான் எங்கள சுத்தி தான் இங்க அரசியலே 
இயங்கணும் 💯
#TVKVijay #TVKForTN #தமிழகவெற்றிக்கழகம்",ta,False,False,296,1069,11,1,22757,2864466552,𝐓𝐯𝐤_𝐓𝖍𝖆𝖓𝖎𝖌𝖆,Thanigaronald,"Thalapathy Fan🤩 
TVK Virtual Warrior|வடசென்னை வடக்கு மாவட்ட தகவல் தொழில்நுட்ப அணி இணை ஒருங்கிணைப்பாளர் 🙎
பிறப்பொக்கும் எல்லா 
உயிர்க்கும்❤️💛","Tamil Nadu, India",False,False,2475,1835,22250,"['TVKVijay', 'TVKForTN', 'தமிழகவெற்றிக்கழகம்']",[],
1987540095868829886,Sun Nov 09 15:17:40 +0000 2025,"Glad to see increased participation by our youth in events like Ironman 70.3 which was held in Goa today. Such events contribute towards #FitIndia movement. Congratulations to everyone who took part. Delighted that two of our young Party colleagues, Annamalai and Tejasvi Surya are among those who have successfully completed the Ironman Triathlon.

@annamalai_k 

@Tejasvi_Surya",en,False,False,10494,83295,2048,312,5071961,18839785,Narendra Modi,narendramodi,Prime Minister of India,India,False,True,106079264,2681,49297,['FitIndia'],[],
1995437493903372417,Mon Dec 01 10:19:06 +0000 2025,"‘ஆளுநர் மாளிகை, தமிழ்நாடு’ என்பது ‘மக்கள் மாளிகை, தமிழ்நாடு' எனப் பெயர் மாற்றம்.
செய்தி வெளியீடு எண்: 43

#செய்திவெளியீடு #மக்கள்மாளிகை #ஆளுநர்ரவி https://t.co/J9wdDXVtqn",ta,False,False,256,814,58,16,14042,1449331892537348096,"LOK BHAVAN, TAMIL NADU",lokbhavan_tn,"Official Twitter Account of Lok Bhavan, Tamil Nadu.","Lok Bhavan, Chennai",False,True,82506,146,6299,"['செய்திவெளியீடு', 'மக்கள்மாளிகை', 'ஆளுநர்ரவி']",[],
2005119013668749690,Sun Dec 28 03:30:00 +0000 2025,ஸ்டாலின் ஆட்சிக்கு வந்தால் தமிழ்நாடு இனி தாங்காது என்று உண்மையை உரக்கச் சொல்லும் சாமானியர்! https://t.co/XRCVOUeRix,ta,False,False,82,136,0,2,1320,1627576116616765442,En Mann En Makkal,EnMannEnMakkal,"My Land, My People | Official Handle of Thalaivar Thiru K Annamalai’s Yatra | Come, let us ignite a political revolution in Tamil Nadu! | #VendumMeendumModi",Tamilnadu,False,True,31408,9,6153,[],[],
1999154715968569412,Thu Dec 11 16:30:01 +0000 2025,"ஆளுநர் ரவி அவர்கள், பாரதியார் மண்டபத்தில் நடைபெற்ற பாரதிய மொழிகள் தின கொண்டாட்டங்களில் உரையாற்றியபோது, பாரத மொழிகள் எவ்வாறு பாரதத்தை ஒரே தேசமாக வளப்படுத்தியுள்ளன என்பதை அடிக்கோடிட்டுக் காட்டினார். ஆயிரக்கணக்கான ஆண்டுகளாக இந்த மொழிகள் ஒன்றுக்கொன்று தொடர்பைக்கொண்டும், வளப்படுத்தியும், நமது நாகரிக பாரம்பரியத்தை தடையின்றி இணைத்து ஆழப்படுத்தி வருகின்றன என்று அவர் குறிப்பிட்டார்.

நமது சுயத்தையும் அடையாளத்தையும் அழிக்கும் நோக்கில், பிரிட்டிஷ் காலனித்துவ ஆட்சி நமது மொழிகளை இடைவிடாமல் இலக்கு வைத்தது—அவற்றை வெறும் ""வட்டார மொழிகள்"", அதாவது அடிமைகளின் பேச்சு என்று இழிவுபடுத்தியது. மகாகவி பாரதியார் போன்ற மாபெரும் ஆளுமைகள் இத்தகைய முயற்சிகளை எதிர்த்து உறுதியாக நின்று, பாரத மொழிகளின் பெருமையை நிலைநிறுத்திப் பேணிக்காத்தனர்.

துரதிருஷ்டவசமாக, சுதந்திரத்துக்குப் பிறகு பிற்போக்குத்தனமான அரசியல், போலி தடங்கல்களை ஏற்படுத்தி, பல நூற்றாண்டுகளாக நமது சமூகங்களை இணைத்து வந்த மொழிகளைத் தவறாகப் பயன்படுத்தி, நமது அற்புதமான மொழி பன்முகத்தன்மையை பிளவுகளாக மாற்றியது. பிரதமர் திரு @narendramodi அவர்களின் பாரதிய மொழிகள் தினத்தைக் கொண்டாடும் முன்முயற்சி, மொழிகளின் உண்மையான பிணைப்புப் பாத்திரத்தை மீட்டெடுத்திருக்கிறது—இது புதிய பாரதத்தின் தேசிய உணர்வையும் நாகரிக பெருமையையும் புத்துயிர் பெறச் செய்கிறது.

நாம் 'வேற்றுமையில் ஒற்றுமை' என அழைப்பது, உண்மையில் ஒரே ஒருமையின் பல்வேறு வெளிப்பாடுகளே என்று ஆளுநர் ரவி குறிப்பிட்டார். மெக்காலேயின் 1835 ஆம் ஆண்டு மொழி ஏகாதிபத்திய திட்டத்தின் இரு நூற்றாண்டுகள் நிறைவடையும் 2035-ஆம் ஆண்டுக்குள் நமது மொழி மனப்பான்மையை முழுமையாக காலனித்துவமற்றதாக்கி, ஒவ்வொரு பாரத மொழியையும் ஒரே தேசிய ஒற்றுமையின் ஒளிரும் வெளிப்பாடாக மீட்டெடுக்கும் ஒரு உறுதியான பத்தாண்டு கால முயற்சிக்கு ஆளுநர் அழைப்பு விடுத்தார்.",ta,False,False,39,154,2,1,2180,1449331892537348096,"LOK BHAVAN, TAMIL NADU",lokbhavan_tn,"Official Twitter Account of Lok Bhavan, Tamil Nadu.","Lok Bhavan, Chennai",False,True,82506,146,6299,[],[],
2011083867990691902,Tue Jan 13 14:32:12 +0000 2026,"Attending a private school event in Gudalur, Tamil Nadu, Thiru @RahulGandhi avl said education should not be extremely expensive and should not be privatised (a moment later, he course-corrected upon realising the setting was a private institution, not a party platform). 

A self-goal of sorts; delivering sermons against privatisation from a private school stage, in a state where the ruling DMK’s own leaders run and profit from a flourishing network of private educational institutions.",en,False,False,5371,20461,415,106,453757,61121030,K.Annamalai,annamalai_k,அறம் செய்ய விரும்பு. BJP Karyakartha.,India,False,True,1011790,886,18286,[],[],
2008469286520754302,Tue Jan 06 09:22:48 +0000 2026,"ஸ்டாலின் தலைமையிலான இந்து விரோத திமுக அரசை கிழித்து தொங்கவிட்ட சென்னை உயர்நீதிமன்ற நீதிபதிகள் 🔥🔥🔥🔥

சென்னை உயர்நீதிமன்றம் மதுரை கிளை திருப்பரங்குன்றம் பிரச்சனையில் திமுக தேவையில்லாமல் உள்நோக்கத்துடன் அரசியல் ஆதாயம் தேடுகிறது என்று சொல்லி தமிழக அரசு சென்னை உயர் நீதிமன்ற மதுரை கிளை தனி நீதிபதி ஜி ஆர் சுவாமிநாதன் அவர்கள் பிறப்பித்த உத்தரவுக்கு எதிராக பாப்பிள்ஸ் செய்யப்பட்ட மனுவை நிராகரித்துள்ளது. மேலும் தீபத்தோன் எந்த களுக்கு தான் சொந்தம் என்று திட்டவட்டமாக தீர்ப்பளித்துள்ளது. 🔥🔥🔥

 இந்தத் தீர்ப்பை கொண்டாடிய திருப்பரங்குன்றம் மக்கள் அங்கு பாதுகாப்பில் ஈடுபடுத்தப்பட்டிருக்கும் தமிழக காவல்துறையின் காவலர்களுக்கு இனிப்புகளை வழங்கினர். 🔥🔥🔥

 திருப்பரங்குன்றம் மலை இந்துக்களுக்கே என்று மீண்டும் உறுதி செய்திருக்கிறது இந்த வரலாற்று சிறப்புமிக்க சென்னை உயர்நீதிமன்ற தீர்ப்பு 🧡🧡🧡 

@annamalai_k #Annamalai",ta,False,False,101,318,9,2,3857,90805156,Johny Bhai(அண்ணாமலையின் வார் ரூம்)🇮🇳,Johni_raja,"Follower of Guru NAMO Ji,Proud Hindu, Ayyappa Swamy Devotee,Extreme Patriot,Proud Member Of RSS,Def Enthusiast,Anti DMK","தொண்டை நாடு/வேலூர், Las Vegas ",False,True,31703,4442,245473,['Annamalai'],[],
1949499746642534824,Sun Jul 27 15:58:54 +0000 2025,"A memorable day in Tamil Nadu, dedicated to the great Chola culture! Here are the highlights… https://t.co/p0HTrKbDaA",en,False,False,12859,82140,2581,226,2403346,18839785,Narendra Modi,narendramodi,Prime Minister of India,India,False,True,106079264,2681,49297,[],[],
1997222077091533071,Sat Dec 06 08:30:24 +0000 2025,பக்தர்களின் கோரிக்கைகளை புறக்கணித்து மத அரசியல் செய்வதே திமுக அரசின் நோக்கமா? https://t.co/zypJrlWmty,ta,False,False,112,314,5,2,2506,1627576116616765442,En Mann En Makkal,EnMannEnMakkal,"My Land, My People | Official Handle of Thalaivar Thiru K Annamalai’s Yatra | Come, let us ignite a political revolution in Tamil Nadu! | #VendumMeendumModi",Tamilnadu,False,True,31408,9,6153,[],[],
2012013658759708728,Fri Jan 16 04:06:52 +0000 2026,"Why we, the people of Tamil Nadu, love @narendramodi ji unconditionally…

@narendramodi @AmitShah
@rajnathsingh @myogiadityanath @AshwiniVaishnaw @nsitharaman 
@JPNadda @NitinNabin @blsanthosh @MenonArvindBJP @ReddySudhakar21 @NainarBJP @KesavaVinayakan @annamalai_k https://t.co/0Jg8vLOVMi",en,False,False,166,563,11,4,3735,428095455,Ashvathaman Allimuthu,asuvathaman,"State Secretary TN BJP, founder Project TamilAi, founder Integral Humanism Foundation, Partner Ashvathaman Associates, director-ledge & law, Director-DEFFO TECH","Tamil Nadu, India",False,True,99593,419,8057,[],[],
2009567940526686410,Fri Jan 09 10:08:27 +0000 2026,"தமிழகத்தில் திமுக ஆட்சிக்கு வந்து ஐந்து ஆண்டுகள் முடிவடையும் நிலையில், தனது அரசு எத்தனை வாக்குறுதிகளை நிறைவேற்றியிருக்கிறது என்பதே முதலமைச்சர் திரு @mkstalin அவர்களுக்கு தெரியவில்லை. யார் எதை எழுதிக் கொடுத்தாலும், அதை மேடையில் வாசிப்பது மட்டுமே அவரது வேலையாக இருக்கிறது.

கடந்த 2023 செப்டம்பரில், 99% வாக்குறுதிகள் நிறைவேற்றப்பட்டதாக கூறினார். கடந்த வாரம், அது 72% ஆனது.  இன்று, 80% வாக்குறுதிகள் நிறைவேற்றியுள்ளோம் எனக் கூறுகிறார். இது முழுக்க முழுக்க, மக்களை ஏமாற்றும் நாடகம்.

போலியான வாக்குறுதிகளால் மீண்டும் தமிழக மக்களை ஏமாற்றலாம் என்ற திமுகவின் கனவு, ஒருபோதும் பலிக்காது.",ta,False,False,1387,3146,122,27,50970,61121030,K.Annamalai,annamalai_k,அறம் செய்ய விரும்பு. BJP Karyakartha.,India,False,True,1011790,886,18286,[],[],
1996441938338394464,Thu Dec 04 04:50:24 +0000 2025,"#கடற்படைதினத்தில் அனைத்து இந்திய கடற்படை வீரர்களுக்கும் அவர்களது குடும்பத்தினருக்கும் மனமார்ந்த வாழ்த்துக்கள்!

அசாதாரண துணிச்சல், கண்காணிப்பு மற்றும் தொழில்முறை செயல்பாடுகள் மூலம் இந்திய கடற்படை நமது கடல்சார் எல்லைகளையும் தேசிய நலன்களையும் பாதுகாக்கிறது. சுயசார்பு பாரதத்தின் உணர்வால் வழிநடத்தப்படும் நமது கடற்படை உள்நாட்டுமயமாக்கல் மற்றும் நவீனமயமாக்கலைத் தொடர்ந்து கடைப்பிடித்து வருகிறது. இந்தியாவின் கடல்சார் திறனை வலுப்படுத்தி பாதுகாப்பு கட்டமைப்பை மேம்படுத்துகிறது.

முக்கியமான கடல் பாதைகளை காவல் காப்பது மற்றும் கடல்சார் சொத்துக்களைப் பாதுகாப்பது முதல் பேரிடர் நிவாரணம் மற்றும் பிராந்திய ஒத்துழைப்பை வழிநடத்துவது வரை, இந்திய கடற்படை ஒழுக்கம், இரக்கம் மற்றும் தேசிய உறுதிப்பாட்டின் திடமான அடையாளமாக விளங்கி, கடல்சார் பாதுகாப்பை உறுதி செய்கிறது, பொறுப்புடைமையுடன் இந்திய-பசிஃபிக் ஆளுமையாக இந்தியாவின் பங்களிப்பை வலுப்படுத்துகிறது.

தேசத்துக்காக உச்சபட்ச தியாகம் புரிந்த துணிச்சலான வீரர்களுக்கு இந்நாளில் பணிவுடன் அஞ்சலி செலுத்துகிறோம்.

@IndianNavy @IN_HQENC @IN_HQTNP",ta,False,False,39,169,3,0,1682,1449331892537348096,"LOK BHAVAN, TAMIL NADU",lokbhavan_tn,"Official Twitter Account of Lok Bhavan, Tamil Nadu.","Lok Bhavan, Chennai",False,True,82506,146,6299,['கடற்படைதினத்தில்'],[],
2008782156982874285,Wed Jan 07 06:06:02 +0000 2026,"A common citizen has every right to question the Member of Parliament of his constituency on what tangible contributions have been made, beyond empty political rhetoric.

Why should such a basic, democratic question invite intimidation? This is not a question limited to the Karur MP alone. For the past six years, MPs of the I.N.D.I. Alliance have remained in a deep slumber. 

When questions are met with fists & intimidation rather than facts, it is a clear admission of failure.",en,False,False,4011,12221,173,45,285848,61121030,K.Annamalai,annamalai_k,அறம் செய்ய விரும்பு. BJP Karyakartha.,India,False,True,1011790,886,18286,[],[],
2007926524029395039,Sun Jan 04 21:26:03 +0000 2026,"மதுரையாக இருந்தாலும் சரி புதுக்கோட்டையாக இருந்தாலும் சரி தமிழகத்தில் எந்த பகுதியாக இருந்தாலும் சரி அண்ணாமலை என்ற பெயரை சொன்னாலே மாஸ் தான் 🔥🔥🔥

@annamalai_k
#TNWelcomesAmitsha #Annamalai https://t.co/UvNLWIvbQs",ta,False,False,207,837,11,1,7209,90805156,Johny Bhai(அண்ணாமலையின் வார் ரூம்)🇮🇳,Johni_raja,"Follower of Guru NAMO Ji,Proud Hindu, Ayyappa Swamy Devotee,Extreme Patriot,Proud Member Of RSS,Def Enthusiast,Anti DMK","தொண்டை நாடு/வேலூர், Las Vegas ",False,True,31703,4442,245473,"['TNWelcomesAmitsha', 'Annamalai']",[],
2005161860191092954,Sun Dec 28 06:20:16 +0000 2025,"உங்களுக்கு பாஜக கோவில்களை அரசு பிடியிலிருந்து விடுவிக்கும் விஷயத்தில் பாஜகவை விமர்சனம் செய்ய வேண்டும் என்றால் அதை தாராளமாக செய்யுங்கள் ஆனால் இந்த அரசியலில் மதம் கலக்க வேண்டாம் என்ற வெங்காயத்தைச் எல்லாம் வேண்டாம். 😡😡😡

60 ஆண்டு காலமாக திராவிட கட்சிகள் இதை தான் செய்து கொண்டிருக்கிறது. மற்ற மதங்கள் மட்டும் அரசியல் படுத்தப்பட்டு வாக்கு வங்கிகளாக உருவாகி இங்கு ஆட்சியாளர்களை ஆட்டி  படைக்கும்பொழுது இந்துக்கள் மட்டும் கையாலாகாதவர்களாக அவர்களின் அடிப்படை உரிமைகளுக்கு பிச்சை எடுத்துட்டு இருக்காங்க. 😡😡😡

தமிழகத்தை தவிர இந்தியாவில் உள்ள அனைத்து மாநிலங்களும் தங்கள் மதத்திற்காக ஒன்றிணை ஆரம்பித்து விட்டார்கள் அதன் எதிரொலி தான் கேரளா வரைக்கும் நடந்து முடிந்த தேர்தலில் ஒலித்துக் கொண்டிருக்கிறது. எனக்கு மோடிஜி மீது மிகுந்த நம்பிக்கை இருக்கு கோவில்களை அரசு கட்டுப்பாட்டில் இருந்து விடுவிக்க சரியான நேரத்தில் முடிவெடுப்பார் என்று.

#இந்துஒற்றுமை #HinduUnity #Vivekananda @annamalai_k #Annamalai",ta,False,False,40,184,8,4,8969,90805156,Johny Bhai(அண்ணாமலையின் வார் ரூம்)🇮🇳,Johni_raja,"Follower of Guru NAMO Ji,Proud Hindu, Ayyappa Swamy Devotee,Extreme Patriot,Proud Member Of RSS,Def Enthusiast,Anti DMK","தொண்டை நாடு/வேலூர், Las Vegas ",False,True,31703,4442,245473,"['இந்துஒற்றுமை', 'HinduUnity', 'Vivekananda', 'Annamalai']",[],
2011813792183959742,Thu Jan 15 14:52:40 +0000 2026,"கம்ப்யூட்டர் சாம்பிராணி திமுக 😆

@Ibrahim_0369 👌👌

#தீயசக்திதிமுக #DmkFailesTN https://t.co/QMzxkQxr6D",ta,False,False,218,511,1,0,4558,633760630,BOSS TVK ❤️💛❤️,BossTVK,"சமூக ஊடக அணி வேலூர் மண்டல இணை ஒருங்கிணைப்பாளர் |
பிறப்பொக்கும் எல்லா உயிர்க்கும் |மதசார்பற்ற சமூகநீதி|
#TVK  | என்றும் தலைவர் விஜய் வழியில்|
அரசியல் பழகு",Tamilnadu,False,False,4840,565,9996,"['தீயசக்திதிமுக', 'DmkFailesTN']",[],
1995548120961433861,Mon Dec 01 17:38:42 +0000 2025,"நாகாலாந்து மற்றும் அஸ்ஸாம் மாநிலங்கள் உருவான தினத்தை தமிழ்நாட்டில் வசிக்கும் இரு மாநில மக்களின் துடிப்பான பங்கேற்புடன் மக்கள் மாளிகை கொண்டாடியது. நாகாலாந்து மற்றும் அஸ்ஸாமின் வளமான பழங்குடி நடனங்களை வெளிப்படுத்தும் அற்புதமான கலாசார நிகழ்ச்சிகளால் இக்கொண்டாட்டம் சிறப்புற்றது.

ஆளுநர் ரவி அவர்கள் தனது உரையில், மாநிலங்கள் உருவான தின கொண்டாட்டம் எந்தவொரு குறிப்பிட்ட மாநில மக்களுக்கும் மட்டுமல்ல என்றும், பாரதத்தின் அசாதாரண பன்முகத்தன்மையின் துடிப்பான கொண்டாட்டமாகும் என்றும் வலியுறுத்தினார். மகாபுருஷர் ஸ்ரீமந்த சங்கரதேவ், டாக்டர் பூபன் ஹசாரிகா ஆகியோரின் நாகரிக மரபை விவரித்த அவர், நீடித்த பிரம்மபுத்ரா-காவிரி கலாசாரம் மற்றும் நாகரிக தொடர்பு குறித்தும் தமது உரையில்  பிரதிபலித்து இதுவே ஒரே பாரதம் உன்னத பாரதம் என்ற உணர்வில் நங்கூரமிட்டுள்ளதாக குறிப்பிட்டார்.

மக்கள் மாளிகை, தமிழ்நாட்டுக்கு வெளியே தமிழை ஊக்குவிக்க கொண்டுள்ள நோக்கத்தின் ஒரு பகுதியாக, குவாஹட்டி பல்கலைக்கழகத்தில் தமிழ் பட்டய படிப்புகள் மூலம் வடகிழக்கு மாணவர்கள் ஆர்வத்துடன் தமிழைக் கற்று வருகின்றனர் என்பதையும் ஆளுநர் எடுத்துரைத்தார்.

ஆளுநர் ரவி அவர்கள், சிறந்து விளங்கும் மக்கள் மற்றும் கலைஞர்களை அவர்களின் கண்கவர் நிகழ்ச்சிகளுக்காக சிறப்பித்தார்.
#நாகாலாந்து #அஸ்ஸாம் #ஒரேபாரதம்உன்னதபாரதம்",ta,False,False,40,184,8,0,1634,1449331892537348096,"LOK BHAVAN, TAMIL NADU",lokbhavan_tn,"Official Twitter Account of Lok Bhavan, Tamil Nadu.","Lok Bhavan, Chennai",False,True,82506,146,6299,"['நாகாலாந்து', 'அஸ்ஸாம்', 'ஒரேபாரதம்உன்னதபாரதம்']",[],
2011376257309749607,Wed Jan 14 09:54:03 +0000 2026,"Tamil Nadu has been gripped by an alarming surge of violence over the past five years, coinciding with the DMK’s return to power in the State.

Now, the DMK appears determined to push this culture of lawlessness to an even more dangerous level. The arrest of DMK Youth Wing functionary Rathina Balan and his accomplice Aamer Suhail for attempting to sell firearms through social media is a chilling reminder of how deep the rot has set in.

From rowdy elements, ganja peddlers and international drug traffickers to illegal gun runners, the DMK has increasingly turned into a safe haven for every unlawful element plaguing our society.",en,False,False,1436,4628,40,17,104146,61121030,K.Annamalai,annamalai_k,அறம் செய்ய விரும்பு. BJP Karyakartha.,India,False,True,1011790,886,18286,[],[],
2006240021721014482,Wed Dec 31 05:44:29 +0000 2025,"The wounds from the brutal attack on Suraj have not yet healed, and even before the conscience of the state could recover, Thiruttani witnessed yet another act of senseless violence yesterday. A local businessman, Jamal, was attacked by a group without provocation or cause.

This is no longer an isolated incident, it has become a disturbing pattern in TN over the past few years. Lawlessness is being normalised, criminal elements are encouraged, and ordinary citizens are left to defend themselves. Under the DMK’s watch, public safety has collapsed.

How many more Surajs and Jamals must suffer before the DMK acknowledges its complete failure in maintaining law and order?",en,False,False,1447,3306,114,48,64036,61121030,K.Annamalai,annamalai_k,அறம் செய்ய விரும்பு. BJP Karyakartha.,India,False,True,1011790,886,18286,[],[],
1907273670541676592,Wed Apr 02 03:27:33 +0000 2025,திமுக வேட்டி கட்டும் போது பொட்டு வைக்காதீங்க - திமுக எம்.பி. ஆ. ராசா https://t.co/kQ93rxKGHX,ta,False,False,397,892,8,9,11152,3614324658,Jegan,jegantoons,"🇮🇳 Cartoonist, Mechanical Engineering😎",kanyakumari,False,True,14771,145,1096,[],[],
2011819758329675902,Thu Jan 15 15:16:22 +0000 2026,"ஒரு பக்கம் bhai Dmk va Bjp ah பொளக்குறாரு.. 🔥😂👌

இன்னொரு பக்கம் நம்ப @LoyolaMani அண்ணே Dmk va Admk பொளக்குறாரு... 😂🔥👌

இன்னைக்கு Day தெரிக்குது போங்க... 🔥🔥

#தமிழகவெற்றிக்கழகம்‌
@TVKVijayHQ
#TVKForTN https://t.co/cl3eKhf8Fb",ta,False,False,627,2336,2,1,24548,1562640927344037888,K o d u v a :),itz_Koduva_OG25,#TVK @TVKVijayHQ....யின் போர்வீரன்.🤺🤺🤺 இனிமே தான் 🔥 ஆட்டமே ஆரம்பம்🔥 60K Id suspend ) New backup ID @Jd_Ranjith_Tvk,Klang Valley (Selangor),False,False,1536,757,26758,"['தமிழகவெற்றிக்கழகம்\u200c', 'TVKForTN']",[],
1994460803551170848,Fri Nov 28 17:38:05 +0000 2025,"ஆளுநர் திரு. ஆர்.என். ரவி அவர்கள், சென்னையில் நடைபெற்ற ஸ்ரீ கிருஷ்ண கான சபையின் நாம சங்கீர்த்தன வெள்ளி விழா தொடக்க நிகழ்வில், சங்கீதத்தில் சிறந்த பங்களிப்பை வழங்கி வருவதற்காக சங்கீர்த்தன கலாநிதி விருதை திரு. யக்ஞராம சர்மாவுக்கும், சங்கீர்த்தன சூடாமணி விருதை திரு. கடலூர் கோபி பாகவதருக்கும்    வழங்கினார்.

பக்தி எவ்வாறு சனாதன தர்மத்தை அமைப்புகளின் இருப்புகளுக்கு அப்பால் மக்களின் இதயங்களில் கொண்டு சென்றது என்பதை ஆளுநர் ரவி பிரதிபலித்தார். நாயன்மார்கள், ஆழ்வார்கள் மற்றும் எண்ணற்ற துறவிகள் மூலம் தமிழ்நாட்டின் புனித மண்ணில் தோன்றிய இந்த ஆன்மிக இயக்கம், பாரதம் முழுவதும், பல்வேறு மொழிகளின் ஊடாக, சனாதன தர்மத்தை வளர்த்து, பாதுகாத்து, பல நூற்றாண்டுகளாக அடிமைப்பட்டு, காலனித்துவத்தின் பிடியில் இருந்த போதும் பாரதத்தை ஒரே தேசமாக நிலைநிறுத்தியது.

கடந்த தசாப்தத்தில் பாரதம் எவ்வாறு குறிப்பிடத்தக்க அனைத்திலும் மாற்றம் கண்டுள்ளது என்பதையும், 2047 -ஆம் ஆண்டுக்குள் முழுமையாக வளர்ச்சியடைந்து தன்னிறைவு பெறும் இலக்கை நோக்கி முன்னேறி வருகிறது என்பதையும் ஆளுநர் எடுத்துரைத்தார். இந்த தேசிய மாற்றத்தில், இந்த பாரம்பரியத்தை இளைய தலைமுறையினருக்கு எடுத்துச் சென்று, மோதல்கள் மற்றும் ஏற்றத்தாழ்வுகளால் முடங்கிப்போன இன்றைய உலகிற்கு அதன் ஒளியை விரிவுபடுத்துவதும், பாரதத்தையும் சனாதன தர்மத்தையும் அழிக்க சதி செய்யும் சக்திகளுக்கு எதிராக விழிப்புடன் இருப்பதும் நமது கூட்டுப் பொறுப்பாகும் என அவர் வலியுறுத்தினார்.",ta,False,False,43,178,2,0,2013,1449331892537348096,"LOK BHAVAN, TAMIL NADU",lokbhavan_tn,"Official Twitter Account of Lok Bhavan, Tamil Nadu.","Lok Bhavan, Chennai",False,True,82506,146,6299,[],[],
1942132703157010809,Mon Jul 07 08:04:54 +0000 2025,BJP will not grow in Tamilnadu - Anwar Raja (AIADMK) https://t.co/dvT4XdKgme,en,False,False,171,673,6,1,12520,3614324658,Jegan,jegantoons,"🇮🇳 Cartoonist, Mechanical Engineering😎",kanyakumari,False,True,14771,145,1096,[],[],
1909271615646413109,Mon Apr 07 15:46:40 +0000 2025,அதிமுகவை கபளீகரம் செய்து விட்டது பாஜக- கம்யூனிஸ்ட் கட்சி குற்றச்சாட்டு… https://t.co/F2vA9iL6O8,ta,False,False,118,446,5,1,5819,3614324658,Jegan,jegantoons,"🇮🇳 Cartoonist, Mechanical Engineering😎",kanyakumari,False,True,14771,145,1096,[],[],
1909972711830401480,Wed Apr 09 14:12:34 +0000 2025,NEET Ban Drama... #AllPartyMeeting #DMK https://t.co/xgzQk72V1J,en,False,False,234,789,4,2,11369,3614324658,Jegan,jegantoons,"🇮🇳 Cartoonist, Mechanical Engineering😎",kanyakumari,False,True,14771,145,1096,"['AllPartyMeeting', 'DMK']",[],
1993133485209665563,Tue Nov 25 01:43:48 +0000 2025,"பண்ருட்டி மக்களின் பயணத்தை மேலும் எளிதாக்கிய பாஜக அரசு ! 

நன்றி @AshwiniVaishnaw அவர்கள் ,

@narendramodi @AmitShah
@AshwiniVaishnaw @rajnathsingh @myogiadityanath 
@nsitharaman

@blsanthosh @MenonArvindBJP @ReddySudhakar21 @NainarBJP @KesavaVinayakan @annamalai_k https://t.co/MZVjFfdW4p",ta,False,False,98,462,12,2,4688,428095455,Ashvathaman Allimuthu,asuvathaman,"State Secretary TN BJP, founder Project TamilAi, founder Integral Humanism Foundation, Partner Ashvathaman Associates, director-ledge & law, Director-DEFFO TECH","Tamil Nadu, India",False,True,99593,419,8057,[],[],
2009313342968746133,Thu Jan 08 17:16:46 +0000 2026,"பொங்கல் பெருவிழா – 2026, சென்னை மக்கள் மாளிகையில் விழாக்கோலத்துடனும் கலாசாரப் பெருமிதத்துடனும் கொண்டாடப்பட்டது. இதில் விவசாயிகள், மீனவர்கள், நெசவாளர்கள், தமிழறிஞர்கள், ஆன்மிக தலைவர்கள், இளைஞர்கள், சமூக ஆர்வலர்கள் மற்றும் பழங்குடியின சமூகங்களின் பிரதிநிதிகள் உள்பட சமூகத்தின் அனைத்துத் தரப்பினரும் பங்கேற்றனர். பாரம்பரிய கலை, நாட்டுப்புற இசை மற்றும் நடனங்கள், பொங்கலின் மகிழ்ச்சியையும், நமது காலத்தால் அழியாத தமிழ்ப் பாரம்பரியங்களின் செழுமையையும், தலைமுறை தலைமுறையாகக் கொண்டாடப்படும் நமது கூட்டுப் பாரம்பரியத்தையும் எதிரொலித்தன.
#பொங்கல் #ஒரேபாரதம்உன்னதபாரதம் #ஆளுநர்ரவி #மக்கள்மாளிகை #தமிழ்நாடு",ta,False,False,46,156,2,0,1853,1449331892537348096,"LOK BHAVAN, TAMIL NADU",lokbhavan_tn,"Official Twitter Account of Lok Bhavan, Tamil Nadu.","Lok Bhavan, Chennai",False,True,82506,146,6299,"['பொங்கல்', 'ஒரேபாரதம்உன்னதபாரதம்', 'ஆளுநர்ரவி', 'மக்கள்மாளிகை', 'தமிழ்நாடு']",[],
1930868659855237287,Fri Jun 06 06:05:36 +0000 2025,கோவில் திருவிழாவிற்கு அதிகளவில் கூட்டம் செல்வது உண்மையிலேயே நாகரீக சமூகத்திற்கு நல்ல அடையாளமாக பார்க்க முடியாது - திமுக அமைச்சர் மனோ தங்கராஜ் #dravidamodel https://t.co/k77dfkLgMQ,ta,False,False,199,496,7,4,5319,3614324658,Jegan,jegantoons,"🇮🇳 Cartoonist, Mechanical Engineering😎",kanyakumari,False,True,14771,145,1096,['dravidamodel'],[],
2011835602174689339,Thu Jan 15 16:19:20 +0000 2026,"அன்னைத் தமிழ்நாட்டின் 
அறுவடைத் திருநாளில்..

நலமும், வளமும் பெற்று 
நற்றமிழர் வாழ்வு சிறக்க
நாளும் உழைத்திடும்
தித்திக்கும் #திராவிடமாடல் அரசின் மாண்புமிகு முதலமைச்சர்; திராவிட பேரரசர் @mkstalin அவர்களை நேரில் சந்தித்து வாழ்த்து பெற்ற பொன்னான தருணம்…

🙏💐♥️🌾🌅

@Udhaystalin

#திராவிடப்_பொங்கல்
#Pongal2026
#வெல்வோம்_ஒன்றாக",ta,False,False,60,204,8,0,2321,1073990402422669312,Thoothukudi S.Joel,Joel_Dmk,State Deputy Secretary- #DMK Youth Wing | தூத்துக்குடி - #திமுக | Belongs to the Dravidian stock,"தூத்துக்குடி, TN",False,True,38277,288,13434,"['திராவிடமாடல்', 'திராவிடப்_பொங்கல்', 'Pongal2026', 'வெல்வோம்_ஒன்றாக']",[],
1999763131640480034,Sat Dec 13 08:47:39 +0000 2025,"பரதவர்ம பாண்டியபதியின் பிறந்தநாளில் தேசம் அவருக்கு மரியாதை செலுத்துகிறது. தீரமிக்க சுதந்திர போராட்ட வீரரான  அவரது துணிச்சல், தொலைநோக்குப் பார்வை மற்றும் நிர்வாக நுண்ணறிவு ஆகியவை இந்திய விடுதலை போராட்டத்தின் ஆரம்ப கட்டத்தை வடிவமைத்தன. வீரபாண்டிய கட்டபொம்மனுடன் சேர்ந்து, பிரிட்டிஷ் காலனித்துவ ஆட்சிக்கு எதிரான தீர்க்கமான எதிர்ப்பை அவர் வழிநடத்தினார், வரலாற்று சிறப்புமிக்க பாஞ்சாலங்குறிச்சி போர் உள்பட, ஏகாதிபத்திய ஆதிக்கத்தை  திடத்துடன் எதிர்கொண்டார். அந்நிய ஆதிக்கம்/காலனித்துவ ஒடுக்குமுறைக்கு எதிராக மக்களை ஒன்றிணைத்து ஊக்குவிப்பதன் மூலம், அவர் தேசிய சுதந்திர போராட்டத்தில் ஒரு முக்கிய பங்கைக் கொண்டிருந்தார். அவரது துணிச்சலும் தொலைநோக்கும் 2047 -ஆம் ஆண்டுக்குள் வலுவான மற்றும் தன்னம்பிக்கை கொண்ட #வளர்ச்சியடைந்தபாரதத்தை நோக்கிய நமது தேசிய பயணத்தைத் தொடர்ந்து ஊக்குவிக்கின்றன.",ta,False,False,38,166,2,0,2462,1449331892537348096,"LOK BHAVAN, TAMIL NADU",lokbhavan_tn,"Official Twitter Account of Lok Bhavan, Tamil Nadu.","Lok Bhavan, Chennai",False,True,82506,146,6299,['வளர்ச்சியடைந்தபாரதத்தை'],[],
2011846732590788837,Thu Jan 15 17:03:34 +0000 2026,"இனி இந்த மாதிரி யாருமே பேசக்கூடாது அப்படி பேசினால் அதற்கு இதுதான் பதில் அடி 
@Ibrahim_0369👌🏻 https://t.co/l2HUAWq7kj",ta,False,False,114,417,9,0,4488,875024842814242816,TVK WORLD,TVK_WORLD,#தமிழகவெற்றிக்கழகம்  maintaining by @official_Tvmp Team | Admin - @Eniyavan_offi26,India,False,True,72496,9,8047,[],[],
1981555693825191988,Fri Oct 24 02:57:47 +0000 2025,"சிரிப்பதற்கும்… சிந்திப்பதற்கும்…
#rss
#dmk
#bjp https://t.co/dfudZd8E90",ta,False,False,186,514,12,3,10194,1174692144411566081,Raama Sreenivasan,ProfessorBJP,State General Secretary - BJP Tamil Nadu,"Madurai, Tamilnadu",False,False,103676,481,4436,"['rss', 'dmk', 'bjp']",[],
1907104623128961383,Tue Apr 01 16:15:49 +0000 2025,TN BJP Chief Annamalai Exposes Massive MGNREGA Fraud Under DMK Govt... #Dravidamodel https://t.co/jMjmaf53u9,en,False,False,454,1362,14,7,24984,3614324658,Jegan,jegantoons,"🇮🇳 Cartoonist, Mechanical Engineering😎",kanyakumari,False,True,14771,145,1096,['Dravidamodel'],[],
2011740127706694137,Thu Jan 15 09:59:57 +0000 2026,"ஆளுநர் ரவி அவர்கள், ராமேஸ்வரத்தில் உள்ள ஸ்ரீ குருநானக் தாம் குருத்வாராவில் நடைபெற்ற ஸ்ரீ குருநானக் சத்சங் சபாவின் ஆண்டு விழாவில் பங்கேற்று, ஸ்ரீ குருகிராந்த் சாஹிப்பிற்கு நெஞ்சார்ந்து மரியாதை செலுத்தினார். ஐநூறு ஆண்டுகளுக்கு முன்பு, பாரதம் அந்நிய ஆக்கிரமிப்பாளர்களின் அட்டூழியங்களால் துன்புற்றுக் கொண்டிருந்தபோதும், 'இந்திய பண்பாடு' இருத்தலியல் அச்சுறுத்தலுக்கு உள்ளாகியிருந்தபோதும், ஸ்ரீ குருநானக் தேவ் அவர்கள், சமூகத்தையும் நாகரிகத்தையும் காப்பதற்காக சுமார் 14 ஆண்டுகள் பாரதம் முழுவதும் பயணம் செய்தார். அந்தப் பயணத்தின்போது ராமேஸ்வரத்தில் சுமார் ஆறு மாதங்கள் தங்கியிருந்தார் என்று எடுத்துரைத்தார். நமது கலாசாரம் மற்றும் அடையாளத்தைக் காப்பதற்காக நமது சீக்கிய குருக்களும் வீரமிக்க சாஹிப்ஸாதாக்களும் செய்த அளப்பரிய தியாகங்களை ஆளுநர் நினைவு கூர்ந்ததுடன், அவை தற்போதைய காலத்துடன் எவ்வாறு  பொருந்துகிறது என்பதையும் வலியுறுத்தினார். அந்தத் தியாகங்களிலிருந்து நமது இளைஞர்கள் உத்வேகம் பெற்று, புத்துணர்ச்சியுடனும் உறுதியான சங்கல்பத்துடனும் 'விக்ஸித் பாரத் 2047' (வளர்ச்சியடைந்த பாரதம் 2047) என்ற இலக்கை உருவாக்க வேண்டும் என்றும் ஆளுநர் கேட்டுக்கொண்டார்.",ta,False,False,30,153,4,0,1352,1449331892537348096,"LOK BHAVAN, TAMIL NADU",lokbhavan_tn,"Official Twitter Account of Lok Bhavan, Tamil Nadu.","Lok Bhavan, Chennai",False,True,82506,146,6299,[],[],
1908177246751264818,Fri Apr 04 15:18:02 +0000 2025,"“போராட்டம் எதற்கு என்று தெரியாத கட்சி தவெக"" - அண்ணாமலை #Annamalai #TVK #WaqfAmendmentBill https://t.co/ukfOuzgwia",ta,False,False,201,571,4,1,7686,3614324658,Jegan,jegantoons,"🇮🇳 Cartoonist, Mechanical Engineering😎",kanyakumari,False,True,14771,145,1096,"['Annamalai', 'TVK', 'WaqfAmendmentBill']",[],
2011401318339108992,Wed Jan 14 11:33:38 +0000 2026,"பகுதி நேர ஆசிரியர்களைப் பணி நிரந்தரம் செய்வோம் என, கடந்த இரண்டு சட்டமன்றத் தேர்தல்களாக திமுக கொடுத்த தேர்தல் வாக்குறுதியை நிறைவேற்றக் கோரி, தற்கொலை முயற்சியில் ஈடுபட்ட, திரு. கண்ணன் என்ற ஆசிரியர், சிகிச்சை பலனின்றி உயிரிழந்தார் என்ற செய்தி மிகுந்த வருத்தமளிக்கிறது. அவரது குடும்பத்தினருக்கு, ஆழ்ந்த இரங்கல்களைத் தெரிவித்துக் கொள்கிறேன்.

எத்தனை கடினமான சூழலில் வாழ்க்கை இருந்திருந்தால், தற்கொலை என்ற மிக மோசமான முடிவை எடுக்கும் சூழலுக்கு, ஆசிரியர் திரு. கண்ணன் தள்ளப்பட்டிருப்பார் என்பது குறித்து, முதலமைச்சர் திரு @mkstalin அவர்களுக்கு, எந்தக் கவலையும் இல்லை. 

பணி நிரந்தரம் கோரிப் போராடும் ஆசிரியர்களுடன் பேச்சுவார்த்தை நடத்துகிறோம் என்ற பெயரில், வெறும் ₹2,500 ஊதிய உயர்வு வழங்குவதாக அறிவித்திருக்கிறது திமுக அரசு. பகுதி நேர ஆசிரியர்களின் ஒரே கோரிக்கை பணி நிரந்தரம் மட்டுமே. ஆனால், அதைக் குறித்து, எந்த அறிவிப்பும் வெளியிடவில்லை. வாக்குறுதியை நிறைவேற்றுவார்கள் என்ற நம்பிக்கையில் இத்தனை ஆண்டு காலம் காத்திருந்த ஆசிரியப் பெருமக்களுக்கு, திமுக செய்திருப்பது மிகப்பெரிய நம்பிக்கைத் துரோகம். 

ஊழல் பணத்தில் கொழுத்துத் திரியும் திமுகவினருக்கு, சாதாரண பொதுமக்களின் வலியும், வாழ்க்கையும் எப்படிப் புரியும்?",ta,False,,629,1904,35,9,29935,61121030,K.Annamalai,annamalai_k,அறம் செய்ய விரும்பு. BJP Karyakartha.,India,False,True,1011790,886,18286,[],[],
2011138215143751819,Tue Jan 13 18:08:10 +0000 2026,"லோஹ்ரி, மகர சங்கராந்தி, மகா பிஹு, உத்தராயண் மற்றும் நாடு முழுவதும் கொண்டாடப்படும் பிற அறுவடை பண்டிகைகளின் விசேஷமிக்க நிகழ்வில் இந்தியாவிலும் வெளிநாட்டிலும் உள்ள அனைத்து பாரதியர்களுக்கும் அன்பான நல்வாழ்த்துக்கள்.

பல்வேறு பெயர்கள் மற்றும் மரபுகளில் வெவ்வேறு பகுதிகளில் கொண்டாடப்படும் இந்த திருவிழாக்கள், அறுவடை காலத்தைக் குறிப்பதுடன் நமது பாரதிய நாகரிக நெறிமுறைகளை பிரதிபலிக்கின்றன. இயற்கை, சமூகம் மற்றும் மனிதகுலத்தின் பிரிக்க முடியாத ஒற்றுமையால் வாழும் ஒரு உலகக் கண்ணோட்டம் இவை. நமது காலத்தால் அழியாத பாரம்பரியத்தில் வேரூன்றிய இந்த விழாக்கள், பூமித்தாய்க்கு நமது ஆழ்ந்த நன்றியைத் தெரிவிக்கவும், ஒரே தேசமாக நம்மை ஒன்றிணைக்கும் உள்ளார்ந்த ஒற்றுமை உணர்வை மீண்டும் உறுதிப்படுத்தவும் நம்மைத் தூண்டுகின்றன.

இந்த விழாக்கள் மூலம், நமது விவசாய சமூகத்தின் விலைமதிப்பற்ற பங்களிப்புகளை நாம் கொண்டாடுகிறோம். அவர்களின் அயராத அர்ப்பணிப்பும் ஞானமும் தலைமுறை தலைமுறையாக தேசத்தை நிலைப்படுத்தி, சமூகத்தைத் தொடர்ந்து வளர்த்தெடுத்து வருகின்றன.

இந்த விசேஷமிக்க பண்டிகை காலம் ஒவ்வொரு குடும்பத்துக்கும் புதிய ஆற்றல், மகிழ்ச்சி மற்றும் நல்ல ஆரோக்கியத்தைக் கொண்டு வரட்டும், அன்பு, இரக்கம் மற்றும் ஒற்றுமையை வளர்க்கட்டும், மேலும் வளமான, உள்ளடக்கிய மற்றும் வலுவான பாரதத்தை உருவாக்குவதற்கான நமது உறுதிப்பாட்டை வலுப்படுத்தட்டும்.
#லோஹ்ரி #மகரசங்கராந்தி #மகாபிஹு #போகலிபிஹு #உத்தராயண் #ஒரேபாரதம்உன்னதபாரதம்",ta,False,False,193,685,90,26,25355,1449331892537348096,"LOK BHAVAN, TAMIL NADU",lokbhavan_tn,"Official Twitter Account of Lok Bhavan, Tamil Nadu.","Lok Bhavan, Chennai",False,True,82506,146,6299,"['லோஹ்ரி', 'மகரசங்கராந்தி', 'மகாபிஹு', 'போகலிபிஹு', 'உத்தராயண்', 'ஒரேபாரதம்உன்னதபாரதம்']",[],
1996924358833721682,Fri Dec 05 12:47:22 +0000 2025,சபரிமலை - திருப்பரங்குன்றம் விவகாரங்களில் எங்களின் நிலைபாடு எப்போதும் சமமாக தான் உள்ளது - முன்னாள் மாநிலத் தலைவர் திரு.@annamalai_kuppusamy அவர்கள்! https://t.co/UTqwE2I6Z1,ta,False,False,93,219,3,1,1088,1627576116616765442,En Mann En Makkal,EnMannEnMakkal,"My Land, My People | Official Handle of Thalaivar Thiru K Annamalai’s Yatra | Come, let us ignite a political revolution in Tamil Nadu! | #VendumMeendumModi",Tamilnadu,False,True,31408,9,6153,[],[],
2011847491428442534,Thu Jan 15 17:06:34 +0000 2026,"#VIjay Fans கிட்ட நம்ம சொல்ல நினைச்சத தெளிவா சொல்லிட்டா JK 🫡 #Parasakthi
https://t.co/1mSUWWGgEH",ta,False,False,145,565,9,3,8417,721258644612988928,ALONE 🚶,itz_local_,SK Fan ❣️,,False,False,2058,2541,77691,"['VIjay', 'Parasakthi']",[],
2011816718386282844,Thu Jan 15 15:04:18 +0000 2026,"மும்பை மாநகராட்சி கைப்பற்றுகிறது பாஜக கூட்டணி :-
 அருமையாக வேலை செய்து அண்ணாமலை மேஜிக்...
 👉ட்ரிபிள் என்ஜின் சர்க்கார் 
 மத்தியில் மோடி அரசாங்கம், மாநிலத்தில் தேவேந்திரபட்னாவிஸ்  அரசாங்கம்,
 மும்பை மாநகராட்சியிலும் பிஜேபி வந்தால் மும்பை வளம் பெறும் என்ற பேச்சு பெரிய அளவில் எடுபட்டது. 
 👉மும்பையில் உள்ள தென் மாநிலத்தவர், குஜராத்திகள், ராஜஸ்தானி மக்கள் வடஇந்திய மக்கள் அனைவருக்கும் அண்ணாமலைக்கு எதிராக ராஜ் தாக்கரே சொன்ன வார்த்தை நேரிடலை ஏற்படுத்தியது. 
 இதன் விளைவு மும்பை வாக்காளர்களில் 45 சதவீத வெளி மாநில வாக்காளர்கள் பாஜக பக்கம் திரும்பினார்கள். 
 வாழ்த்துக்கள் 
@annamalai_k",ta,False,False,108,459,5,2,16174,1306634705455009798,Rajbjp,rajsd_bjp,"saffron stock..
State secretary
IT & SM
Tamil Nadu",,False,True,4995,1756,20051,[],[],
2011844541507399909,Thu Jan 15 16:54:51 +0000 2026,"எங்கள் தளபதி விஜய் அவர்களை தொட்டா இதுதான் உங்க நிலைமை🔥
@actorvijay https://t.co/2WMYFH1euM",ta,False,False,1560,5675,2,22,42227,1607237195248668673,Rawther Ibrahimm,Ibrahim_0369,🇮🇳 TVK -மாநிலச் செய்தித் தொடர்பாளர்🇮🇳,,False,True,16888,204,1562,[],[],
2011804933947798014,Thu Jan 15 14:17:28 +0000 2026,"இவருடைய எந்த போட்டோவையும் பார்த்தாலும்,

ஒரு விஷயம் மட்டும் என்னை ஆச்சரியப்படுத்திட்டே இருக்கும்...

பந்தா, பகட்டு, தோரணை எதுவும் கிடையாது. 

இந்த மாநிலத்தை ஆட்சி செய்த முதல்வர் என்ற தலைக்கனம் இவருடைய பாடி லாங்குவேஜ்ல பார்க்கவே முடியாது.

எப்படி இவரால் இப்படி சாதாரண சராசரி மனிதனோட மனநிலையில் இருக்க முடியுது?🤔",ta,False,False,135,632,50,5,21160,825255762,Kamal (Save TN. Bring back EPS as CM 🙏),Kamalstwitt,,,False,False,1872,5363,24137,[],[],
2011854766314340722,Thu Jan 15 17:35:29 +0000 2026,"இதுதான் எங்கள் மனிதநேய தமிழ்நாடு 

இது போல் இது போல் இதுபோல் மதநல்லிணக்கத்தோடு ஒட்டி உறவாடி வாழ்வதாக இருந்தால் மதத்தை பின்பற்றுங்கள் இல்லை என்றால் மதத்தை எல்லாம் தூங்கி எறிந்து விட்டு மனிதநேயத்துடன் பண்டிகைகளை கொண்டாடுங்கள்.. https://t.co/k30XW80Nfg",ta,False,False,340,980,16,7,12494,1667805038172082176,𝙄𝙣𝙗𝙖 𝐌𝐫 𝙃𝙪𝙢𝙖𝙣𝙞𝙨𝙩,im_inba1,https://t.co/mCoD9YcneT,𝐊𝐮𝐦𝐛𝐚𝐤𝐨𝐧𝐚𝐦 𝐈𝐍𝐃,False,True,37821,3480,137374,[],[],
2011800541140242769,Thu Jan 15 14:00:01 +0000 2026,"அடையாளத்திற்கும் திறமைக்கும் மரியாதை 🙌

50 திருநங்கைகளை Home Guards-ஆக இணைத்த தமிழ்நாடு அரசு ❤️

#tamilnadu #No1TamilNadu #TNgovt #MKStalin #MKStalinGovt #TransgenderRights #SocialJustice #InclusiveGovernance https://t.co/ARdxouKdvM",ta,False,False,152,381,11,2,2106,1898024897873428480,No.1 Tamil Nadu,No_1TamilNadu,"தமிழ்நாட்டு மக்களின் வாழ்வை முன்னேற்றி, சமூக பொருளாதார வளர்ச்சியில் No.1 மாநிலமாக உயர்ந்து நிற்கும் தமிழ்நாடு அரசின் செயல்பாடுகள் பற்றி அறிய இணைந்திருங்கள்",,False,False,1973,1,1299,"['tamilnadu', 'No1TamilNadu', 'TNgovt', 'MKStalin', 'MKStalinGovt', 'TransgenderRights', 'SocialJustice', 'InclusiveGovernance']",[],
2011841156150411396,Thu Jan 15 16:41:24 +0000 2026,"பார்ப்பனீய கடப்பாரையா?
திராவிட புல்டோசரா? https://t.co/ZgFOqurEW2",ta,False,False,95,256,4,1,4059,2918809411,ஜெயராமன் திமுக,jayaraman418,சுயமரியாதையுள்ள திமுக தொண்டன்.,ramanathapuram,False,True,11463,1584,29226,[],[],
2011820288938557499,Thu Jan 15 15:18:29 +0000 2026,"மாற்றத்தை விரும்பும் சாமானிய மக்களின் குரல்✅

எது எப்படியோ திமுக அழிந்து போகட்டும்.. 

திமுக நாசமா போனா நமக்கு சந்தோஷம் தான். 

#தீ_பரவட்டும் 🔥🔥

 https://t.co/pJN5a5DApv",ta,False,False,52,155,2,1,1301,1182218259300356096,கழுகுப்பார்வை 🦅🇮🇳,TheEagle3_0,The True Indian 🇮🇳  🕉️Hindu,Bharat 🇮🇳,False,True,24639,8189,61194,['தீ_பரவட்டும்'],[],
2011825101394886700,Thu Jan 15 15:37:36 +0000 2026,சீமான் எதுக்கு கட்சி நடத்துறான்? https://t.co/Ka1lyGeBIy,ta,False,False,121,342,19,6,15310,2918809411,ஜெயராமன் திமுக,jayaraman418,சுயமரியாதையுள்ள திமுக தொண்டன்.,ramanathapuram,False,True,11463,1584,29226,[],[],
2011998417845961218,Fri Jan 16 03:06:18 +0000 2026,"அறம், பொருள், இன்பம் என, வாழ்க்கைக்கான நெறிகளைப் போதிக்கும் திருக்குறளைத் தந்த திருவள்ளுவர் தினமான இன்று, தமிழக மக்கள் அனைவருக்கும் நல்வாழ்த்துக்களைத் தெரிவித்துக் கொள்கிறேன்.

காலங்களைக் கடந்து வழிகாட்டும் திருக்குறள், அனைவரின் வாழ்விலும் ஒளிவிளக்காகத் திகழட்டும். தமிழின் பெருமையும், திருக்குறளின் புகழும், உலகெங்கும் பரவட்டும்.",ta,False,False,1034,4221,160,26,46373,61121030,K.Annamalai,annamalai_k,அறம் செய்ய விரும்பு. BJP Karyakartha.,India,False,True,1011790,886,18286,[],[],
1972314859653243351,Sun Sep 28 14:58:01 +0000 2025,கரூரில் நடந்துள்ள துயரமான சம்பவத்திற்கு திமுக அரசின் அலட்சியமே காரணம்!! முன்னாள் மாநிலத் தலைவர் திரு.@annamalai_k அவர்கள்! https://t.co/bgNY9WQZrd,ta,False,False,58,208,1,1,1565,1627576116616765442,En Mann En Makkal,EnMannEnMakkal,"My Land, My People | Official Handle of Thalaivar Thiru K Annamalai’s Yatra | Come, let us ignite a political revolution in Tamil Nadu! | #VendumMeendumModi",Tamilnadu,False,True,31408,9,6153,[],[],
2011862965432233990,Thu Jan 15 18:08:04 +0000 2026,"பாடப்படாத தமிழ்த்தாய் வாழ்த்து; பாடவைத்த குடியரசு துணைத் தலைவர்!

#VicePresident #News18Tamilnadu | https://t.co/3v5L32pLWJ https://t.co/xl7EMzBI5u",ta,False,False,219,1335,21,5,43077,739042814755901440,News18 Tamil Nadu,News18TamilNadu,"மின்னல் வேகத்தில் பிரேக்கிங் நியூஸ்  #நியூஸ்18தமிழ்நாடு 

News18 Tamil Nadu, Network18 Group caters to News & information to the Tamil viewers.","Chennai, India",False,True,1531075,36,364563,"['VicePresident', 'News18Tamilnadu']",['http://News18Tamil.com'],
2005297688758067238,Sun Dec 28 15:20:00 +0000 2025,பாஜக சமத்துவ கட்சி! திமுக தான் மதவாத கட்சி! - முன்னாள் மாநில தலைவர் திரு. @annamalai_k அவர்கள் அதிரடி! https://t.co/KB187Yggq1,ta,False,False,106,322,5,0,2173,1627576116616765442,En Mann En Makkal,EnMannEnMakkal,"My Land, My People | Official Handle of Thalaivar Thiru K Annamalai’s Yatra | Come, let us ignite a political revolution in Tamil Nadu! | #VendumMeendumModi",Tamilnadu,False,True,31408,9,6153,[],[],
2011849028456366283,Thu Jan 15 17:12:41 +0000 2026,"Humility is the answer to building a great nation!

Thiru @RahulGandhi 

#RahulGandhi https://t.co/EAtkupOGUJ",en,False,False,76,211,4,0,2616,1332272064,Tamil Nadu Congress Committee,INCTamilNadu,Official Twitter Handle of Tamil Nadu Congress Committee. Retweets are not endorsements.,,False,True,175168,561,71815,['RahulGandhi'],[],
2011774121194172923,Thu Jan 15 12:15:02 +0000 2026,"எங்கள் ஐயா 🙏🙏
@EPSTamilNadu 

தை பிறந்து விட்டது; தமிழகத்துக்கு நல்லது நடக்கவிருக்கிறது! https://t.co/PKaDKd7wrD",ta,False,False,85,256,9,2,1757,620778939,Prof Vinod - Say No To Drugs & DMK,prof_vinodkumar,Live a Protagonist!! Sow the best Seeds!,,False,False,1657,182,14144,[],[],
2011820632644993231,Thu Jan 15 15:19:51 +0000 2026,"திமுகவை விட அதிக ஆண்டு ஆட்சி செய்த அதிமுக மங்குனிகளுக்கு இதெல்லாம் தோணவே இல்ல..!

காமராஜ் ஐயா உதவியால் நம்மிடமிருந்து மூனாறை கைப்பற்றிய கேரளா இது மாதிரி 2 விட்டு செமத்தயா கல்லா கட்டுது

வால்பாறை, ஏற்காடு, கொடைக்கானல், என ஊருக்கு ஒன்னு ஏன் நம்ம விடக்கூடாது https://t.co/1LRIHo8u8N",ta,False,False,140,402,2,0,20958,1316922660618719233,VISWA NATHAN,TNEXPLORE,,Pudukkottai ,False,False,15195,2518,138952,[],[],
1987919275756298541,Mon Nov 10 16:24:23 +0000 2025,"SIR பற்றி @mkstalin அவர்கள் வெளியிட்ட காமெடி வீடியோ 😆

@narendramodi @AmitShah @rajnathsingh @nsitharaman @AshwiniVaishnaw

@blsanthosh @MenonArvindBJP @ReddySudhakar21 @NainarBJP @KesavaVinayakan @annamalai_k https://t.co/tCMttrqnv4",ta,False,False,228,639,42,1,6165,428095455,Ashvathaman Allimuthu,asuvathaman,"State Secretary TN BJP, founder Project TamilAi, founder Integral Humanism Foundation, Partner Ashvathaman Associates, director-ledge & law, Director-DEFFO TECH","Tamil Nadu, India",False,True,99593,419,8057,[],[],
2009482092875563058,Fri Jan 09 04:27:19 +0000 2026,"Heartfelt birthday wishes & greetings to our Hon EAM Thiru @DrSJaishankar avl. 

Under his able leadership, the Ministry of External Affairs has been instrumental in elevating India's position on the global stage, and our nation's diplomatic initiatives have reflected strength, clarity, and unwavering commitment to India's national interests, setting new benchmarks in international relations.

Wishing him a wonderful year ahead filled with continued success and good health.",en,False,False,929,5383,77,10,34783,61121030,K.Annamalai,annamalai_k,அறம் செய்ய விரும்பு. BJP Karyakartha.,India,False,True,1011790,886,18286,[],[],
1936607751222018472,Sun Jun 22 02:10:42 +0000 2025,"மதுரையில் இன்று ஜூன் 22 முருகன் பக்தர் மாநாடு நடைபெறுகிறது

 இத்தருணத்தில் தன் வாழ்நாள் எல்லாம் முருக பக்தி பாடல்களை பாடி  தமிழ்நாட்டில் பெரும் ஆன்மீகப் புரட்சி செய்தவர் ஐயா டி எம் சௌந்தரராஜன் அவர்கள் 

அவர் திரையுலகுக்கு பின்னணி பாட வருவதற்கு முன்பு கூட தமிழகம் முழுக்க முருக பஜன் செய்து கொண்டிருந்தவர் இம்மாநாடு நடைபெறும் இந்த நேரத்தில் அவருக்கு மரியாதை செய்ய வேண்டியது நமது கடமை என்று நினைத்தோம்

 எனவே பாஜக தொண்டர்களுடன் மதுரையில் முனிச்சாலை அருகில் உள்ள டி எம் எஸ் சிலைக்கு மாலை அணிவித்து மரியாதை செய்தோம்

இராம ஸ்ரீநிவாசன்",ta,False,False,122,627,17,2,6633,1174692144411566081,Raama Sreenivasan,ProfessorBJP,State General Secretary - BJP Tamil Nadu,"Madurai, Tamilnadu",False,False,103676,481,4436,[],[],
2005963685899215138,Tue Dec 30 11:26:26 +0000 2025,"தமிழகத்தில் எங்கேயுமே கஞ்சா நடமாட்டமே இல்லை என்று கொஞ்சம் கூடக் கூச்சமே இல்லாமல் பேசியிருக்கிறார் திமுக அமைச்சர் திரு. மா.சுப்பிரமணியன் அவர்கள். முதலமைச்சர் திரு @mkstalin நடத்தும் நடைபயிற்சி ஷூட்டிங்கிற்கான ஏற்பாட்டிலேயே தனது முழு நேரத்தையும் செலவிடுவதால், அமைச்சருக்கு உண்மை நிலை தெரிந்திருக்க வாய்ப்பில்லை.

நேற்றைய தினம், திருத்தணியில், 17 வயது சிறுவர்கள், கஞ்சா போதையில் ஒரு வடமாநில இளைஞரை அரிவாளால் கடுமையாக வெட்டிய காணொளியை, அமைச்சர் பொய் என்கிறாரா? தமிழகத்தின் பல பகுதிகளில் கஞ்சா விற்பனை, கடத்தல் மற்றும் வைத்திருப்பு தொடர்பான வழக்குகள் தொடர்ந்து பதிவாகி வருகின்றன. இந்த ஆண்டில் மட்டுமே, தூத்துக்குடியில் திமுக கவுன்சிலரின் மகன் கஞ்சா வழக்கில் கைது செய்யப்பட்ட சம்பவம், சென்னை, ஆவடி பகுதியில் ஆயிரக்கணக்கான கிலோ கஞ்சா பறிமுதல் செய்யப்பட்டது, ராமநாதபுரம், திண்டுக்கல் மற்றும் மதுரை மாவட்டங்களில், கஞ்சா விற்பனை மற்றும் கடத்தல் வழக்குகளில் நூற்றுக்கணக்கான கிலோ கஞ்சா பறிமுதல் செய்யப்பட்டு பலர் கைது செய்யப்பட்டுள்ளது, கஞ்சா விற்பனை வழக்குகளில் சிறை தண்டனை விதித்து நீதிமன்றமே தீர்ப்பளித்துள்ளது என, இவை அனைத்தும் நாம் நாள்தோறும் படிக்கும் செய்திகள். 

கோவையில் கல்லூரி மாணவர் விடுதிகளில் போலீசார் நடத்திய சோதனையில் கஞ்சா உள்ளிட்ட போதைப்பொருட்களும் ஆயுதங்களும் பறிமுதல் செய்யப்பட்டுள்ளன. மாணவர் விடுதிகள் வரை கஞ்சா விற்பனை ஊடுருவியிருப்பது, போதைப்பொருள் எவ்வளவு ஆழமாக தமிழகத்தில் பரவியுள்ளது என்பதற்கான நேரடி சாட்சி. கல்வி வளாகங்களே பாதுகாப்பற்ற நிலையில் இருக்கும்போது, கஞ்சா புழக்கம் இல்லை என்று பேசுவது பொதுமக்களுக்குச் செய்யும் துரோகம். கஞ்சா விற்பனை மற்றும் புழக்கத்தைக் கட்டுப்படுத்த முடியாமல் தோல்வியடைந்த திமுக அரசு, இன்று உண்மையை மறைத்து தப்பிக்க முயல்கிறது.

போதைப்பொருள் சட்ட ஒழுங்கு பிரச்சினை மட்டும் அல்ல. அது தமிழக இளைஞர்களின் எதிர்காலத்தை சிதைக்கும் சமூகப் பேரழிவு. கஞ்சா கடத்துபவர்கள் மீதும் விற்பனை செய்பவர்கள் மீதும் கடுமையான நடவடிக்கை எடுப்பதை விட்டுவிட்டு, முழு பூசணிக்காயைச் சோற்றில் மறைக்க அமைச்சர் திரு மா.சுப்பிரமணியன் முயற்சிப்பது வெட்கக்கேடு.",ta,False,,1502,4298,109,14,72695,61121030,K.Annamalai,annamalai_k,அறம் செய்ய விரும்பு. BJP Karyakartha.,India,False,True,1011790,886,18286,[],[],
2001640560285929810,Thu Dec 18 13:07:52 +0000 2025,"#Erode_Welcomes_Thalapathy 

கொங்கு மண்டலத்தில் இன்று மக்கள் சந்திப்பு நிகழ்ச்சியில் தலைவர் தளபதி அவர்களின் எழுச்சி உரை !

#தமிழகவெற்றிக்கழகம் 
#tamilagavettrikazhagam
| #Erode| #tvk | #TVKCampaign | #Perundurai |#vijaythalapathy #Meeting | #TVKMeeting | #TVKForTN2026 | 🇪🇦 https://t.co/BJpOJbrAkp",ta,False,False,57,128,4,0,381,4000947339,V Sathyabama,V_SathyaBama,Ex Member Of Parliament | 16th Lok Sabha | Tiruppur | Tamil Nadu | TVK | TVKForTN2026 | தமிழக வெற்றிக் கழகம் |,"Tamil Nadu, Tiruppur",False,False,28063,47,4175,"['Erode_Welcomes_Thalapathy', 'தமிழகவெற்றிக்கழகம்', 'tamilagavettrikazhagam', 'Erode', 'tvk', 'TVKCampaign', 'Perundurai', 'vijaythalapathy', 'Meeting', 'TVKMeeting', 'TVKForTN2026']",[],
2001638999186940158,Thu Dec 18 13:01:40 +0000 2025,"#OruPereVaralaaru Lyric Video 
▶️ https://t.co/VHJ2uEtsYc https://t.co/lbGKI0RIp3",en,False,False,47,109,0,1,932,132267828,Actor Vijay Fans,Actor_Vijay,Fan page of @actorvijay | #ThalapathyVijay | #Thalapathy69 | #JanaNayagan | #TVKVijay | #தமிழகவெற்றிக்கழகம் | @tvkvijayhq,"Chennai, India",False,True,1082843,10,38608,['OruPereVaralaaru'],['http://youtu.be/ip8o5hDFLhI'],
2001637130389643356,Thu Dec 18 12:54:15 +0000 2025,இடுவாய் மக்களின் உரிமை காக்கும் எல்லைச்சாமி ❣️ https://t.co/wrhNtd0CV0,ta,False,False,21,69,0,0,370,1260082355924074496,Army of Dheeran Annamalai,annamalai_chap2,"தீரன் அண்ணாமலை தோழர் படை Chapter 1 - SP, DCP, Karnataka Singham Chapter 2 - Social Worker Tamil Nadu","Tamil Nadu, India",False,True,106574,1,58564,[],[],
2001634856430899652,Thu Dec 18 12:45:13 +0000 2025,"Bro still using old Gimmicks to try and make people dislike Vijay with  fake narratives &amp; morphed pics 😃

https://t.co/T6MySy6B13",en,True,False,36,71,2,1,1574,1384732692437102597,Let's X OTT GLOBAL,LetsXOtt,"Official account of @LetsXOtt Reviews , Exclusive Updates  & Box Office Numbers.",Worldwide,False,True,254282,226,19204,[],[],
2001634530734780808,Thu Dec 18 12:43:55 +0000 2025,"வென்றே தீருவோம்.✊🏼🔥

#JusticeForIduvai | #Annamalai https://t.co/yhnLEcvs9Y",ta,False,False,37,118,1,1,1440,1885955664540729344,ᴋᴀʀᴛʜɪ,TwitzKarthi,Modi’s Vision & Annamalai’s Mission | Anti DMK | Views are Personal.,🇮🇳,False,True,3985,195,4625,"['JusticeForIduvai', 'Annamalai']",[],
2001633352940712421,Thu Dec 18 12:39:14 +0000 2025,"How many Vijay fans ONLINE? 👀 

Hit the RETWEET button and mark your attendance. 

#OruPereVaralaaru #JanaNayagan 

 https://t.co/TFiNmRXH0v",en,False,False,207,485,0,0,5439,837957053083611136,Actor Vijay Team,ActorVijayTeam,"Actor Vijay Team Providing Latest News, Information And Pictures. Connecting Thalapathy Vijay Fans Everywhere With Love! Upcoming Film: #JanaNayagan","Kentucky, USA",False,True,91586,43,25712,"['OruPereVaralaaru', 'JanaNayagan']",[],
2001632923406209189,Thu Dec 18 12:37:32 +0000 2025,Fascist mindset of  the DMK government at full display . Arresting Annan @annamalai_k avl for standing with the people of Tirupur shows their intolerance. Strongly condemn this action.,en,True,,26,104,1,0,895,1200257327338680321,karthik gopinath,karthikgnath,"BJP Thondan/karyakarta, founder Ilaya Bharatham.","Chennai, India",False,True,124158,3537,18589,[],[],
2001631703081828610,Thu Dec 18 12:32:41 +0000 2025,"அதிகாரத்தை கொண்டு இடுவாய் மக்களை முடக்கினால், அதை உடைக்க ஆளுமை கொண்ட ஒருவன் வருவான். 🔥

#Annamalai #Iduvai https://t.co/jAvLnl54Jl",ta,False,False,81,190,0,2,1682,2173591035,Bagavath Pratheep,Bagavathprathee,Politics | Tamil | Observer | Tweets & RT Strictly Personal 🙏🏻,நாஞ்சில் நாடு,False,True,8955,383,28548,"['Annamalai', 'Iduvai']",[],
2001628264562073682,Thu Dec 18 12:19:01 +0000 2025,"Director Vijay Kartikeyaa says that Kiccha Sudeep is a very special star.

 Most famous actors want to be the only important person in a movie, but Sudeep is different. In his new movie Mark, he is happy to work with many other talented actors and several different villains at the same time. This shows he cares more about making the story better than just being the only person on screen.

#MarkTheFilm  @KicchaSudeep",en,False,False,30,88,3,1,2491,1384732692437102597,Let's X OTT GLOBAL,LetsXOtt,"Official account of @LetsXOtt Reviews , Exclusive Updates  & Box Office Numbers.",Worldwide,False,True,254282,226,19204,['MarkTheFilm'],[],
2001627377856885053,Thu Dec 18 12:15:29 +0000 2025,"The incompetent DMK Government has arrested Thiru @annamalai_k avl for protesting against the decision to dump garbage in Iduvai.

First, they turn people’s land into a garbage yard. Now, they arrest those who raise their voice against this insensitive and unjust decision.

Is this the Dravidian Model of governance @mkstalin?",en,False,False,30,78,1,0,808,2167816332,APR,amarprasadreddy,"State Secretary TN BJP | Ex Advisor, MOH&FW, Govt. of India | Fr. Chairman, Special Olympics Int. Football Championship & TN Paralympics | Cyber Security | AI",India,False,True,157234,4377,58735,[],[],
2001626840843325782,Thu Dec 18 12:13:21 +0000 2025,"Vijay : மக்களுக்கு ஒன்னுனா விஜய் வந்து நிப்பான் 
மக்கள் : 41 பேர கொன்னுட்டு 40 நாள் வீட்ல  ஒளிஞ்சு கிடத்த பொட்ட பேசுற Dialogue 🤭

#TVKVijay 🤡

https://t.co/2tgjDZv7TW",ta,False,False,36,58,0,0,545,1142364385144426496,தல அரவிந்த்,aravinth43AK,"தமிழன் 🐯 
Heaven must be really small because I can see it on my mummy eyes #AK இதயமாக வச்சிருக்கும் கோடி ரசிகர்களில் நானும் ஒருவன் jaffna.

உலகத்தை நேசி .....",,False,False,40369,2815,36059,['TVKVijay'],[],
2001626397484421200,Thu Dec 18 12:11:36 +0000 2025,15 MILLION views and 2.1 MILLION likes for Thalapathy Vijay’s Erode Selfie Video on Instagram https://t.co/DImVi6ZQ9T,en,False,False,343,1149,0,0,6970,837957053083611136,Actor Vijay Team,ActorVijayTeam,"Actor Vijay Team Providing Latest News, Information And Pictures. Connecting Thalapathy Vijay Fans Everywhere With Love! Upcoming Film: #JanaNayagan","Kentucky, USA",False,True,91586,43,25712,[],[],
2001625348786757677,Thu Dec 18 12:07:26 +0000 2025,"#JUSTIN | தூய அன்பின் துணையோடு... - விஜய் 

  #Erode | #TVK | #Vijay | #TVKVijay https://t.co/valrOjbrtF",ta,False,False,41,126,2,0,2863,622872390,PttvOnlinenews,PttvNewsX,Puthiya Thalaimurai TV (Tamil: புதிய தலைமுறை டிவி) is a 24x7 live news channel,Chennai,False,True,2748842,1,548091,"['JUSTIN', 'Erode', 'TVK', 'Vijay', 'TVKVijay']",[],
2001625272601411750,Thu Dec 18 12:07:08 +0000 2025,"Now I understood why DMK is afraid of Thalapathy. 

He is 3x powerful than MGR 🫡

Not even 10 years, He will rule another 30 years in political for sure 💯📈

 https://t.co/2iig5lKuaY",en,False,False,135,423,3,0,3602,1176870155713839104,ஆதித்யா ஜனநாயகன் 💥,Mr_Perfecttwitz,"Pray for the best, Prepare for the worst ♏",,False,False,8188,3852,120331,[],[],
2001625045941293296,Thu Dec 18 12:06:14 +0000 2025,New Title Card of Dileep in #BhaBhaBa × Thalapathy Vijay 's G.O.A.T Title Card 🔥👌 https://t.co/ABoRS5IkFP,en,False,False,27,171,2,0,7570,1384732692437102597,Let's X OTT GLOBAL,LetsXOtt,"Official account of @LetsXOtt Reviews , Exclusive Updates  & Box Office Numbers.",Worldwide,False,True,254282,226,19204,['BhaBhaBa'],[],
2001624900788982200,Thu Dec 18 12:05:39 +0000 2025,"பொதுமக்கள் வாழ்விடங்களை குப்பை கிடங்காக மாற்றும் அரசை எதிர்த்து போராடினால் தன் சர்வாதிகாரத்தை ஏவுகிறது திமுக அரசு..திரு.அண்ணாமலை அவர்களின் கைது வன்மையாக கண்டிக்கத்தக்கது.. தன் அந்திமத்தை நெருங்குகிறது இந்த ஆட்சி..

#Annamalai https://t.co/wNGD5IOtsI",ta,False,False,24,89,0,0,947,313255248,SundarRajaCholan☀𑌸𑍁𑌨𑍍𑌦𑌰𑍍 𑌰𑌾𑌜 𑌚𑍋𑌳𑌼𑌨☀,sundarrajachola,"வல்லமை தாராயோ-மாநிலம் பயனுற வாழ்வதற்கே. . #Bharathiyan #nationalist🇮🇳 #ThamizhHindu🌟

Chozha Nadu (TamizHagam)", India,False,True,22037,1680,45686,['Annamalai'],[],
2001624096539619659,Thu Dec 18 12:02:27 +0000 2025,"Tamilnadu assembly elections 2026.

1. Met three more voters.
2.  First two around 30 and driving private cars.
3. 1st guy voting DMK in Ponneri.
4. 2nd guy voting TVK in Tambaram. Hails from Pollachi but votes in Tambaram.
5. 3rd guy aged 35 traveling to Kumbakonam by train. Met him in bus. Voting Admk/Bjp. He votes in Kumbakonam.
6. Vijay has a big public meeting in Erode. Good arrangements. Well attended.
7. Calls DMK an evil force.
8. Seng Sir almost says CM will be MGR or JJ, stops himself in time and says Vijay.  I like him.
9. Seng Sir adds value, experience to TVK. 
10. Vijay says more prominent people will join TVK.
11. TVK expected to win Tamilnadu with 160 to 200 seats.
12. Whole day DMK X IT guys ran Spaces pouring hate and scorn on Vijay. It is extreme vanmam. Not unexpected. An entire Samarajyam is being demolished by Vijay brick by brick. Even Humpty Dumpty will seem pretty on counting day as the ruling govt gets ousted in spectacular fashion. Expect whole of India to be shocked at the result.",en,False,,19,75,2,0,1554,4548382813,AwakeHindu (Top gun Pollster),vyasa1968,"Nationalist. BJP / Modi supporter. Politics and Election analysis. Witty and sarcastic. Humorous election/political stories. If you like my tweet, do follow me.",Bharat,False,True,9777,851,125113,[],[],
2001623739738526206,Thu Dec 18 12:01:02 +0000 2025,"இரண்டாக உடைந்த தவெக!

தமிழ்நாட்டு அரசியலில் அதிர்ச்சிகர திருப்பம்! https://t.co/r5EijZilOL",ta,False,False,40,125,13,5,1145,2760378021,Adv. Abubacker ⚖️,Adv_Abubacker,Advocate | Orator | Activist | politician | State Coordinator @ntkmaanavar |,முத்து நகர்,False,False,23052,325,6849,[],[],
2001623617621364746,Thu Dec 18 12:00:33 +0000 2025,"திருப்பூரில் பாஜக முன்னாள் மாநில தலைவர் அண்ணாமலை கைது 
@annamalai_k https://t.co/xUBjPkX1if",ta,False,False,17,64,2,0,871,1418199683885719566,Thamaraikani,kani_twitz24,"ll  Journalist ll Tweets & RTs are My Personal 

'நேர்மையாக  இருந்து பார், எதற்கும் அச்சப்பட தேவையில்லை'",Chennai / Chidambaram ,False,False,1458,540,4545,[],[],
2001623112358797547,Thu Dec 18 11:58:33 +0000 2025,"கழக இளைஞர் அணியின் வடக்கு மண்டல நிர்வாகிகள் சந்திப்பில் கூடிய கொள்கைக் கூட்டம்! 

2026ல் கழகமே மீண்டும் வெல்லும்! 🖤❤️

@Udhaystalin #Youth4DMK2026",ta,False,False,37,53,3,0,466,1157307407384473600,DMK Youth Wing,dmk_youthwing,"The Official DMK Youth Wing, Twitter Account | தி.மு.க. இளைஞர் அணி","Teynampet, Chennai",False,True,174214,211,14700,['Youth4DMK2026'],[],
2001622249011581403,Thu Dec 18 11:55:07 +0000 2025,"பத்திரிக்கை காரங்கள கைக்குள்ள வச்சிட்டு நீ கேட்க வைக்கிற கேள்விக்கு பதில் சொல்லனுமா 😋

நீ தான் தைரியமான ஆளாச்சே , முடிஞ்சா திமுக மேடையில பதில் சொல்லு.",ta,True,,245,597,8,3,8223,3883231259,Prasanna OG,OGprasanna,"Remember my Name 🕴
                                                           Joint Coordinator - TVK Social Media Wing , Thanjavur Zone",India,False,True,144922,3724,68771,[],[],
2001621882521739684,Thu Dec 18 11:53:39 +0000 2025,"உண்மையை சொன்ன அரெஸ்ட் பண்ணி இருகாங்க DMK அரசு

#Annamalai 🔥

 https://t.co/G8rROq3BPq",ta,False,False,20,49,0,1,409,587058490,Murali,MuraliS27,Nationalist,London,False,True,5799,901,62674,['Annamalai'],[],
2001621788149846290,Thu Dec 18 11:53:17 +0000 2025,"#JUSTIN | வாழ்நாளில் இதுவரை இல்லாத வகையில்... - விஜய் 

#Erode | #TVK | #Vijay | #TVKVijay https://t.co/D5mHAoWfuC",ta,False,False,57,198,0,0,2709,622872390,PttvOnlinenews,PttvNewsX,Puthiya Thalaimurai TV (Tamil: புதிய தலைமுறை டிவி) is a 24x7 live news channel,Chennai,False,True,2748842,1,548091,"['JUSTIN', 'Erode', 'TVK', 'Vijay', 'TVKVijay']",[],
2001621631958220835,Thu Dec 18 11:52:40 +0000 2025,"Tamilnadu news ‼

BJP Ex President Annamalai anna detained in Tiruppur
https://t.co/7Xf5XpexJs",en,False,False,40,173,1,1,1290,1483316019326492673,JB,JBtwet,"Proud Hindu 
🚩

alternative ID @jb0tweet",,False,False,5277,846,30010,[],[],
2001621402097717753,Thu Dec 18 11:51:45 +0000 2025,"Condemn the Arrest of Thalaivar #Annamalai avl,  DMK its your last 170 days start counting!
@annamalai_k https://t.co/xhlOpe5y7T",en,False,False,34,130,1,0,850,196182238,M.Vinoth 🇮🇳,MVinothOffl,"#BJP Karyakarta 
 #CentralChennai #Annanagar #RSS #EnmannEnMakkal https://t.co/oy8Z9x11MT","Central Chennai, Bharat",False,False,4247,1415,22565,['Annamalai'],[],
2001621138246713419,Thu Dec 18 11:50:42 +0000 2025,திருப்பூர் மாவட்டம் இடுவாய் ஊராட்சிக்குட்பட்ட சின்னக்காளிபாளையத்தில் பொதுமக்களுக்கு இடையூறான வகையில் தமிழக அரசு அமைக்கும் குப்பைக் கிடங்கிற்கு எதிரான போராட்டத்தில் கிராம மக்களுடன் களத்தில் தலைவர் https://t.co/52PBTieyOb,ta,False,False,130,345,5,0,2114,1260082355924074496,Army of Dheeran Annamalai,annamalai_chap2,"தீரன் அண்ணாமலை தோழர் படை Chapter 1 - SP, DCP, Karnataka Singham Chapter 2 - Social Worker Tamil Nadu","Tamil Nadu, India",False,True,106574,1,58564,[],[],
2001620937079427195,Thu Dec 18 11:49:54 +0000 2025,"நாங்க வேலை வெட்டிக்கே போகமாட்டோம் 

விஜய்னா எங்கெல்லாம் கூட்டம் போடுறாப்லயோ அங்கெல்லாம் போய்டுவோம் 

இதையவே தொழிலா வச்சிட்டு இருக்கோம் 

ஏன்னா ? 

நாங்க தவெக தொண்டர்கள் 

- JD பாசறை https://t.co/VUK9eCxz2O",ta,False,False,44,111,1,2,1767,2478324450,சிலுவை,SiluvaM_,"மதியாதார் தலைவாசல் மிதியாதே ..!!!

D-Stock 🖤❤ தல தோனி ❤ #DravidianAlgorithm",சென்னை ,False,True,27016,4397,213675,[],[],
2001620705969098979,Thu Dec 18 11:48:59 +0000 2025,"நீயே ஒரு கேடுகெட்ட கேரக்ட்டர்டா விஜய்

அதாவது CM அமித்ஷாவை பார்த்து சொன்னா இந்த விஜய் ஏன் கூவுறான்...

இதுக்கு பேர் தான் வாங்குன காசுக்கு மேல கூவுறான் கொய்யா.. https://t.co/mDL9dXywuv",ta,False,False,62,130,4,3,1621,244059328,மெட்ராஸ் பையன்,madraspaiyan_,என்றும் ஒரே தல அஜித் 🔥,"Tamil Nadu,",False,True,19549,1514,97732,[],[],
2001620076257251440,Thu Dec 18 11:46:29 +0000 2025,"விவசாய நிலங்களுக்கு அருகே குப்பைகளைக் கொட்டி, மக்களின் வாழ்வாதாரத்தை அழிக்கும் திருப்பூர் மாநகராட்சியை எதிர்த்து, இடுவாய் மக்களுக்காகக் களம் கண்ட திரு.@annamalai_k அவர்கள் கைது செய்யப்பட்டிருப்பதை வன்மையாகக் கண்டிக்கிறேன்.

மக்களின் நியாயமான போராட்டத்தை ஒடுக்க நினைக்கும் தி.மு.க அரசின் சர்வாதிகாரப் போக்கு கண்டிக்கத்தக்கது. விவசாயிகளின் நலன் காக்கத் துணிந்து நிற்கும் ஒரு தலைவரின் குரலை, காவல்துறையை ஏவி முடக்கிவிடலாம் என்று கனவு காண வேண்டாம். அடக்குமுறைகளைத் தாண்டி மக்கள் பணி தொடரும்.

#Annamalai #DMKFails",ta,False,False,153,426,9,1,4381,46427326,Dr.SG Suryah,SuryahSG,"🚩RSS Bal Swayamsevak 🚩| President - BJP Youth Wing(@BJYMinTN), Tamil Nadu | Leading the Youth of Tamil Nadu towards a developed India | #NationFirst |","Velachery, South Chennai",False,True,144058,613,119202,"['Annamalai', 'DMKFails']",[],
2001619931587338568,Thu Dec 18 11:45:54 +0000 2025,"அவேன் கிட்ட சொல்லி புரிய வைங்க லெண்டா நாங்க அடிக்குறது DMK va 

சிவா வ இல்லைனு  soo 🤦🏻‍♂️",ta,True,,47,172,1,0,2708,1783450752490635264,kokki kumaru ;⁠-）♐,Kokki_upgraded,இனி தான் ஆட்டம் ஆரம்பம் 🔥,,False,False,3585,496,800,[],[],
2001619766721810614,Thu Dec 18 11:45:15 +0000 2025,"இடுவாய் போராட்டத்தில் விடியா மாடல் திமுக அரசை போட்டு பொளந்த @annamalai_k அண்ணா🔥💥

#Annamalai |#DMKFailsTN |#NoVoteToEDMK https://t.co/RIYMtwQ8pu",ta,False,False,25,70,0,1,525,1677921058073247744,நாட்டாமை ⚖️(WarRoom Commander 😎 ),Agmarksanghi,"Annamalai Anna Fan Boy 🦁| Bike Rider 🏍️ |

Social Media Reporter 🧑‍🎤 |

Always Happy Person 🤸🤸‍♂️","Tamilnadu, INDIA🇮🇳",False,True,11779,1547,221147,"['Annamalai', 'DMKFailsTN', 'NoVoteToEDMK']",[],
2001619749650993378,Thu Dec 18 11:45:11 +0000 2025,"இன்னைக்கு நாஞ்சிலார் மட்டும் மேடை ஏறி இருந்தா இதான் நடந்திருக்கும்...😂😂😂

#தற்குறி_விஜய்_கழகம் #சனியின்_பயணம் https://t.co/YU4AAnFKvv",ta,False,False,66,192,2,3,3221,3250725632,Mr. Vetti,iam_Vetti,"'சாமி கும்புடுறேன்' என்பதற்கு எதிரானதல்ல திராவிடம்.. 
'கும்புடுறேன் சாமி' என்பதற்கு 
எதிரானதே திராவிடம்...⚫️🔴 

நான் கண்ணாடி மாதிரி 🥳
பெரியார் பேரன்டா 🏴🚩","Chennai, India",False,True,9951,971,208267,"['தற்குறி_விஜய்_கழகம்', 'சனியின்_பயணம்']",[],
2001619672668737933,Thu Dec 18 11:44:52 +0000 2025,"* தூய்மை பணியாளர்கள் பிரச்சினை 
*பகுதிநேர ஆசிரியர்கள் பிரச்சினை 
* (4000 கோடி) ஸ்டாலின் தான் வந்தாரு நீச்சல் அடிக்க விட்டாரு பிரச்சினை...
இப்படி நிறைய பிரச்சினைகளுக்கு தீர்வே இல்லை...

ஆனால் 
மக்கள் பிரச்சனைய அந்த மக்களையே சந்தித்து தீர்த்து வைக்கும் திரானியும் திமிரும் திமுக விற்கு மட்டுமே உண்டு என்று கூச்சப்படாமல் பரதேசி பசங்க #politcs பேச வந்துட்டான் @DirectorBose  😏😏😏",ta,True,False,73,124,1,0,1515,2300878962,Vîjäy கழகம்™ 🇪🇸,vj_kazahagam,"தமிழினத்தின் அரசியல் ✍️ 
#Civil_engineer 🏢⛺🏛️🏗️
 👉👉Follow me and I'll follow you back👈👈",Australia,False,True,12901,11316,27217,['politcs'],[],
2001619366732009650,Thu Dec 18 11:43:39 +0000 2025,"சேலத்தில நாம் தமிழர் கட்சி சார்பாக தொடங்கியது புரட்சி🔥😎💪

#தமிழ்நாடு வாழ்க💥💥 https://t.co/j2axvl423X",ta,False,False,33,63,1,0,270,1505164268689186816,தமிழ்த்தேசியம் - Thamizh Nationalism ❤💛,Tamil_Thesiyam,"மாற்றத்தை நம்மிடம் இருந்து தொடங்குவோம்..

 தமிழால் இணைவோம்❤💛

Belongs To Tamilian Stock 🔥",,False,False,4109,1486,4004,['தமிழ்நாடு'],[],
2001618624684159134,Thu Dec 18 11:40:43 +0000 2025,"🔴மிகவும் முக்கியமான வார்த்தை: 

\\மக்கள் சந்திப்பு பயணத்தில் எனக்கு போடப்படும் தடைகளில் பல தடைகள் உங்களுக்கு தெரியும். அதேநேரம் உங்களுக்குத் தெரியாத தடைகள் பல.//

 எவ்வளவு அண்ணா  தாங்குவ 😭😭.

தீய சக்தி திமுகவை வீழ்த்தி மனசாட்சி உள்ள மக்களாட்சி அமைப்போம். 

#தீயசக்தி_திமுக",ta,True,,87,269,3,2,2307,1526213505166086147,Informative Diary,viewofthiyagu01,"தவெக கடலூர் மண்டல சமூக ஊடகப்பிரிவு இணை ஒருங்கிணைப்பாளர்..
YouTube channel link
https://t.co/Xr2np055qe",,False,True,6396,339,3027,['தீயசக்தி_திமுக'],[],
2001618578114814291,Thu Dec 18 11:40:31 +0000 2025,"மக்களுக்காக போராடினால் கைது 

கஞ்சா விற்றால் ராஜமரியாதை 

கேடுகெட்ட #திருட்டு_திமுக அரசாங்கம் https://t.co/gqo9aXvApy",ta,False,False,34,94,1,0,541,1148599706,Karthikeyan S 🇮🇳,karthikbjpkarur,Nation First | BJP Karyakarta | #BJP Tamilnadu OBC Morcha Social Media State IN-CHARGE | All Hindu's Are Equal 🕉️ௐ🚩| #2026TN_NDA_Government 💪🇮🇳,"Karur, Tamilnadu, Bharat ",False,True,10721,1612,34613,['திருட்டு_திமுக'],[],
2001618487807283494,Thu Dec 18 11:40:10 +0000 2025,"இடுவாய் மக்களுக்காக போராடிய தலைவர் @annamalai_k அவர்களை கைது செய்துள்ளது இந்த கையாலாகாத திமுக அரசு. 😡

#Annamalai https://t.co/MJdXaYV3Uy",ta,False,False,23,76,2,0,339,1399751295154614279,பேட்டை பிரவின்,PETTAIPRAVEENP,"//Annamalai Army✊❤️‍🔥//

//My inspiration leaders @NarendraModi @annamalai_K ❣️ //",பாரத நாடு,False,False,2969,167,16460,['Annamalai'],[],
2001618297528422476,Thu Dec 18 11:39:25 +0000 2025,"""DMK mocks North Indian states, but the cities there are clean, while Tamil Nadu cities are dirty.""

- BJP leader K Annamalai https://t.co/kp7aMCwqFi",en,False,False,133,693,2,1,5495,1430724718676434950,News Arena India,NewsArenaIndia,One Stop For All Political News,,False,True,260193,434,77891,[],[],
2001618254696190186,Thu Dec 18 11:39:14 +0000 2025,"அண்ணாமலை கைது 
#Annamalai #BJP  #Chanakyaa   

Stay informed with the latest news through Chanakyaa via https://t.co/sbYbLDGPqW https://t.co/2yI6NFNMRb",en,False,False,39,78,1,0,900,1096031374689988609,சாணக்யா,ChanakyaaTv,"அரசியல், சமூக பிரச்சனை , அறிவியல் , கலாச்சாரம் , 
விளையாட்டு , சினிமா மற்றும் பொழுதுபோக்கு அம்சங்களை வழங்கும் ஊடகம்.",,False,True,208331,80,61114,"['Annamalai', 'BJP', 'Chanakyaa']",['http://chanakyaa.in'],
2001618126354739353,Thu Dec 18 11:38:44 +0000 2025,"தலைவர் அண்ணாமலை கைது.

காரணம் - மக்கள் வசிக்கும் இடத்தில் குப்பையை அகற்றக்கோரி போராட்டம்.

திமுகவின் மக்களாட்சி.🤦🏻‍♂️🔥

#Annamalai | #DMKFailsTN https://t.co/nXKxuHYSCF",ta,False,False,141,392,2,4,3030,1885955664540729344,ᴋᴀʀᴛʜɪ,TwitzKarthi,Modi’s Vision & Annamalai’s Mission | Anti DMK | Views are Personal.,🇮🇳,False,True,3985,195,4625,"['Annamalai', 'DMKFailsTN']",[],
2001617517396259318,Thu Dec 18 11:36:19 +0000 2025,"நாம் தமிழர் கட்சி மாநில பொதுகுழு கூட்டம் 
இடம் - திருவேற்காடு GPN Palace
நாள் - 27-10-2025
நேரம் - 10 am

#ntk #seeman https://t.co/VS9zMHJi5P",ta,False,False,35,70,3,0,293,1972449988686012416,Kamali,IndividualWalk,இந்தியாவிலேயே தலைசிறந்த கட்சி NTK.  விரைவில் இந்தியா முழுவதும் பறக்க போகிறது புலிக்கொடி.,,False,False,1276,112,112,"['ntk', 'seeman']",[],
2001616903182360592,Thu Dec 18 11:33:52 +0000 2025,"இதோ நம்ம CM Sir என்ன சொன்னாரு.. யாரை சொன்னாருன்னு கடைசி வரை பாருங்க👍

இந்த தற்குறிப்பயலை ஏன் பாஜக அடிவருடி.. B-Team என்று சொல்கிறோம் என்று புரியும்😂😂😂 https://t.co/9lJNuCOwoH",ta,True,False,53,134,1,2,4570,3032189814,Surya Born To Win,Surya_BornToWin,Mechanical Engineer | Dravidian Stock | Atheist | Rationalist | Anti-Religion | Anti-Caste | பிறப்பொக்கும் எல்லா உயிர்க்கும் | Tweets are My Personal Views |,"Chennai,TamilNadu,Indian Union",False,True,76966,565,163420,[],[],
2001616861121908930,Thu Dec 18 11:33:42 +0000 2025,தமிழக பாஜக முன்னாள் மாநில தலைவர் திரு. @annamalai_k அவர்கள் கைது .அராஜக அரசை வன்மையாக கண்டிக்கிறோம். https://t.co/WGUwevcZAg,ta,False,False,27,91,0,0,583,1312336917523038211,Karu.Nagaraajan,KaruNagarajan,Official Twitter Account of Shri.Karu Nagarajan I  karyakartha | State Vice President @bjp4tamilnadu,"Chennai, India",False,True,38789,165,5925,[],[],
2001616832327987275,Thu Dec 18 11:33:35 +0000 2025,"#JustNow | தவெகவில் இருந்து விலகி லட்சிய ஜனநாயக கட்சியில் இணைந்தார் நடிகர் தாடி பாலாஜி!

#SunNews | #DhaadiBalaji | #LJK | #TVK https://t.co/i4En2Svsnh",ta,False,False,87,820,73,40,45438,1079310252,Sun News,sunnewstamil,"Welcome to Sun News, The Tamil News Channel from Sun TV Network.","Chennai, India",False,True,3022363,28,383216,"['JustNow', 'SunNews', 'DhaadiBalaji', 'LJK', 'TVK']",[],
2001616828163047867,Thu Dec 18 11:33:34 +0000 2025,"திருப்பூர் இடுவாய் மக்களுக்காக போராடிய அண்ணன் அண்ணாமலை அவர்களை கைது செய்துள்ளது இந்த 
திறனற்ற திமுக அரசு.
#Annamalai https://t.co/DfaMJgcgRr",ta,False,False,25,80,1,0,446,3022791327,Santhosh Krishnan,sashkrish18,அறம் செய்ய விரும்பு !,"Chennai, Tamil Nadu .Bharat",False,False,2237,56,17303,['Annamalai'],[],
2001616803223732407,Thu Dec 18 11:33:28 +0000 2025,"இடுவாய் மக்களுக்காக போராடிய தலைவர் @annamalai_k அவர்களை கைது செய்துள்ளது இந்த கையாலாகாத திமுக அரசு. 😡

#Annamalai https://t.co/QaOrxwpDfl",ta,False,False,109,334,3,0,2751,1635936751121502208,🏍️🅟︎🅤︎🅛︎🅢︎🅐︎🅡︎_220🏍️,Pulsar220_,"𝘬ꪮꪀᧁꪗ 𝓽ꪖꪑ𝓲ꪶꪖꪀ💚| ꪀꪖ𝓽𝓲ꪮꪀꪖꪶ𝓲𝘴𝓽 🇮🇳 | 
᥇𝓲𝘬ꫀ 𝘳𝓲ᦔꫀ𝘳🏍️ | ꪖꪀꪀꪖꪑꪖꪶꪖ𝓲 ꪗꪖ𝘳🙏🕉️","Kolkata, India",False,False,6665,2906,25960,['Annamalai'],[],
2001616632284877035,Thu Dec 18 11:32:48 +0000 2025,"திமுகவை தீயசக்தி என விமர்சித்த விஜய்.. உதயநிதி ஸ்டாலின் கொடுத்த பதில்

#UdhayanidhiStalin | #DMK | #TVKVijay | #TVK | #Vijay https://t.co/NZpFG6gfN5",ta,False,False,31,216,11,2,16278,622872390,PttvOnlinenews,PttvNewsX,Puthiya Thalaimurai TV (Tamil: புதிய தலைமுறை டிவி) is a 24x7 live news channel,Chennai,False,True,2748842,1,548091,"['UdhayanidhiStalin', 'DMK', 'TVKVijay', 'TVK', 'Vijay']",[],
2001616581483467226,Thu Dec 18 11:32:35 +0000 2025,"TVK and DMK Opposing the Neet for the same reason. They don't want the marginalized people to be uplifted educationally. 

@arivalayam @TVKVijayHQ @BJP4TamilNadu https://t.co/AvuwgSwf3q",en,False,False,33,136,1,1,1389,4574087053,Vinoj P Selvam,VinojBJP,"BJP, Tamil Nadu.","Chennai, India",False,True,124944,743,13567,[],[],
2001616252868137344,Thu Dec 18 11:31:17 +0000 2025,"கொங்கு மண்டலத்தில் தலைவர் தளபதி அவர்களின் வருகை.!

#தமிழகவெற்றிக்கழகம் 
#tamilagavettrikazhagam
| #Erode| #tvk | #TVKCampaign | #Perundurai |#vijaythalapathy #Meeting | #TVKMeeting | #TVKForTN2026 | 🇪🇦 https://t.co/Ucsh9jdpj6",ta,False,False,722,2454,25,0,11928,4000947339,V Sathyabama,V_SathyaBama,Ex Member Of Parliament | 16th Lok Sabha | Tiruppur | Tamil Nadu | TVK | TVKForTN2026 | தமிழக வெற்றிக் கழகம் |,"Tamil Nadu, Tiruppur",False,False,28063,47,4175,"['தமிழகவெற்றிக்கழகம்', 'tamilagavettrikazhagam', 'Erode', 'tvk', 'TVKCampaign', 'Perundurai', 'vijaythalapathy', 'Meeting', 'TVKMeeting', 'TVKForTN2026']",[],
2001615816656326952,Thu Dec 18 11:29:33 +0000 2025,"களத்தில் தலைவர் அண்ணாமலை அண்ணன்🔥

#Annamalai https://t.co/huYj7P6dbp",ta,False,False,52,157,1,0,1756,1845845527466004481,MR.Anil,Saffron_Anil_,தமிழ் இந்து🚩| Dreamer of Hindu Rashtra🚩| #Writer | #SocialMediaReporter,HinduRashtra🚩,False,True,6435,266,10710,['Annamalai'],[],
2001615632648069280,Thu Dec 18 11:28:49 +0000 2025,"நூறு நாள் வேலை திட்ட திருத்தம் , காந்தி பெயர் நீக்கத்தை எதிர்த்து திமுக போராடுகிறது.

SIR ஐ எதிர்த்து திமுக போராடுகிறது

திருப்பரங்குன்றப் பிரச்சனையில் மதச்சார்பின்மை நிலைப்பாடு மற்றும் உண்மையை நிரூபிக்க திமுக போராடுகிறது.

பாஜகவிற்கு எதிராக பத்தாண்டுகளாக திமுக உறுதியுடன் போராடுகிறது. அதற்கு எதிராக இந்திய அளவில் அணியையே உருவாக்க காரணமாக இருந்தது.

தமிழ்நாட்டை கைப்பற்றுவேன் என அமித்ஷா சண்டித்தனமாகப் பேசியதை எதிர்த்து, வந்து பார் என திமுக மார்தட்டி நிற்கிறது. 

நீ இதைப்பற்றி எதுவும் பேசாமல் 
திமுகவைப் பேசுகிறாயே ப்ரோ.
இட்ஸ் வெரி ராங் ப்ரோ.",ta,False,False,85,255,12,2,4089,2508356983,Surya Xavier,suryaxavier1,Writer,Tirunelveli,False,True,81586,161,6822,[],[],
2001615432437092369,Thu Dec 18 11:28:01 +0000 2025,“கல்வியில் சிறந்த தமிழ்நாடு” என்று பயன்பெற்ற மாணவ மாணவிகள் தங்கள் அனுபவத்தைப் பகிர்ந்துகொண்டால் நீ கொள்கை எதிரி னு சொல்லிக்கிற சங்கிகளுக்கு எரியனும் … ஒரு வாரம் கோட்டு அடித்துவந்து ஒளறும் உனக்கு ஏன் எரியுது ?,ta,False,,29,81,3,0,1211,121985089,Vignesh Anand,VigneshAnand_Vm,Belongs to the Dravidian Stock || Views are strictly personal .,"தமிழ்நாடு, இந்திய ஒன்றியம்",False,True,19360,453,62709,[],[],
2001614935957344511,Thu Dec 18 11:26:03 +0000 2025,"அண்ணாமலை கைது

#tiruppur #iduwaigarbagedumpingissue #bjpprotests #Annamalai #BJP #annamalaiarrest #NewsUpdate #TamilJanam https://t.co/CbMGmeyhw1",ta,False,False,36,68,1,0,423,1607972885825716224,Tamil Janam,TamilJanamNews,"Tamil Janam, the new-age Tamil news channel, which focuses on upkeeping the core Indian values",,False,True,18853,5,58704,"['tiruppur', 'iduwaigarbagedumpingissue', 'bjpprotests', 'Annamalai', 'BJP', 'annamalaiarrest', 'NewsUpdate', 'TamilJanam']",[],
2001614871138562478,Thu Dec 18 11:25:48 +0000 2025,"They can change names but cannot erase the immortal legacy of Mahatma Gandhi ji!

The Tamil Nadu PCC, under the leadership of its President @SPK_TNCC ji along with leaders of the INDIA alliance condemned the renaming and restructuring of the world's largest social welfare scheme MGNREGA. 

The protest in Chennai also saw the participation of state, district and local Congress leaders and workers.

📍Tamil Nadu",en,False,False,87,194,8,0,3418,1153045459,Congress,INCIndia,India’s Most Vibrant Political Movement - Indian National Congress | Jai Samvidhan ✊🇮🇳,"New Delhi, India",False,True,11426539,525,168738,[],[],
2001614367998247032,Thu Dec 18 11:23:48 +0000 2025,"//மக்கள் பிரச்சனைய அந்த மக்களையே சந்திச்சு தீர்த்து வைக்கும் திரானியும் திமிரும் திமுக விற்கு மட்டுமே உண்டு..//

தூய்மை பணியாளர்கள்:- https://t.co/9f8aM9OQ5U",ta,True,False,92,288,0,0,1737,922381820011757568,𝐓𝐡𝐚𝐥𝐚𝐩𝐚𝐭𝐡𝐲 𝐕𝐢𝐣𝐢,Thalapathy_Vji,"TVK  Supporter | Video Creator |
Thalapathy  Vijay Forever ♥✨",தமிழ்நாடு,False,False,4591,5069,55262,[],[],
2001613536636866690,Thu Dec 18 11:20:29 +0000 2025,"There is a strong, undeniable anti-incumbency &amp; clear anger against the DMK govt. The crowd at today’s TVK meeting at Erode shows that. If the DMK says 'people came only to see an actor' or 'crowds won’t become votes', they are only fooling themselves &amp; ignoring the public mood.",en,False,,59,151,1,2,3202,167066083,Vinodh Arulappan,VinodhArulappan,"Journalist | 
bylines/credits @thewire_in @TheQuint @thesouthfirst @NewIndianXpress @citizenmatters @minnambalamnews @news7tamil @vijaytelevision","Tamil Nadu, India",False,False,4094,2062,6286,[],[],
2001613252103684308,Thu Dec 18 11:19:22 +0000 2025,"K.அண்ணாமலை கைது 
################
திருப்பூரில் குடியிருப்பு பகுதியில் குப்பை கொட்டுவதை எதிர்த்து பாஜக நடத்திய போராட்டத்தில் முன்னாள் மாநில தலைவர் திரு கே அண்ணாமலை கைது.
@annamalai_k அவர்களை கைது செய்த காவல் துறையை கண்டிக்கின்றோம் மக்களுக்காக நீதி கேட்டு போராடக் கூடாதா?
@blsanthosh",ta,False,False,30,118,0,0,983,1312336917523038211,Karu.Nagaraajan,KaruNagarajan,Official Twitter Account of Shri.Karu Nagarajan I  karyakartha | State Vice President @bjp4tamilnadu,"Chennai, India",False,True,38789,165,5925,[],[],
2001612553869529352,Thu Dec 18 11:16:35 +0000 2025,"தமிழ்நாடு பள்ளிகள் குறித்து
தலைமை தற்குறியின் உளறல்களும்-உண்மையும்.

கடந்த ஐந்து ஆண்டுகளில் 200-க்கும் மேற்பட்ட அரசு பள்ளிகளை திமுக அரசு மூடியதாக விஜய் கூறுகிறார். ஆனால் தமிழ்நாடு அரசின் கல்வித் துறை வெளியிட்டுள்ள UDISE+ தரவுகளின்படி, அதிகாரப்பூர்வ புள்ளிவிவரங்கள் அந்தக் கூற்றை ஆதரிக்கவில்லை.

அரசுத் தரவுகளின்படி, 2019–20 ஆம் ஆண்டில் 37,579 ஆக இருந்த அரசு பள்ளிகளின் எண்ணிக்கை, 2023–24 ஆம் ஆண்டில் 37,672 ஆக உயர்ந்துள்ளது. இதன் மூலம் கடந்த ஐந்து ஆண்டுகளில் தமிழ்நாட்டில் நிகரமாக 93 அரசு பள்ளிகள் கூடுதலாக செயல்பாட்டில் வந்துள்ளன என்பது தெளிவாகிறது.

பத்தாண்டு காலப் போக்கை நோக்கினால், 2016–17 ஆம் ஆண்டில் அதிகபட்சமாக 38,307 அரசு பள்ளிகள் இருந்துள்ளன. அதன் பின்னர் அதிமுக ஆட்சிக்காலத்தில், குறிப்பாக எடப்பாடி பழனிசாமி முதல்வராக இருந்த காலத்தில், பள்ளிகளின் எண்ணிக்கையில் சிறிய சரிவு ஏற்பட்டது. ஆனால் 2020–21 முதல் இந்த எண்ணிக்கை மீண்டும் நிலையான உயர்வை நோக்கி நகர்கிறது.

அரசு வெளியிட்டுள்ள ஆண்டுவாரியான தரவுகள்:

🔹2019–20: 37,579 பள்ளிகள்
🔹2020–21: 37,589 பள்ளிகள்
🔹2021–22: 37,636 பள்ளிகள்
🔹2022–23: 37,658 பள்ளிகள்
🔹2023–24: 37,672 பள்ளிகள்

இந்த எண்ணிக்கைகள், தமிழ்நாடு அரசு கல்வித் துறைக்கு வழங்கும் முக்கியத்துவத்தையும், குறிப்பாக கிராமப்புறம் மற்றும் பின்தங்கிய பகுதிகளில் கல்வி வசதிகளை விரிவுபடுத்தும் முயற்சிகளையும் வெளிப்படுத்துகின்றன. பள்ளிகளின் எண்ணிக்கையை அதிகரிப்பதோடு சேர்த்து, உள்கட்டமைப்பு மேம்பாட்டின் மூலம் அரசுப் பள்ளிகளின் தரமும் தொடர்ச்சியாக உயர்த்தப்பட்டு வருகிறது.

அதற்கான தெளிவான பிரதிபலிப்பாக, 2025–26 கல்வி ஆண்டில் தமிழ்நாடு அரசுப் பள்ளிகளில் சுமார் 4.07 லட்சம் மாணவர்கள் புதிதாக சேர்ந்துள்ளனர். இது கடந்த கல்வி ஆண்டின் (3.2 லட்சம்) சேர்க்கையை விட குறிப்பிடத்தக்க அளவில் அதிகம். அரசுப் பள்ளிகளின் மீதான நம்பிக்கை மீண்டும் வலுப்பெற்று வருவதை இந்த மாணவர் சேர்க்கை உயர்வு உறுதிப்படுத்துகிறது.

மேலும், சில அரசு பள்ளிகள் “மூடப்படுவது” என்பது முழுமையான பள்ளி ஒழிப்பு நடவடிக்கையாகப் பொருள் கொள்ள முடியாது. நீண்ட காலமாக ஒரு மாணவர் கூட சேராத, பூஜ்ஜியச் சேர்க்கை (Zero Enrolment) கொண்ட பள்ளிகள் தற்காலிகமாக மூடப்பட்டு அருகிலுள்ள பள்ளிகளுடன் இணைக்கப்படுவது பல ஆண்டுகளாக நடைமுறையில் உள்ள நிர்வாக செயல்முறைதான்.

ஒரு பக்கம் மாணவர் இல்லாத பள்ளிகள் மூடப்பட்டாலும், மறுபக்கம் மக்கள் நடமாட்டம் உள்ள பகுதிகளில் புதிய பள்ளிகள் திறக்கப்படுவதால் தமிழ்நாட்டில் அரசுப் பள்ளிகளின் எண்ணிக்கை நிலையாகவோ அல்லது அதிகரித்தோ தான் உள்ளது.
அதாவது, இது குறைப்புச் செயல்முறை அல்ல; தேவைக்கு ஏற்ப பள்ளி வலையமைப்பை சீரமைக்கும் நிர்வாக நடவடிக்கை.

அதேபோல், தொடக்கப் பள்ளிகள் நடுநிலைப் பள்ளிகளாகவும், உயர்நிலைப் பள்ளிகள் மேல்நிலைப் பள்ளிகளாகவும் தரம் உயர்த்தப்படும் போது, பழைய வகைப்பாட்டில் பள்ளிகளின் எண்ணிக்கை குறைவாகத் தோன்றலாம்.

மக்கள் தொகை குறைவான பகுதிகள், போக்குவரத்து வசதி குறைந்த மலைக் கிராமங்கள் மற்றும் புதிய குடியிருப்புப் பகுதிகளில் மாணவர்களின் கல்வி உரிமையை உறுதி செய்ய, புதிய தொடக்கப் பள்ளிகள் தொடங்கப்பட்டுள்ளன. 

குறிப்பாக, மலைப் பிரதேசங்கள் மற்றும் புதிதாக உருவான குடியிருப்புகளில் அண்மையில் 13 புதிய அரசு பள்ளிகளை தமிழ்நாடு அரசு தொடங்கியுள்ளது. சில இடங்களில் மாணவர் சேர்க்கை இல்லாத பள்ளிகள் மூடப்பட்டாலும், புதிய பள்ளிகள் தொடங்கப்பட்டதும், பல பள்ளிகள் தரம் உயர்த்தப்பட்டதும் காரணமாக மொத்த எண்ணிக்கை நிகரமாக உயர்ந்துள்ளது.

இன்று தமிழ்நாடு அரசு பள்ளிகளின் எண்ணிக்கையை உயர்த்துவதோடு மட்டுமல்லாமல், உள்ள பள்ளிகளின் தர மேம்பாட்டிலும் அதிக கவனம் செலுத்தி வருகிறது. 

முதலமைச்சரின் காலை உணவுத் திட்டம், அரசுப் பள்ளி மாணவர்களுக்கான 7.5% இடஒதுக்கீடு, ஸ்மார்ட் வகுப்பறைகள் உள்ளிட்ட உள்கட்டமைப்பு மேம்பாட்டு திட்டங்கள் அரசுப் பள்ளிகளை மாணவர்கள் விரும்பும் கல்வி நிலையங்களாக மாற்றி வருகின்றன. 

பள்ளிகளின் எண்ணிக்கையில் ஏற்பட்டுள்ள இந்த சீரான வளர்ச்சியும், மாணவர் சேர்க்கையில் காணப்படும் கணிசமான உயர்வும், அடித்தட்டு மாணவர்களுக்கான கல்வி வாய்ப்பு தொடர்ந்து உறுதி செய்யப்படுவதை தெளிவாக காட்டுகிறது.

இதையெல்லாம் பார்த்து முடிந்தால் யாராவது விஜய்க்கு இந்த அதிகாரப்பூர்வத் தரவுகளை கொடுத்து, அமைதியாக உட்கார வைத்து புரியவைக்கவும். அப்படியும் புரியுமாவென்று தெரியவில்லை. ஏனென்றால் facts-க்கும் fiction-க்கும் உள்ள வித்தியாசம் தெரியாத தற்குறி!",ta,False,False,53,119,4,2,1925,2508356983,Surya Xavier,suryaxavier1,Writer,Tirunelveli,False,True,81586,161,6822,[],[],
2001612170682077360,Thu Dec 18 11:15:04 +0000 2025,"அன்று எம்ஜிஆர் 🥹
இன்று விஜய் ❤️🔥👑

#உங்கவிஜய்_நா_வரேன் #Thalapathy #ThalapathyVijay #JanaNayagan https://t.co/sf6RwesvA6",ta,False,False,27,67,0,0,592,1562539119447719937,Suresh,Suresh199104,"Team Leader - IT 💻| TVK Party Member 🏛️| Social Media Influencer 🌐🤳🏻📢| Cricket 🏏 | Cinema 🍿🎥 | Traveler✈️ |Follow Back 💯🔙
Backup ID: @Sures90155",,False,True,14273,13244,26773,"['உங்கவிஜய்_நா_வரேன்', 'Thalapathy', 'ThalapathyVijay', 'JanaNayagan']",[],
2001612085596426490,Thu Dec 18 11:14:44 +0000 2025,"திருப்பூரில்

குப்பை கொட்டுவதற்கு எதிர்ப்பு தெரிவித்து 
அண்ணாமலை
போராட்டம் நடத்தினால் அதற்கு பரிசு .... கைது 

குப்பை கொட்டுபவனுக்கு மேயர் பதவி 

எதிர்ப்பவனுக்கு ஜெயில் 

திராவிட மாடல் அரசின் நியாயம் புரிகிறதா
@annamalai_k 
@BJP4TamilNadu",ta,False,,36,94,4,0,788,4203189080,S.R.SEKHAR 🇮🇳,SRSekharBJP,"Swayamsevak, Treasurer @BJP4TamilNadu , Publisher- @oreynaadu_tn 
1975 Emergency -Detenue, 
1998 Coimbatore blast Survivor,
Writer,Psychologist,Lawyer","Tamil Nadu, India",False,True,73959,1473,26317,[],[],
2001611997583151221,Thu Dec 18 11:14:23 +0000 2025,"பயம் வருவதற்கு காரணம் என்ன படைபலம்  .!🔥

#TVK @TVKVijayHQ
 https://t.co/87MM4S8IDk",ta,False,False,25,74,0,0,547,897482638927118337,Online Vijay FC,OnlineVijayFC,An Active Portal for all #Thalapathy @actorvijay Fans where you get instant updates about our Idol. Follow Back Up-@Online_VijayFC,"Tamil Nadu, India",False,False,35113,14,21673,['TVK'],[],
2001611818675147014,Thu Dec 18 11:13:40 +0000 2025,"வேணாம்னு விட்டு வச்சிருக்கோம் 🤟😎 

தெறி #TVKVijay 💥 https://t.co/FDEsblOPnq",ta,False,False,54,198,1,0,1383,1866396922862604288,𝐓𝐕𝐊 𝐃𝐢𝐧𝐬𝐡𝐮,TVK_Dinshu,Hills💚 #Cyberophile | Loyal to @actorvijay ♥️ | BGMI : 5223975779,"Sholinganallur, Chennai ",False,True,3417,608,35847,['TVKVijay'],[],
2001611788778111174,Thu Dec 18 11:13:33 +0000 2025,"செருப்பால அடிச்ச மாதிரி கேட்ருக்காரு.. 🔥🔥🔥🔥🔥🔥🔥🔥🔥🔥🔥🔥🔥🔥🔥🔥
மழை, புயல், கொரோனோ எது வந்தாலும் மக்களோட மக்களா களத்துல நிக்கிற திமுக வை..

கேன கிறுக்கன் ஒருத்தன் என்னமோ பேசுறான்னு..

அதை தூக்கிட்டு வந்து கேள்வி கேட்டுட்டு இருக்கானுங்க.. https://t.co/lE1PRTAGpX",ta,False,False,323,978,38,10,20598,1797483866468634625,Jaya Kanagaraja,Jayakanagaraja,O - Negative ரத்தம் தேவைக்கு அழைக்கலாம்.. ❤️,,False,True,8665,1324,42353,[],[],
2001611667201839323,Thu Dec 18 11:13:04 +0000 2025,"𝗩𝗜𝗦𝗛𝗪𝗔𝗚𝗨𝗥𝗨 @narendramodi 𝐉𝐢  
🔹#𝐖𝐎𝐑𝐋𝐃_𝐋𝐄𝐀𝐃𝐄𝐑_𝐌𝐎𝐃𝐈 ⚜️
🔸ɪʀʀᴇᴘʟᴀᴄᴇᴀʙʟᴇ @annamalai_k 𝐉𝐢
🔹#𝐄𝐗_𝐈𝐏𝐒_𝐀𝐍𝐍𝐀𝐌𝐀𝐋𝐈_𝐉𝐈 ⭐🔹
#எண்_மண்_என்_மக்கள் 🦁 ✨
#ISupportJusticeGRSwaminathan
💓
இவர் டூப்புப் போட்டு திரையில் நடித்த நடிகன் இல்லை‼️🤗

மக்களின் தூய அன்பைப் பெற்ற தமிழகத்தின் நாளைய நம்பிக்கை
மக்கள் தலைவர் அண்ணன் அண்ணாமலை அவர்கள்‼️🫰🔥

𝗛𝗲 𝗶𝘀 𝗻𝗼𝘁 𝗮𝗻 𝗮𝗰𝘁𝗼𝗿 𝘄𝗵𝗼 𝗽𝗲𝗿𝗳𝗼𝗿𝗺𝗲𝗱 𝗼𝗻 𝘀𝗰𝗿𝗲𝗲𝗻 𝘄𝗶𝘁𝗵 𝗮 𝗱𝘂𝗽𝗲‼️
𝗛𝗲 𝗶𝘀 𝘁𝗵𝗲 𝗣𝗲𝗼𝗽𝗹𝗲’𝘀 𝗟𝗲𝗮𝗱𝗲𝗿 𝗮𝗻𝗱 𝗕𝗿𝗼𝘁𝗵𝗲𝗿 𝗞․𝗔𝗻𝗻𝗮𝗺𝗮𝗹𝗮𝗶 𝗝𝗶,
𝘁𝗵𝗲 𝘁𝗼𝗺𝗼𝗿𝗿𝗼𝘄’𝘀 𝗵𝗼𝗽𝗲 𝗼𝗳 𝗧𝗮𝗺𝗶𝗹 𝗡𝗮𝗱𝘂, 𝗯𝗹𝗲𝘀𝘀𝗲𝗱 𝘄𝗶𝘁𝗵 𝘁𝗵𝗲 𝗽𝘂𝗿𝗲 𝗹𝗼𝘃𝗲 𝗼𝗳 𝘁𝗵𝗲 𝗽𝗲𝗼𝗽𝗹𝗲‼️
🔥🫰🦁✨

🪷🙏🏻🪷
@NaMoInTamil @annamalai_k
@BJP4India @BJP4TamilNadu
✨
#தமிழகத்தின்_சிங்கம் 🦁
#பெண்கள்_பாதுகாப்பு 🛡️
#தமிழகம்_வளரட்டும் 📈
#தாமரை_மலரட்டும் 🪷
#AnnamalaiForTN
#VoteForProgress 🗳️
#TNForBetterFuture 🌟
#தமிழகம்_முன்னேறட்டும் 🪷",ta,False,False,27,64,1,0,379,1240581421061693440,ᴛɪʀɪꜱʜᴀɴᴋᴀʀᴀᴘᴀɴᴅɪᴀɴ Moᴅɪꜰᴀᴍɪʟʏ,MODIFORCE_TIRI,ᴠᴀᴅᴀᴍᴀʟᴀʏᴀɴ 🪷 https://t.co/k5HjIKqL8x 🇮🇳 ɴᴀᴛɪᴏɴ ꜰɪʀꜱᴛ https://t.co/vX7qaM6JNJ🚩ᴍᴜᴍʙᴀɪ ɪᴛ 𝕏 ꜱᴍ ᴄᴇʟʟ #தங்கம்_எங்கள்_சிங்கம்✨ @annamalai_k✴️https://t.co/z6nRL4PeG9🐦, 𝐁𝐇𝐀𝐑𝐀𝐓 ᴍᴀʜᴀʀᴀꜱʜᴛʀᴀ ,False,True,11043,10229,140474,"['𝐖𝐎𝐑𝐋𝐃_𝐋𝐄𝐀𝐃𝐄𝐑_𝐌𝐎𝐃𝐈', '𝐄𝐗_𝐈𝐏𝐒_𝐀𝐍𝐍𝐀𝐌𝐀𝐋𝐈_𝐉𝐈', 'எண்_மண்_என்_மக்கள்', 'ISupportJusticeGRSwaminathan', 'தமிழகத்தின்_சிங்கம்', 'பெண்கள்_பாதுகாப்பு', 'தமிழகம்_வளரட்டும்', 'தாமரை_மலரட்டும்', 'AnnamalaiForTN', 'VoteForProgress', 'TNForBetterFuture', 'தமிழகம்_முன்னேறட்டும்']",[],
2001611293736968343,Thu Dec 18 11:11:35 +0000 2025,திருப்பூர் மாவட்டம் இடுவாய் மக்களுக்காக போராடிய தலைவர் @annamalai_k அவர்களை கைது செய்துள்ளது இந்த கையாலாகாத திமுக அரசு. https://t.co/clyZvj347U,ta,False,False,27,75,1,0,433,1399751295154614279,பேட்டை பிரவின்,PETTAIPRAVEENP,"//Annamalai Army✊❤️‍🔥//

//My inspiration leaders @NarendraModi @annamalai_K ❣️ //",பாரத நாடு,False,False,2969,167,16460,[],[],
2001611208122896711,Thu Dec 18 11:11:14 +0000 2025,"மக்களிடம் பொய் சொல்லி #டிமிக்கி கொடுத்து அதிகாரத்திற்கு வந்த நீங்கள் எங்களை விமர்சிக்க தகுதியும்,அருகதையும் கிடையாது மிஸ்டர் போஸ்ஸ்ஸ்.
பொய் சொல்லி ஓட்டு வாங்கியதை நினைத்து கூச்சமாக இல்லையா? 
மக்களை இப்படி நம்ப வைத்து ஏமாற்றி விட்டோமே என்ற உறுத்தல் இல்லையா?

#டிமிக்கி கட்சி திமுக.",ta,True,,675,1839,34,1,23995,1593173957238480897,Loyola Mani,LoyolaMani,"I  AM A SOCIOLOGIST,
கழகக் கொள்கைப் பரப்பு இணைச் செயலாளர் | தமிழக வெற்றிக் கழகம் |சமத்துவம்| ஜனநாயகம் |
சமூக நீதி | அம்பேத்கர் | பெரியார் | அண்ணா | தளபதி |",,False,True,35530,706,3913,"['டிமிக்கி', 'டிமிக்கி']",[],
2001611199893639576,Thu Dec 18 11:11:12 +0000 2025,"தமிழக வெற்றிக் கழக பொறுப்பாளர்களை விட விமர்சனம் என்ற பெயரில் தளபதி பேச்சுகளை, செய்திகளை அதிகம் பகிரும் திமுக 😁🤣 https://t.co/kXolzapqiM",ta,False,False,25,125,0,0,1136,252601898,Devakumaar,DevakumaarOffcl,"BPT, F. Ortho, MBA Hospital Mangt • LLB ⚖️ • Ortho Physio • Joint Pain & Spine specialist • Legal Consultant (LLB) • Activist • தமிழக வெற்றிக் கழகம் 🔥",TamilNadu ,False,True,4607,1696,10134,[],[],
2001610492239057364,Thu Dec 18 11:08:24 +0000 2025,"Real life 🔥🔥🔥

 https://t.co/yeB291RHaj",en,False,False,20,92,0,0,811,86416535,தமிழக வெற்றிக் கழகம் (செய்திகள்),TVK_NewsTrichy,| தமிழக வெற்றிக் கழகம் | தகவல் தொழில்நுட்ப அணி - இணை ஒருங்கிணைப்பாளர்| @TVKHQITWingoffl | @TVKVijayHQ |,,False,True,63004,1673,52178,[],[],
2001610326916083718,Thu Dec 18 11:07:44 +0000 2025,"Thalapathy Vijay dances to MGR’s ‘Naan Aanaiyittal’ in Jana Nayagan.🔥

There is a scene where vintage legends of Tamil cinema appear behind Thalapathy, entering with a gun in hand. An Avengers-style moment. ✊🏻💥Around 10 artists portray icons like Sivaji, Vijayakanth, Bhagyaraj, & Nagesh 👌🏻🤯",en,False,False,132,875,3,2,17400,1030266727,KARTHIK DP,dp_karthik,Rêveuse 👌 #SoftwareEngineer 👨‍💻| #Photoshop 👨‍🎨 | #VideoEditor 🎥| #Thalapathy 🔥|#ViratKohli 1⃣8⃣| #YSR 🎼| #JB 👨‍🎤|#Riri 👩‍ #தமிழகவெற்றிக்கழகம்,Pondicherry,False,True,39529,984,163711,[],[],
2001609727403516183,Thu Dec 18 11:05:21 +0000 2025,Erode Meet HQ pic https://t.co/71OEWTyBGv,en,False,False,46,153,0,1,1569,875024842814242816,TVK WORLD,TVK_WORLD,#தமிழகவெற்றிக்கழகம்  maintaining by @official_Tvmp Team | Admin - @IM_Back2026,India,False,True,71945,8,7362,[],[],
2001608704559600031,Thu Dec 18 11:01:17 +0000 2025,"செங்கோட்டையன் போன்ற முக்கிய தலைவர்கள் மற்றும் மாற்று கட்சியினர் நம்மோடு வரவிருக்குன்றனர் - விஜய்

Meanwhile Uncle 👇😄 

#தீயசக்தி_திமுக https://t.co/hYS9buwmg9",ta,False,False,72,305,2,0,3180,633760630,BOSS TVK ❤️💛❤️,BossTVK,"சமூக ஊடக அணி வேலூர் மண்டல இணை ஒருங்கிணைப்பாளர் |
பிறப்பொக்கும் எல்லா உயிர்க்கும் |மதசார்பற்ற சமூகநீதி|
#TVK  | என்றும் தலைவர் விஜய் வழியில்|
அரசியல் பழகு",Tamilnadu,False,False,4229,541,9201,['தீயசக்தி_திமுக'],[],
2001608465127526443,Thu Dec 18 11:00:20 +0000 2025,"#புரட்சிதளபதிவிஜய்
 
Speech of TVK Leader Thalapathy Vijay flows to Constitution of India in Erode meeting. “Each issue raised in the speech flows from constitutionally guaranteed rights under Articles 14, 19, 21, 38, 39, 41, 46, and 48A, and is supported by statutory obligations imposed on the State under labour, environmental, education, electricity, and social justice laws.”

Will release video shortly in Legal Talks YouTube Channel.  

- Adv. Dr. M. Sathya Kumar 

——-

ஈரோடு கூட்டத்தில் TVK தலைவர் தளபதி விஜய் நிகழ்த்திய உரை, இந்திய அரசியலமைப்பின் அடிப்படைச் சட்டக் கொள்கைகளிலிருந்து இயல்பாகப் பாய்ந்து வருகிறது.
“அந்த உரையில் முன்வைக்கப்பட்ட ஒவ்வொரு பிரச்சினையும் இந்திய அரசியலமைப்பின் 14, 19, 21, 38, 39, 41, 46 மற்றும் 48A ஆகிய கட்டுரைகளால் உறுதி செய்யப்பட்ட அடிப்படை உரிமைகளிலிருந்து தோன்றியவையே. மேலும், தொழிலாளர் சட்டங்கள், சுற்றுச்சூழல் சட்டங்கள், கல்வி, மின்சாரம் மற்றும் சமூக நீதி தொடர்பான சட்டங்கள் மூலம் மாநிலத்திற்கு விதிக்கப்பட்டுள்ள சட்டப்பூர்வ கடமைகளால் அவை ஆதரிக்கப்படுகின்றன.”

“Legal Talks” யூடியூப் சேனலில் வீடியோ விரைவில் வெளியிடப்படும்.

#தீயசக்தி_திமுக

@TVKVijayHQ @TVKPartyHQ",en,False,,97,463,2,0,7298,741968465364320257,Dr. M. Sathya Kumar,sathyakumar_in,"LLM, ACA, ACMA, ACS, CIMA - ACMA (UK), CGMA (US). CISI - ACSI (UK), MA (Economics) Ph.D., . ADVOCATE - Supreme Court | High Courts | Tribunals",Chennai,False,True,16636,1102,2186,"['புரட்சிதளபதிவிஜய்', 'தீயசக்தி_திமுக']",[],
2001608262651908279,Thu Dec 18 10:59:32 +0000 2025,"விஜயிடம் கேள்வி கேட்டிருக்கிறீர்களா?: உதயநிதி

#UdhayanidhiStalin | #DMK | #TVKVijay | #TVK | #Vijay https://t.co/wnn6bLWVaV",ta,False,False,139,652,76,22,35588,622872390,PttvOnlinenews,PttvNewsX,Puthiya Thalaimurai TV (Tamil: புதிய தலைமுறை டிவி) is a 24x7 live news channel,Chennai,False,True,2748843,1,548091,"['UdhayanidhiStalin', 'DMK', 'TVKVijay', 'TVK', 'Vijay']",[],
2001607741782266185,Thu Dec 18 10:57:28 +0000 2025,"பேச்சை முடித்துவிட்டு புறப்பட்ட தவெக தலைவர் விஜய்க்கு சிறப்பான Send off கொடுத்த ஈரோட்டு மக்கள்..!

#Erode | #Vijayamangalam | #TVK | #TVKVijay | #TVKLeaderVijay | #VijayMakkalSanthippu https://t.co/UtRCCNIjtH",ta,False,False,213,792,2,0,9078,1943418931,Polimer News,polimernews,Official Twitter handle of Polimer News Channel. Follow to get updated on Top Stories across the World,Chennai,False,True,2217366,254,306853,"['Erode', 'Vijayamangalam', 'TVK', 'TVKVijay', 'TVKLeaderVijay', 'VijayMakkalSanthippu']",[],
2001607611029033384,Thu Dec 18 10:56:57 +0000 2025,தமிழ்நாடு அரசு பேருந்தில்.. தமிழ்நாடு என்று ஸ்டிக்கர் ஒட்டியதற்கு நாம் தமிழர் கட்சியினர் கைது.. https://t.co/GlW5yfbXKV,ta,False,False,143,427,2,1,2652,1463927493153333251,plip plip 2.0,samooganidhi,"Political Meme page -  Fun Guarantee 💯

                        Follow for more !","Tamil Nadu, India",False,False,22932,553,57161,[],[],
2001606927135182897,Thu Dec 18 10:54:14 +0000 2025,"தமிழ்நாடு என்று ஸ்டிக்கர் ஒட்டிய நாம் தமிழர் கட்சியினர் கைது

தமிழ்நாடுன்னு தமிழ்நாடு பஸ்ல ஸ்டிக்கர் ஒட்டுனதுக்கு தமிழர்கள் கைது🙂🙂

சொந்த மண்ணுலயே அடிமை ஆகிட்டியேடா தமிழா.. https://t.co/elF9fqEdWR",ta,False,False,44,87,0,1,587,1463927493153333251,plip plip 2.0,samooganidhi,"Political Meme page -  Fun Guarantee 💯

                        Follow for more !","Tamil Nadu, India",False,False,22932,553,57161,[],[],
2001606763653538108,Thu Dec 18 10:53:35 +0000 2025,#JanaNayagan – Kerala Ticket Booking from 31-12-2025 11:59 PM https://t.co/WKpIhxf1TQ,en,False,False,47,133,1,0,2019,132267828,Actor Vijay Fans,Actor_Vijay,Fan page of @actorvijay | #ThalapathyVijay | #Thalapathy69 | #JanaNayagan | #TVKVijay | #தமிழகவெற்றிக்கழகம் | @tvkvijayhq,"Chennai, India",False,True,1082844,10,38608,['JanaNayagan'],[],
2001606323730026567,Thu Dec 18 10:51:50 +0000 2025,"From Kargil to Operation Sindoor, a pattern is impossible to ignore.
Whenever India wins, Congress questions.

In Kargil’s aftermath, despite a historic victory, Congress said there was “nothing to celebrate” and avoided commemorating Kargil Vijay Diwas. During Surgical Strikes and Balakot, they demanded “proof,” echoing enemy narratives.

In Operation Sindoor, the mask fully slipped. Senior Congress leaders publicly claimed India was “defeated on Day 1,” alleged aircraft losses, said the IAF was grounded, questioned the need for ground forces and refused to apologise even after official clarification.

Instead of congratulating soldiers, questions were raised on Rafale losses, intent, and political will, points instantly amplified by Pakistani media. From Parliament to rallies, multiple Congress leaders repeated skepticism that undermined morale, unity, and India’s strategic messaging.

Opposition is vital.
But when doubt appears only after Indian victories, it stops being opposition and starts becoming an internal echo of hostile propaganda.

India expects debate.
India will not tolerate disbelief in its own Army and Sovereignty. 🇮🇳",en,False,,64,374,4,0,4950,1618947287560101889,Prosenjit,mitrapredator,Observer  | Ask no question hear no lies | Eye for Extraordinary | Tweets protected under article 19(1)(a) constitution of India.,India ,False,True,9584,235,13755,[],[],
2001606181832556554,Thu Dec 18 10:51:16 +0000 2025,"என் நெஞ்சில் குடியிருக்கும் என் அண்ணன்...  விஜய்க்காக தொண்டர் செய்த செயல்... இப்படி ஒரு பாசமா..!

#Erode | #Vijayamangalam | #TVK | #TVKVijay | #TVKLeaderVijay | #VijayMakkalSanthippu https://t.co/1m416vcwzo",ta,False,False,49,159,0,0,2334,1943418931,Polimer News,polimernews,Official Twitter handle of Polimer News Channel. Follow to get updated on Top Stories across the World,Chennai,False,True,2217366,254,306853,"['Erode', 'Vijayamangalam', 'TVK', 'TVKVijay', 'TVKLeaderVijay', 'VijayMakkalSanthippu']",[],
2001605837656330616,Thu Dec 18 10:49:54 +0000 2025,"இம்போசிஷன் தத்திகள்😂
#தீயசக்தி_திமுக https://t.co/4dZg8RKURn",ta,False,False,111,365,0,0,3169,1684275950425640960,priya,PriyankaSmile01,"சமூக ஊடக அணி இணை ஒருங்கிணைப்பாளர்|
திருநெல்வேலி மண்டலம் | பிறப்பொக்கும் எல்லா உயிர்க்கும் | 
என்றும் தலைவர் தளபதி வழியில்❤️💛❤️",,False,True,11070,1273,32773,['தீயசக்தி_திமுக'],[],
2001605685931557034,Thu Dec 18 10:49:18 +0000 2025,"100 நாள் வேலை வாய்ப்புத் திட்டத்தை குளறுபடியாக்கி, புதிய மசோதா கொண்டு வந்த, மக்கள் விரோத பா.ஜ.க அரசை கண்டித்து,

இந்திய தேசிய காங்கிரஸ் (தமிழ்நாடு) சார்பில், சென்னை அண்ணா சாலை தலைமை தபால் நிலையம் முன்பு நடைபெற்ற மாபெரும் கண்டன ஆர்ப்பாட்டம் நடைபெற்றது.

இக்கண்டன ஆர்ப்பாட்டத்தில் மக்கள் நீதி மய்யம் தலைவர், மாநிலங்களவை உறுப்பினர் திரு. கமல் ஹாசன் @ikamalhaasan அவர்களின் வழிகாட்டுதலின்படி,

மக்கள் நீதி மய்யம் கட்சியின் சார்பில் மாநிலச் செயலாளர்கள் திரு. அரவிந்ராஜ் @ET_Aravindraj , திரு. ராகேஷ் ராஜசேகரன் @rakeshshamsher, சென்னை மண்டலச் செயலாளர் திரு. மயில்வாகனன் @imayilvagan ஆகியோர் கலந்துகொண்டனர்.

மாநிலச் செயலாளர் திரு. அரவிந்ராஜ் அவர்கள் மநீம சார்பில் கண்டன உரையாற்றினார்.

இக்கண்டன ஆர்ப்பாடத்தில் மக்கள் நீதி மய்யம் கட்சியின் சென்னை மண்டல அமைப்பாளர் திரு. திரு, ரூபலிங்கம்,  அரவிந்தன் ராம்குமார், மாவட்டச் செயலாளர்கள் திரு. J.அப்துல் முசாபர், திரு. V.உதயகுமார், திரு. B.கோவிந்தராஜ், திரு. K.சீனுவாசன், திரு. D.மாறன், திரு. சைதை J.கதிர், திரு. D.தேசிங்குராஜன், திரு. S.பாஸ்கர், திரு. A.தனபாலன், மாவட்ட அமைப்பாளர் திரு. சுவாதி குமார் ஆகியோருடன் மாவட்ட, ஒன்றிய, நகர, வட்ட, கிளை நிர்வாகிகள் கலந்துகொண்டனர்.

#KamalHaasan
#KamalHaasan_MP
#MakkalNeedhiMaiam",ta,False,False,38,68,2,3,902,962358161104560128,Makkal Needhi Maiam | மக்கள் நீதி மய்யம்,maiamofficial,Welcome to the Official Twitter account of @ikamalhaasan's MAKKAL NEEDHI MAIAM party.,"Chennai, India",False,True,198287,136,16780,"['KamalHaasan', 'KamalHaasan_MP', 'MakkalNeedhiMaiam']",[],
2001605182053138482,Thu Dec 18 10:47:18 +0000 2025,"""தவெக தலைவர் விஜய்க்கு, தூய சக்தி, தீய சக்தி என்று அடுக்குமொழியில் பேச யாரோ சொல்லித் தந்திருக்கிறார்கள்""
- விசிக தலைவர் திருமாவளவன்

#Thirumavalavan | #Vijay | #TVK | #VCK | #TVKVijay‌ | #Erode https://t.co/1OFEO4gZyC",ta,False,False,19,82,14,6,8671,622872390,PttvOnlinenews,PttvNewsX,Puthiya Thalaimurai TV (Tamil: புதிய தலைமுறை டிவி) is a 24x7 live news channel,Chennai,False,True,2748843,1,548091,"['Thirumavalavan', 'Vijay', 'TVK', 'VCK', 'TVKVijay\u200c', 'Erode']",[],
2001604462058807646,Thu Dec 18 10:44:26 +0000 2025,"லூசு மோகன் ஸ்கிரிப்ட்😂🤡

#தற்குறி_விஜய்_கழகம் https://t.co/8BOy8aomJK",ta,False,False,101,304,7,2,3872,987884842611167232,ஜீரோ நானே⭕,Anti_CAA_23,பாசிச எதிர்ப்பாளன் | Content Creator | Muslim❤️ | #Alhamdhulillah #FreePalestine🇵🇸,TAMILNADU(INDIA),False,True,38204,6244,163783,['தற்குறி_விஜய்_கழகம்'],[],
2001604362129510861,Thu Dec 18 10:44:02 +0000 2025,"விஜய் மேடை ஏறிய நேரம் - 11:56 AM
Script Paper leak ஆன நேரம் - 11:58 AM  👇🏼

ரொம்ப கஷ்டம் ப்ரோ. 🥲 @TVKVijayHQ https://t.co/uDUG8yJgvV",ta,True,False,17,81,1,2,3267,1672869871304974336,HáKi,haki21k,a தமிழ் பேசும் Eupraxsophist Indian 🖤❤️💙,தமிழ்நாடு,False,False,3809,1111,35408,[],[],
2001604154679267387,Thu Dec 18 10:43:13 +0000 2025,"விஜய் கட்சியின் கொள்கை தெரியாது ஆனால் மக்கள் அவர்களை ஏற்றுக் கொண்டார்கள் 👌🏻👌🏻👌🏻

 தமிழகத்தில் மாற்றம் வர வேண்டும் 🙏🏻

 காங்கிரசின் தீவிர ஆதரவாளர் காந்தியடிகள் போல வாழ்பவர் கூட்டத்திற்கு வந்தபோது செய்திகள் இடம் கொடுத்த பேட்டி 👍🏻 https://t.co/T4psuingWL",ta,False,False,32,90,1,0,705,875024842814242816,TVK WORLD,TVK_WORLD,#தமிழகவெற்றிக்கழகம்  maintaining by @official_Tvmp Team | Admin - @IM_Back2026,India,False,True,71945,8,7362,[],[],
2001604080138096815,Thu Dec 18 10:42:55 +0000 2025,"TVK VIjay Takes Photo | Erode | கடும் வெயிலில் பணியாற்றிய செய்தியாளர்கள்..சட்டென வீடியோ எடுத்த விஜய்

#tvkvijay   #erode  #ThanthiTV https://t.co/R9ygfsQbdA",ta,False,False,259,1386,1,3,23628,1059896820,Thanthi TV,ThanthiTV,"Thanthi TV is a Chennai based Tamil News Channel, catering to the Tamil community around the world.",Chennai,False,True,2341264,6,681068,"['tvkvijay', 'erode', 'ThanthiTV']",[],
2001603606190133686,Thu Dec 18 10:41:02 +0000 2025,"‘Fight between good and evil’: #Vijay frames #DMK as enemy in #Erode speech

https://t.co/07Sp8k1rqu",en,False,False,112,444,18,2,6659,100999112,Shabbir Ahmed,Ahmedshabbir20,"Once a paperboy, now a journalist. Senior News Editor @thenewsminute . Chevening fellow. Opinions expressed here are personal.",Chennai - India ,False,False,126750,7588,103476,"['Vijay', 'DMK', 'Erode']",['https://www.thenewsminute.com/tamil-nadu/fight-between-good-and-evil-vijay-frames-dmk-as-enemy-in-erode-speech'],
2001603301419426144,Thu Dec 18 10:39:49 +0000 2025,"Media Release - Reliance Consumer Products Acquires Tamil Nadu’s Heritage Nutrition Brand ‘Udhaiyam’ 

Bengaluru, 18 December 2025: Reliance Consumer Products Limited (RCPL), the FMCG arm of Reliance Industries Limited, has acquired a majority stake in Udhaiyams Agro Foods Private Limited. Under the joint venture agreement, RCPL holds a majority stake, while Udhaiyams’ erstwhile owners hold a minority stake in the company. 

The deal brings the food company and Tamil Nadu’s heritage nutrition brand, Udhaiyam, under RCPL’s fold, adding strength to the FMCG major’s branded staples portfolio.

Through this acquisition, RCPL further reaffirms its commitment to the company’s core philosophy of promoting India’s heritage and legacy brands. This joint venture will bolster RCPL’s efforts to offer “global quality at affordable prices” to millions of consumers across the country.

T. Krishnakumar, Director, Reliance Consumer Products Limited, said, “Udhaiyam is a brand that needs no introduction. It has been serving healthy food choices to consumers for decades and is a true reflection of Tamil Nadu’s rich heritage enriched with its scientific temper and superior quality.

We are very excited to announce this joint venture, as it further strengthens RCPL’s presence in the branded staples space. This initiative also reaffirms our commitment to offering global-quality products to consumers at affordable price points, while promoting India’s legacy. I am sure that Udhaiyam will soon scale up to a national brand and satisfy consumers across India, just as it has earned the trust of millions in Tamil Nadu over decades.”

Commenting on the development, S. Sudhakar, Managing Director, Udhaiyams Agro Foods Private Limited, stated, “This partnership with RCPL opens up new opportunities for Udhaiyam. The brand has delighted consumers in Tamil Nadu for decades. When it comes to branded pulses, Udhaiyam is synonymous with the best quality for households across the state.

With RCPL now taking charge of its expansion, we are confident that the goodness of Tamil Nadu and the rich heritage of the land will resonate with consumers across geographies, while adding value to their lives as we increasingly transition towards a healthier lifestyle.”

Udhaiyams Agro Foods Private Ltd, which operates under its highly popular flagship brand ‘Udhaiyam’, has a rich legacy of over three decades and a strong market presence in Tamil Nadu. The brand has established itself in key staple and food product categories, including rice, spices, snacks and idli batter, among others, supported by a wide distribution network.

Following this acquisition, the erstwhile promoters of Udhaiyams Agro Foods Private Ltd—S. Sudhakar and S. Dinakar—will continue to hold a minority stake in the company. With more than 30 years of experience in the staples category and in scaling the packaged pulses business at Udhaiyams, they will continue with the company and support the next phase of growth.

About Reliance Consumer Products Limited (RCPL):
RCPL is the FMCG arm of Reliance Industries Ltd. on a mission to empower the everyday life of consumers. With a strong commitment to innovation and consumer satisfaction, Reliance Consumer Products blends global standards with local insights to create products that resonate with consumers while being accessible to everyone at honest prices and within an arm’s length of desire.

Backed by the robust infrastructure and trust of Reliance Industries Ltd, the company aims to offer solutions that cater to the evolving needs of consumers, fostering long-term relationships with communities and contributing to the nation’s growth. Reliance Consumer Products is on a journey of shaping the future of the consumer goods industry by meeting the diverse needs of households and communities, offering solutions that are world-class, trusted, value-driven and reflect the evolving lifestyle of today’s consumer.",en,False,False,19,116,2,3,7297,2401626782,Reliance Industries Limited,RIL_Updates,Official curation on #RIL #JioPlatforms #RelianceFoundation #JioGenNext #RelianceRetail #RelianceLifeSciences #JioInstitute #Jio #RelianceBrands #JioWorldCentre,Mumbai,False,True,103890,126,22244,[],[],
2001601747991826811,Thu Dec 18 10:33:39 +0000 2025,"வருமானவரி  ஏய்ப்பு செஞ்சவன் 

வாங்கிய வண்டிக்கு வரி கட்டாதவன்

200 கோடி சம்பளம் வாங்கிட்டு.. ப்ளாக்குல டிக்கெட் வித்து காசு பாக்குறவன் 

கட்சியில் பொறுப்பு போடுறதுக்கு காசு வாங்குறவன் 

‘தூய சக்தி’ யாம்பா 

😂😂😂

#தவெக_ஈரோடு_பரிதாபங்கள்",ta,False,,99,269,98,13,5697,768760676030386176,Dr M K SHARMILA,DrSharmila15,HUMANIST,,False,True,201904,1968,44991,['தவெக_ஈரோடு_பரிதாபங்கள்'],[],
2001601677997047908,Thu Dec 18 10:33:22 +0000 2025,"Good crowd for #TVKVijay in erode more importantly its well organized, kudos for @KASengottaiyan, he has shown what TVK was missing all these days, a ground level politician capable of organizing political events.
Immature people like @AadhavArjuna must learn from KAS about crowd management.",en,True,,30,424,13,2,19285,2525475090,Vamsi Chandran,VamsiChandran,"Election follower,trying to be a psephologist,I am spiritual person inspired by Periyar on social justice and Caste equality | Rahul Gandhi for PM 2029","Chennai, India",False,True,8857,800,43817,['TVKVijay'],[],
2001601436585738404,Thu Dec 18 10:32:25 +0000 2025,"தவெக தற்குறி அல்ல 
வேற்று கிரகத்தில் வாழும்  மெர்குரி 

கொள்கை கோட்பாடற்ற  அரசியல் புரிதலற்ற தவெக ரசிகர் குஞ்சுகளை வெளுத்து வாங்கும் சீமானின் தம்பி 

வாழ்த்துக்கள் சகோதரா 🙏 https://t.co/sT7jveT7Uo",ta,False,False,34,61,0,0,262,1461217257359609860,ச. பாலா பாலா,SBalaBala6,"தமிழ்த்தாய் வாழ்க
தலைவர் பிரபாகரன் வாழ்க

தமிழ்தேசிய முதல்வர் வேட்பாளர் செந்தமிழன் சீமான் (2026)",,False,False,5028,4942,21659,[],[],
2012554856960037369,Sat Jan 17 15:57:24 +0000 2026,"விஜய் எந்த மிரட்டலுக்கும் அசைந்து கொடுக்க மாட்டார்.. பணிந்தும் வரமாட்டார்""  அதிமுக ஒருங்கிணைப்பு குழு நிர்வாகி புகழேந்தி ❤️💛❤️🔥

@TVKVijayHQ
#தமிழகவெற்றிக்கழகம்

 https://t.co/S4I1gXBL76",ta,False,False,249,936,5,0,13522,1459424279515176963,மாதேஷ் 𝗧𝗩𝗞,V_F_C_Madesh,"#தமிழகவெற்றிக்கழகம் ❤️💛

தலைவன் வழியே என் வழி ♥️🙏

சாவு நினைச்சா வரும் சாதனை ஜெயிச்சாதான் வரும் 💥🔥💥

தளபதி ரசிகன் 🥰 MSD & Chiyyan ❤","Bengaluru South, India 500056 ",False,True,18141,16250,1028782,['தமிழகவெற்றிக்கழகம்'],[],
2012540566563938348,Sat Jan 17 15:00:36 +0000 2026,"Don’t confuse guys ,we’re not here to fight among ourselves !! ❌

Our Ultimate goal is to defeat DMK ✅

#Theri #Mankatha 
 https://t.co/9y6ZMWG8cZ",en,False,False,657,2944,14,5,39506,1187351257607884800,Vijay Social Teamⱽˢᵀ,TST_Offcl,One of Leading Official IT Wing Page for Thalapathy @tvkvijayhq || #TVKforTN - 2026 💯 || Spread Vijayism ❤|| #JanaNayagan #தமிழகவெற்றிக்கழகம் #VirtualWarriors,India,False,True,47651,3,71281,"['Theri', 'Mankatha']",[],
2012540360506200457,Sat Jan 17 14:59:47 +0000 2026,"we are getting special eps PEACH AND ME!!! ITS THEE’S POV 

#MeAndTheeSeriesFinalEP https://t.co/6lGqDj8lIE",en,False,False,313,1114,7,16,9783,1753113956036792320,😼,phuwinful,@phuwintang ᓚᘏᗢ,พุพุ,False,False,1575,56,6372,['MeAndTheeSeriesFinalEP'],[],
2012520912642326641,Sat Jan 17 13:42:31 +0000 2026,"இராமநாதபுரம் மாவட்டம் #தொண்டி துறைமுகம்

 #அரியமான்Beach மீனவர்கள் கடலில் நம் தவெக கொடி உடன் 🔥🔥 

வரலாறு திரும்புகிறது Goosebumps 💯 🥳

மீனவர்கள் ஆதரவு பெற்ற ஒரே தலைவர் விஜய் 🔥🔥

@TVKVijayHQ
@AadhavArjuna https://t.co/WQkJ8zQxFI",ta,False,False,220,772,2,0,5347,1993529237555617792,Priya Tvk,Tvk_priya_,Supporter of Tvk 🇪🇸,,False,True,2097,395,2469,"['தொண்டி', 'அரியமான்Beach']",[],
2012514343578227099,Sat Jan 17 13:16:24 +0000 2026,"Tvk  பயலுக 💥💪 💪 🇪🇦

@TVKVijayHQ
#தமிழகவெற்றிக்கழகம்
#TVKFamily https://t.co/YTPYjd8Ol1",ta,False,False,209,748,2,0,3667,813044622352125952,Arun P,Arun_p_offcial,"Thalapathy || Dhoni || Music || Pet & aquarium ||

தமிழக வெற்றிக்கழகம் உறுப்பினர்🇪🇦||

||தூத்துக்குடி மாவட்டம் 🇪🇦

#TVKVirtualWarriors

Backup ID 👉@pauL7kd",தூத்துக்குடி ,False,False,2954,1481,163168,"['தமிழகவெற்றிக்கழகம்', 'TVKFamily']",[],
2012511320432693642,Sat Jan 17 13:04:24 +0000 2026,"#Parasakthi - Red Giant 
#TTT - Red Giant 

ஆக விஜய் fansக்கு காண்டு திமுக மேலயோ Red Giant மேலயோ இல்ல சிவகார்த்திகேயன் மேல தான்

So #Sivakarthikeyan ன பாத்து அவ்வளவு பயம் 😅

#Vijay | #JanaNayagan | #TVK",ta,False,,315,1267,46,7,42216,140394163,பூரியார் ¶¶¶|||•• செவிட்டு தவளை ••|||¶¶¶,Imtweetygoose,Unknown Saint🧔 | Save Earth 🌏| இந்த உலகம் எல்லா உயிர்களுக்குமானது ❤️ | சாதிகள் இல்லையடி பாப்பா!-குலத் தாழ்ச்சி உயர்ச்சி சொல்லல் பாவம் 🚫,Turn On Your Location,False,False,8392,2,50630,"['Parasakthi', 'TTT', 'Sivakarthikeyan', 'Vijay', 'JanaNayagan', 'TVK']",[],
2012502284203163803,Sat Jan 17 12:28:29 +0000 2026,"Modi ji in an old interview had said that if Annamalai is interested only in power he could have joined dmk or admk as he is capable of attracting youth, but he left his high profile job and chose bjp only to serve the nation!
 #Annamalai
@annamalai_k https://t.co/05HuRoJIp6",en,False,False,1088,7358,6,12,109474,1928788701917884416,Indiancitizen,Indianciti07,"Proud indian.
Expressing my views as a common man..RT's and tweets are strictly personal and not endorsements..Abusers will be blocked.. 💯 follow back",,False,True,1313,1718,5314,['Annamalai'],[],
2012500341942566953,Sat Jan 17 12:20:46 +0000 2026,"வாடிவாசலில் இருந்து தனது காளை வரும் போது திடீரென த.வெ.க கொடியை தூக்கி காட்டிய உரிமையாளார்.. உடனே வர்ணனையாளர் சொன்ன வார்த்தை..

#Madurai | #AlanganallurJallikattu | #Alanganallur | #Jallikattu | #Pongal | #TVK | #Jallikattu2026 | #PolimerNews https://t.co/iuZbLhLDJ0",ta,False,False,400,2148,79,28,110528,1943418931,Polimer News,polimernews,Official Twitter handle of Polimer News Channel. Follow to get updated on Top Stories across the World,Chennai,False,True,2219945,255,309682,"['Madurai', 'AlanganallurJallikattu', 'Alanganallur', 'Jallikattu', 'Pongal', 'TVK', 'Jallikattu2026', 'PolimerNews']",[],
2012495887130677271,Sat Jan 17 12:03:04 +0000 2026,"Maharaja 2  CONFIRMED !!

Following the massive success of Maharaja, director Nithilan is working on Maharaja 2 now & The script is finally ready and Vijay Sethupathi is set to return .

the first part of Maharaja was a massive success, earning approximately ₹190 crore worldwide on a small budget of ₹20 crore. ( Including China )  @VijaySethuOffl",en,False,False,287,5518,48,35,277260,1384732692437102597,Let's X OTT GLOBAL,LetsXOtt,"Official account of @LetsXOtt Reviews , Exclusive Updates  & Box Office Numbers.",Worldwide,False,True,259480,229,20239,[],[],
2012493192030007721,Sat Jan 17 11:52:21 +0000 2026,"கழகத்தின் ஒவ்வொரு உடன்பிறப்பின்  ரத்தத்திலும் கலந்தது தமிழும் திராவிட கொள்கைகளும் 🖤❤️💥 
#DMK 
@TRBRajaa 
@DMKITwing https://t.co/tZfgjG45MD",ta,False,False,393,1560,23,8,14529,723871039575461888,𝗧𝗛𝗔𝗡𝗢𝗦,ThanosTheEnd_,என் கெண்டை கால் மயிரை கூட எவனும் புடுங்க முடியாது...🗿🖤❤️,,False,False,1674,372,7645,['DMK'],[],
2012492361318994170,Sat Jan 17 11:49:03 +0000 2026,"ராகுல் காந்தி தவெக-வுடன் கூட்டணி என்று அறிவித்தால்....

 செல்வப்பெருந்தகை தமிழக காங்கிரஸ் கமிட்டி மாநில தலைவர் பதவியை ராஜினாமா செய்து விட்டு திமுக -வில் இணைவார் என்று சொல்லப்படுகிறது.

#TVKFamily 
#தமிழகவெற்றிக்கழகம் https://t.co/A4oeWiM3bk",ta,False,False,189,817,24,6,16620,1556457652053757952,Black Force TVK 🇪🇸,Pradeepmsg,"தலைவர் விஜய் | #Virtual_Warrior Of TVK❤️💛❤️ |பிறப்பொக்கும் எல்லா உயிர்க்கும் | 

உபிக்களும்,சங்கிகளும் பின்தொடர வேண்டாம்..",,False,True,9469,6950,78328,"['TVKFamily', 'தமிழகவெற்றிக்கழகம்']",[],
2012491775760543996,Sat Jan 17 11:46:44 +0000 2026,Vijay Kumar Gonna Get Slipper Shot From Vinayak mahadev 🌝🔥🛐. https://t.co/1bZEQXV9oD,en,True,False,317,1274,24,6,26844,1976511831406714881,𝙅𝘿 🚬🥃ツ,Freakizz_exee,𝗜 𝗮𝗺 𝗻𝗼𝘁 𝗶𝗻 𝗰𝗼𝗺𝗽𝗲𝘁𝗶𝘁𝗶𝗼𝗻 𝘄𝗶𝘁𝗵 𝗮𝗻𝘆𝗯𝗼𝗱𝘆; 𝗜 𝗷𝘂𝘀𝘁 𝘄𝗮𝗻𝘁 𝘁𝗼 𝗯𝗲 𝗽𝗿𝗼𝗱𝘂𝗰𝘁𝗶𝘃𝗲 - 𝘼𝙟𝙞𝙩𝙝𝙠𝙪𝙢𝙖𝙧 🤍,,False,False,169,185,1442,[],[],
2012491200838734054,Sat Jan 17 11:44:27 +0000 2026,திமுக மாறுவேஷ வாடகை வாய் அண்டா 😂🤣 https://t.co/fkkrUV9txp,ta,False,False,203,542,3,1,9712,1684275950425640960,priya,PriyankaSmile01,"சமூக ஊடக அணி இணை ஒருங்கிணைப்பாளர்|
திருநெல்வேலி மண்டலம் | பிறப்பொக்கும் எல்லா உயிர்க்கும் | 
என்றும் தலைவர் தளபதி வழியில்❤️💛❤️",,False,True,12505,1572,34598,[],[],
2012488470933934343,Sat Jan 17 11:33:36 +0000 2026,"We will make sure, that BJP and their allies will not be winning a single fcuking seat going forward in Tamilnadu.

Nothing personal, Just service to the mankind! https://t.co/OCMY8JzIQq",en,False,False,113,637,4,0,7949,4806437298,KUMARAN (Vijay fan),Kumaran0115,Follower of Thalapathy Joseph Vijay👑 | #தமிழகவெற்றிக்கழகம் | Team VFN,"London, England",False,True,14535,742,24279,[],[],
2012487014994833648,Sat Jan 17 11:27:49 +0000 2026,"ஸ்டாலின் என்னும் தமிழ்நாட்டின் அரண்! 🛡️🗡️🔥

கண்டிப்பா பாருங்க 👌👇 https://t.co/MmQDRFEYzF",ta,False,False,244,574,3,2,4937,1169573577454055424,DMK Updates - தமிழ்நாட்டை தலைகுனிய விடமாட்டேன்,DMK_Updates,Always DMKian 🏴🚩| தனிஒருவன் | Stay tuned for More DMK Updates 🔴,"Chennai, India",False,True,33963,2755,33694,[],[],
2012486140423803275,Sat Jan 17 11:24:20 +0000 2026,"தோழர் கலைச்செல்வி அவர்களுக்கும் சங்கி முத்திரை குத்த ஆரம்பித்து விட்டார்கள் திமுக'வினர்...

கேள்வி கேட்கும் அத்தனை நபர்களுக்கும் சங்கி முத்திரை குத்திவிட்டு யாரிடம் தான் நீங்கள் சனநாயகவாதிகள் என்று நிரூபிக்க போகின்றீர்கள்..???

Such a worst behavior... 🤦🤦

""பெண்ணின் பேச்சில்
நியாயம் இருக்கும் வரை
அவளின் பேச்சு
சத்தமாக தான் இருக்கும்..!""",ta,False,False,672,3095,78,19,88306,3009912666,Urimai Kalam TV,Peruvazhuthiyar,"அம்பேத்கரியம் 🔥🔥
பெரியாரியம்🔥🔥
மார்க்சியம்🔥🔥","Madurai South, India",False,True,9522,1750,11559,[],[],
2012476109527691576,Sat Jan 17 10:44:29 +0000 2026,"TTT Interval Jananayagan Trailer peaked here 📈🔥

Thalapathy Vijay 🔥 https://t.co/W6C45jjzBK",en,False,False,870,5982,9,3,53342,1414165144448344069,Sɪɴɢᴀᴘᴇʀᴜᴍᴀʟ,Singaperumal_,"Gojo Satoru fan | Limitless mindset | Nah, I’d win ⚡",,False,True,1799,1370,7282,[],[],
2012475639622742112,Sat Jan 17 10:42:37 +0000 2026,"அடடே 👏😁🔥
https://t.co/ILsWaQ4XBf",ta,False,False,546,3016,2,1,34688,953178725805273088,Vɪᴊᴀʏ Rᴀꜱʜᴇᴇᴅ vfc 🧊🔥ᴸ ᴱ ᴼ,vijay_mohammed,"@actorvijay Tʜᴀʟᴀᴘᴀᴛʜʏɪɴ  AᴀʏᴜʟKᴀᴀʟᴀ ᴛʜᴏɴᴅᴀɴ 💯🇪🇦

@Dir_Lokesh  Fan Boy 🔥","Dharapuram, India",False,False,9444,1534,96242,[],[],
2012475312521482468,Sat Jan 17 10:41:19 +0000 2026,"#WATCH | East Champaran | Bihar CM Nitish Kumar attends the Pran Pratishtha ceremony of the world's largest Shivling at Virat Ramayan Temple in Motihari

Dy CMs Samrat Chaudhary and Vijay Sinha and LJP (Ram Vilas) MP Shambhavi Choudhary also present. https://t.co/WaGgXWtbOh",en,False,False,228,2490,3,0,34369,355989081,ANI,ANI,"Asian News International. Multi-media news agency, content for information platforms: TV, Internet, broadband,newspapers, mobiles https://t.co/eEMPAbzEwU",India,False,True,9159633,0,1027472,['WATCH'],[],
2012475087795191923,Sat Jan 17 10:40:25 +0000 2026,"விஜய் பேசும்போதே உயிருக்கு போராடும்😡😡😡
   இதைக் கண்டும் தொடர்ந்து பேசிய விஜய் 😡😡😡
@TVKVijayHQ https://t.co/qRx2jXjgbq",ta,False,False,563,937,24,8,15823,1184791214945525761,Amutha,Amutha74247715,"I Belong to Dravidian Stock 🖤♥️🖤♥️சங்கிஸ் தொம்பிஸ் அணில் குஞ்சான்ஸ் எவனும் இங்க வந்து கம்பு சுத்தக் கூடாது,",யாதும் ஊரே யாவரும் கேளிர்,False,True,9702,2828,45326,[],[],
2012474936754114618,Sat Jan 17 10:39:49 +0000 2026,"தவெக மாவட்ட செயலாளர் விஜய்அன்பன் காளை விஜயின் தவெக கொடியை காட்டியதால் மாட்டிற்கு பரிசு இல்லை என அறிவிப்பு 
#alanganallurjallikattu #tvkflag #jallikattu2026 #Madurai https://t.co/ITirwC6It3",ta,False,False,227,978,49,14,72024,1059896820,Thanthi TV,ThanthiTV,"Thanthi TV is a Chennai based Tamil News Channel, catering to the Tamil community around the world.",Chennai,False,True,2342270,6,691248,"['alanganallurjallikattu', 'tvkflag', 'jallikattu2026', 'Madurai']",[],
2012473144217665974,Sat Jan 17 10:32:42 +0000 2026,"யாரை ஏமாற்றலாம் என்று முதல்வர் எண்ணுகிறார் - அண்ணாமலை

#Annamalai | #BJP | #DMK | #MKStalin | #Jallikattu2026 https://t.co/9ATmGMr2Ls",ta,False,False,200,680,14,2,10720,622872390,PttvOnlinenews,PttvNewsX,Puthiya Thalaimurai TV (Tamil: புதிய தலைமுறை டிவி) is a 24x7 live news channel,Chennai,False,True,2750218,1,552076,"['Annamalai', 'BJP', 'DMK', 'MKStalin', 'Jallikattu2026']",[],
2012472287640105300,Sat Jan 17 10:29:17 +0000 2026,"கையாலாகாத முதல்வர் ஸ்டாலின் ஆண்டதும் போதும் மக்கள் மாண்டதும் போதும்.
ஒருத்தனுக்கும் சட்டம் மேலயும் திமுக ஆட்சி மேலயும் பயம் இல்ல.. @mkstalin 🤡 https://t.co/IjqskkmmP3",ta,False,False,312,526,12,7,10251,1684275950425640960,priya,PriyankaSmile01,"சமூக ஊடக அணி இணை ஒருங்கிணைப்பாளர்|
திருநெல்வேலி மண்டலம் | பிறப்பொக்கும் எல்லா உயிர்க்கும் | 
என்றும் தலைவர் தளபதி வழியில்❤️💛❤️",,False,True,12505,1572,34598,[],[],
2012470939339096425,Sat Jan 17 10:23:56 +0000 2026,"மானங்கெட்ட EPS 2021 தேர்தல் முதலில் 1000 Rs சாத்தியமில்லை என்றார்.

அதே தேர்தல் வாக்குறிதியில் 1500 ரூபாய் தருவாதாக உளரினார்.

2026 தேர்தலுக்கு 2000 ரூபாய் என அறிவித்து உள்ளார்.2021 தேர்தலில் எப்படி EPS ஐ நம்பாமல் தூக்கி எறிந்தார்களே 2026 தேர்தலிலும் மக்கள் நிராகரிப்பார்கள். https://t.co/1PhEZvNrEw",ta,False,False,264,511,13,6,8200,520652924,Shafeeq,shafeeqkwt,| Entrepreneur | Travel Junkie | Dravidian Stock |,Chennai,False,True,32648,3589,50947,[],[],
2012470596798648802,Sat Jan 17 10:22:34 +0000 2026,"மொரட்டு expose  ஆ. ராசா 😂
பேட்டி எடுத்ததும் , உண்மையா என்று  கேட்பதும் ஒரே நெறியாளர் 🔥🔥

பொய்யிலே பிறந்து பொய்யிலே வளர்ந்த  திமுக காரர்களே ! https://t.co/cfR9E8wkff",ta,False,False,345,775,12,5,18256,787630610101645312,TVK4TN,TVK4TN_,#Tvk4TN maintain by @official_tvmp Team @Inbhadoss,,False,True,22123,23,17803,[],[],
2012470248881148012,Sat Jan 17 10:21:11 +0000 2026,"கல்குவாரிகளால் நிலத்தடி நீர் இல்லாம போகுது.. சாவதை தவிர வேற வழி இல்லன்னு புதுக்கோட்டை, ராக்கதம்பட்டி கிராமத்தினர் வேதனை!😪

தமிழ்நாட்ட கூறு போட்டு சுடுகாடாக்கிட்டு இருக்கானுங்க ஒழிக்கப்பட வேண்டிய தீயசக்தி திமுக🤡 https://t.co/SjoYMd9jlD",ta,False,False,238,357,5,5,3118,1684275950425640960,priya,PriyankaSmile01,"சமூக ஊடக அணி இணை ஒருங்கிணைப்பாளர்|
திருநெல்வேலி மண்டலம் | பிறப்பொக்கும் எல்லா உயிர்க்கும் | 
என்றும் தலைவர் தளபதி வழியில்❤️💛❤️",,False,True,12505,1572,34598,[],[],
2012469070734496222,Sat Jan 17 10:16:30 +0000 2026,"தளபதி பொங்கல் 👌

சட்டமேதை அம்பேத்கர் புகைப்படத்தை தைரியமா உபயோகிக்குற ஒரு அரசியல் வாதி விஜய் மட்டும் தான் ♥️ 

அம்பேத்கரை இன்று இளைஞர்களால் போற்றப்படுகிறது அதற்கு காரணம் விஜய் மட்டுமே 🎉 https://t.co/QYe34Ql0W7",ta,False,False,393,1480,4,0,8971,1866396922862604288,𝐓𝐕𝐊 𝐃𝐢𝐧𝐬𝐡𝐮,TVK_Dinshu,Hills💚 #Cyberophile | Loyal to @actorvijay ♥️ | BGMI : 5223975779,"Sholinganallur, Chennai ",False,False,3995,614,38952,[],[],
2012467719740793009,Sat Jan 17 10:11:08 +0000 2026,"நாம் தமிழர் கட்சிக்கு ஏன் ஓட்டு போடணும்!

இத கேளுங்க ❤️❤️ https://t.co/98QPNkjeHl",ta,False,False,306,847,8,2,5639,1463927493153333251,plip plip 2.0,samooganidhi,"Political Meme page -  Fun Guarantee 💯

                        Follow for more !","Tamil Nadu, India",False,False,23042,554,57808,[],[],
2012467450923925719,Sat Jan 17 10:10:04 +0000 2026,"Recall 🤟 

DMK and ADMK Election Promises be like !! 
எல்லாத்தையும் சொல்லிட்டு நாலு வருஷம் மக்கள் காதில் பூ சுத்தப்படும் தேர்தல் நெருங்கினால் அதே மக்கள் காதில் கடப்பாறையவே சுத்துப்படும் 🙂‍↔️ https://t.co/TrYOeQKeci",ta,False,False,373,1347,9,0,11271,1866396922862604288,𝐓𝐕𝐊 𝐃𝐢𝐧𝐬𝐡𝐮,TVK_Dinshu,Hills💚 #Cyberophile | Loyal to @actorvijay ♥️ | BGMI : 5223975779,"Sholinganallur, Chennai ",False,False,3995,614,38952,[],[],
2012463433367888052,Sat Jan 17 09:54:06 +0000 2026,கீழே மக்கள் மயங்கி விழுந்து இறந்து கொண்டிருந்தபோது விஜய் பேசிக் கொண்டுள்ளான்.இவன் ஒரு கொடூர சைக்கோ...இதையெல்லாம் சிபிஐ பார்த்ததா இல்லையா? @TVKVijayHQ https://t.co/KQBTh6cwXy,ta,False,False,105,213,6,1,2381,3164864106,இரத்தினவேலு வசந்தா.vote for INDIA.,vasantalic,"வாய்மையே வெல்லும்.
Belongs to the Dravidian Stock.
Communist party of India.
தமிழ் எங்கள் உயிருக்கு நேர்.",,False,True,56367,451,112547,[],[],
2012461221027500315,Sat Jan 17 09:45:19 +0000 2026,"பக்கா திமுக Product 

""விஷ கார்த்திகேயன்"" ...😉

#ParasakthiDisaster https://t.co/owTgces9S6",ta,False,False,340,1107,15,4,31727,1556588492179775489,அர்ஜுன் தமிழீழவன் (Arjun),___Arjun___04,"I’m unique, just like everyone else.// இலக்கு ஒன்று தான் 💥 அது இனத்தின் விடுதலை! #JusticeForTamilGenocide",,False,True,6691,1692,37434,['ParasakthiDisaster'],[],
2012457247327002661,Sat Jan 17 09:29:32 +0000 2026,"தல ஃபேன்ஸ்: ஐயா ஒரு உதவி @arivalayam 

மாட்ட அடக்குறவனுக்கு வேல குடுக்குற மாறி, 

மாட்டு மூலயன்ஸ் விஜய் ஃபேன்ஸ காலம் காலமா அடக்கிட்டு வரோம் எங்களுக்கும் கவர்ன்மென்ட் வேல வேணும் https://t.co/m3gVrbss5t",ta,False,False,258,1164,22,17,21242,1281051193175769089,OG 🥶',Beingprakash07,What doesn't kills you makes you strong! | Memes @its_prakash08,New York,False,False,2237,312,23324,[],[],
2012455162695282878,Sat Jan 17 09:21:15 +0000 2026,"#திமுக- வுக்கு ஓட்டு போடும் எண்ணம் வந்தாலே இதனை நினைவில் கொள்ளுங்கள் மக்களே 🙏♥️

#தமிழகவெற்றிக்கழகம் https://t.co/zChJdNP1N7",ta,False,False,287,749,11,1,6034,1539854927090315264,விஜய் ரசிகை #TVK,Itsme__visali,"#தமிழகவெற்றிக்கழகம் , Belongs to #TVK stock 😎 @actorvijay ரசிகை 💪

 #கேப்டன்விஜயகாந்த்💔‌#SPB 💔",Chennai,False,False,10555,4925,293143,"['திமுக', 'தமிழகவெற்றிக்கழகம்']",[],
2012454675124228157,Sat Jan 17 09:19:18 +0000 2026,"தமிழ்நாட்டு மாணவர்கள் ஹிந்தி படித்தால் தான், கல்விக்கான நிதி தமிழ்நாட்டிற்கு தரப்படும். 

ஒன்றிய கல்வி அமைச்சர் தர்மேந்திர பிரதான். 

தமிழ்நாட்டு மக்கள் உழைத்துக் கட்டிய வரி. அதை வாங்கி வைத்துக்கொண்டு தமிழ்நாட்டின் கல்விச் சூழலை அழிக்க பார்க்கிறது பாஜக. https://t.co/8AVnyKk78t",ta,False,False,371,765,63,13,16277,14524411,டீ,teakkadai1,,,False,True,114483,5913,127600,[],[],
2012450716628271231,Sat Jan 17 09:03:35 +0000 2026,"It was Oscar-winner @arrahman who made #Vandemataram into a modern national youth anthem with a catchy, rhythmic tune and perfomed it at the Vijay Chowk on the 50th anniversary of India's Independence in the presence 6 prime ministers, past and present (I was a witness). Anything he says on his industry, religion and the country must be weighed carefully in the larger context of what is happening across India.
#ARRahman",en,False,,736,4511,174,27,262078,63073975,Madhavan Narayanan,madversity,"Journo/Writer
Economy/politics/policy/music/movies. ex @reuters, HT,ET Gigs:   @WIONews @thequint @ndtv @newindianxpress  @ETnow
@pttvonlone
RTs just are",New Delhi,False,True,227574,2806,252448,"['Vandemataram', 'ARRahman']",[],
2012450191178346708,Sat Jan 17 09:01:29 +0000 2026,"""More parties will join NDA and we will see them on stage when PM Modi's public meeting in Tamil Nadu on Jan 23.""

- Union MoS L Murugan https://t.co/puDtyGCL1Z",en,False,False,206,2027,0,2,19851,1430724718676434950,News Arena India,NewsArenaIndia,One Stop For All Political News,,False,True,262971,447,81746,[],[],
2012449854711091658,Sat Jan 17 09:00:09 +0000 2026,"பாஜக காரர்களிடம் பேசும் முன் யோசித்து பேசனும்,... நெத்தியடி பதிலாக இருக்கும்.

வாழ்த்துக்கள் பேராசிரியர் ராம ஸ்ரீனிவாசன் 👌👏 https://t.co/rvfgNgcO00",ta,False,False,497,1472,17,4,25232,303114054,Muthukumar Subbaiah,smkumarlakshmi,"Nationalist 🇮🇳 | The only weapon of cowards is non-violence, that weapon has been finely crafted by a traitor and very subtly thrust into the hands of Hindus.",Hell ,False,True,15026,268,16001,[],[],
2012447962258080060,Sat Jan 17 08:52:38 +0000 2026,"மேற்கு கொலைகாரன் விஜய்
 கிழக்கு கொலைகாரன் விஜய்
 வடக்கு கொலைகாரன் விஜய்
 தெற்கு கொலைகாரன் விஜய்
@TVKVijayHQ https://t.co/A1qIs4FBFR",ta,False,False,305,654,15,1,33628,1184791214945525761,Amutha,Amutha74247715,"I Belong to Dravidian Stock 🖤♥️🖤♥️சங்கிஸ் தொம்பிஸ் அணில் குஞ்சான்ஸ் எவனும் இங்க வந்து கம்பு சுத்தக் கூடாது,",யாதும் ஊரே யாவரும் கேளிர்,False,True,9702,2828,45326,[],[],
2012446075232391322,Sat Jan 17 08:45:08 +0000 2026,வீட்டில் தேசிய கொடியுடன் தவெக கொடியையும் சேர்த்து ஏற்றிய தவெகவில் இணைந்த ஓய்வு பெற்ற ராணுவ அதிகாரி🔥  https://t.co/1XroCqQm0U,ta,False,False,1242,5284,4,2,41268,1684275950425640960,priya,PriyankaSmile01,"சமூக ஊடக அணி இணை ஒருங்கிணைப்பாளர்|
திருநெல்வேலி மண்டலம் | பிறப்பொக்கும் எல்லா உயிர்க்கும் | 
என்றும் தலைவர் தளபதி வழியில்❤️💛❤️",,False,True,12505,1572,34598,[],[],
2012442425948864628,Sat Jan 17 08:30:38 +0000 2026,"தீ பரவட்டும் : திமுக - காங்கிரஸ் சண்டை! |இந்தி படிக்கச் சொல்வது சதி! | அருமையான விளக்கம்.அரைவேக்காடு காங்கிரஸார் புரிந்து கொள்ளவேண்டும்.

~ பீட்டர் அல்போன்ஸ். https://t.co/UHSbJLTwfS",ta,False,False,388,1055,19,7,19880,520652924,Shafeeq,shafeeqkwt,| Entrepreneur | Travel Junkie | Dravidian Stock |,Chennai,False,True,32648,3589,50947,[],[],
2012441068457844908,Sat Jan 17 08:25:14 +0000 2026,"If Jana Nayagan releases now, you’ll see THALAPATHY VIJAY on the title card.

But if it releases after the elections, it might read RESPECTED CHIEF MINISTER VIJAY. 👑

Choose your hype wisely 😉🔥 

- Shared

https://t.co/BSFxiVPGsq",en,False,False,972,7544,128,53,234721,1030266727,KARTHIK DP,dp_karthik,Rêveuse 👌 #SoftwareEngineer 👨‍💻| #Photoshop 👨‍🎨 | #VideoEditor 🎥| #Thalapathy 🔥|#ViratKohli 1⃣8⃣| #YSR 🎼| #JB 👨‍🎤|#Riri 👩‍ #தமிழகவெற்றிக்கழகம்,Pondicherry,False,True,40380,982,164640,[],[],
2012440899519996215,Sat Jan 17 08:24:34 +0000 2026,"Remembering the legendary MGR on his Jayanti.

As a statesman and a cultural icon, MGR played immortal roles in both films and politics. Through accelerating development of Tamil Nadu and ensuring welfare, he always had a transformative impact. MGR also steered Tamil cinema, culture, and pride to new heights. He will continue to live in our hearts and inspire generations of Indians.",en,False,,431,1538,46,12,22518,1447949844,Amit Shah,AmitShah,"Union Home Minister, Minister of Cooperation and MP, Gandhinagar Lok Sabha. https://t.co/jEf4rOW2AD",,False,True,36696069,316,29315,[],[],
2012438188367761518,Sat Jan 17 08:13:48 +0000 2026,"நல்லவேளை நாம எல்லாம் விஜய் பின்னால போகல
 இதெல்லாம் பாத்தும் speech நிறுத்தாம continue பண்றதுக்கே ஒரு அரக்க குணம் வேணும் https://t.co/InRjCHMTp0",ta,False,False,322,647,17,3,9973,1750912395407659008,Introvert,NoOneCares_V,,,False,True,3626,4386,16699,[],[],
2012437655041278051,Sat Jan 17 08:11:40 +0000 2026,"திமுக பொது கூடத்தில் பசங்க  தவெக கொடி காமிச்சி கெத்து காமிகிக்றாங்க 😂😂🔥🔥 

TVK பயலுக டா 😤😤✊✊✊ #TVKVijay‌ @TVKVijayHQ 
 https://t.co/Ljcl3Z7Qhe",ta,False,False,204,761,2,0,5651,1187351257607884800,Vijay Social Teamⱽˢᵀ,TST_Offcl,One of Leading Official IT Wing Page for Thalapathy @tvkvijayhq || #TVKforTN - 2026 💯 || Spread Vijayism ❤|| #JanaNayagan #தமிழகவெற்றிக்கழகம் #VirtualWarriors,India,False,True,47651,3,71281,['TVKVijay\u200c'],[],
2012431501766353153,Sat Jan 17 07:47:13 +0000 2026,"**tha Goosebumps Mix raa🤯🤯🥵

#JanaNayagan #TVK @TVKVijayHQ https://t.co/HwtClFdvoN",en,False,False,405,2584,2,0,28948,1314086899368095745,Ꮮᴇɢᴇɴᴅᵀⱽᴷ,LegenD_AK_tweet,"TVK🇪🇸 Virtual Warriors WING, தல ரசிகன் தளபதி தொண்டன்🫶 ,Ajith Kumar Racing Fanclub🏎️(Chemist👨‍🔬, Quality Control🥼⚗️🧪)",Malaysia,False,False,3408,2366,8543,"['JanaNayagan', 'TVK']",[],
2012425144720035907,Sat Jan 17 07:21:58 +0000 2026,நாம் தமிழர்..!!👌 https://t.co/p56mYFZ0in,ta,False,False,190,722,81,7,19939,1667805038172082176,𝙄𝙣𝙗𝙖 𝐌𝐫 𝙃𝙪𝙢𝙖𝙣𝙞𝙨𝙩,im_inba1,https://t.co/mCoD9YcneT,𝐊𝐮𝐦𝐛𝐚𝐤𝐨𝐧𝐚𝐦 𝐈𝐍𝐃,False,True,37821,3480,137374,[],[],
2012417975203119277,Sat Jan 17 06:53:28 +0000 2026,"BJP candidate Tejinder Tiwana wins from Ward 47 by 13858 votes in Malad.

It was while campaigning for him that Annamalai had called Mumbai an international city.

Are you watching @RajThackeray ?

https://t.co/qyZA4E0Veu",en,False,False,799,4227,22,3,26727,776460131722756100,The Jaipur Dialogues,JaipurDialogues,धर्मो रक्षति रक्षितः,Bharat,False,True,498885,1384,55723,[],[],
2012414959339418036,Sat Jan 17 06:41:29 +0000 2026,"#TTT படத்தில் “THANKS NANBAN”ன்னு சொல்லி இருக்கிறது விஜய் அண்ணாக்கு தான். -@JiivaOfficial

https://t.co/9zLP3zGqFI",ta,False,False,460,2254,2,1,32257,132267828,Actor Vijay Fans,Actor_Vijay,Fan page of @actorvijay | #ThalapathyVijay | #Thalapathy69 | #JanaNayagan | #TVKVijay | #தமிழகவெற்றிக்கழகம் | @tvkvijayhq,"Chennai, India",False,True,1083126,10,39415,['TTT'],[],
2012413323715969043,Sat Jan 17 06:34:59 +0000 2026,"They mocked Annamalai. The people humiliated them.

Arrogance without achievement never survives the people’s verdict🔥 https://t.co/5Zn6laRWgm",en,False,False,540,2593,22,3,24948,3036572947,Viक़as,VlKAS_PR0NAM0,||Nationalist||Wild Life Enthusiast||Music Buff||Politics||Cricket||Team Pronamo ||@prosevasangh,Bharat,False,True,83985,7125,89865,[],[],
2012404099158012325,Sat Jan 17 05:58:20 +0000 2026,"Good Days of TVK are rolling over :

- TVK Campaign kickstarting from Salem
- Constituency wise TVK Meetings soon 
- TVK Candidates Announcement arriving https://t.co/GxkQqiCvdu",en,False,False,366,1553,20,3,17283,1430351757129883655,JD Trolls :),jd_trolls,Thalapathy Vijay | CSK,Rutu Nation,False,True,11724,5100,49148,[],[],
2012402953588486225,Sat Jan 17 05:53:47 +0000 2026,"#TTT படத்தில் “THANKS NANBAN”ன்னு சொல்லிருக்கது விஜய் அண்ணாக்கு தான்..

உண்மையான அண்ணண் தம்பி பொங்கல் இதான்..

~ @JiivaOfficial https://t.co/a12Uu64ogl",ta,False,False,2814,12039,26,9,110042,1622920739354730498,Pokkiri_Victor,Pokkiri_Victor,சமூக ஊடக அணி - பொறுப்பாளர் #தமிழகவெற்றிக்கழகம்,"Calgary, Alberta Canada",False,True,19339,2548,10897,['TTT'],[],
2012401912679911785,Sat Jan 17 05:49:39 +0000 2026,"After facing backlash during the Kerala promotions, Jiiva has now wholeheartedly dedicated the entire success of TTT to Thalapathy Vijay. He spoke about their strong bond &amp; Vijay sir’s constant support. Interestingly, Nanban was a Pongal release &amp; now TTT.
https://t.co/JX0GjCqmCJ",en,False,False,544,4122,10,2,152683,1030266727,KARTHIK DP,dp_karthik,Rêveuse 👌 #SoftwareEngineer 👨‍💻| #Photoshop 👨‍🎨 | #VideoEditor 🎥| #Thalapathy 🔥|#ViratKohli 1⃣8⃣| #YSR 🎼| #JB 👨‍🎤|#Riri 👩‍ #தமிழகவெற்றிக்கழகம்,Pondicherry,False,True,40380,982,164640,[],[],
2012399354900886012,Sat Jan 17 05:39:29 +0000 2026,"[BREAKING] 🚨 

The Campa Energy Sales In Tamilnadu Increase 5× After Featuring Brand #Ajithkumar In Ads 📈⚡️ https://t.co/oSm1Bgrcow",en,False,False,428,1442,82,58,49550,2983122514,AJITHKUMAR FANS CLUB,ThalaAjith_FC,"This Biggest Fan Page is Dedicated to #THALA #AJITH's Loyal Fans All Over the World! You Can Get Exclusive Movie Updates, Photos,Videos.! Up Next: #AK64",,False,True,564216,343,24741,['Ajithkumar'],[],
2012393252259856684,Sat Jan 17 05:15:14 +0000 2026,~ Vijay in Politics,en,True,,345,1793,13,3,28420,868872326858776576,John,johnn_reese,.,"New York, USA",False,False,408,181,18183,[],[],
2012393027726446892,Sat Jan 17 05:14:20 +0000 2026,"Nepo Kids and previlged dynasts won't know what it is to earn the position with good behavior and crowd support

They should just learn from Annamalai 🔥🔥🔥 https://t.co/RX3COlf82t",en,False,False,250,985,20,2,6892,1315162467257917440,JyotiKarma🚩🇮🇳,JyotiKarma7,"हिंदू .
जयतु सनातन धर्मः ।। 🚩🚩
Modi 3.0. Modi ka Pariwar 🧡",,False,True,35482,1087,219945,[],[],
2012389301472944465,Sat Jan 17 04:59:32 +0000 2026,"ஒரே ஒரு பாட்டு டோடல் திமுக க்ளோஸ் 🤣😂🤣
 https://t.co/gC9D0UndA5",ta,False,False,465,2326,5,2,27272,1149197433521360896,Suresh samy,sureshsamy28,Small Aim is a Big Crime 🎯 #தமிழகவெற்றிக்கழகம் ❤️💛❤️ 🇪🇸 | #தலைவர்விஜய் | MSDhoni | SneakerHead | பிரியமானவளே Batch,Barcelona 🇪🇸 ,False,True,8266,1865,38761,[],[],
2012387999913537965,Sat Jan 17 04:54:22 +0000 2026,"திமுக ஜெயிக்கிறது அல்லது தோற்கிறது ஆனால் இதையெல்லாம் தாண்டி எங்களின் உண்மையான வெற்றி இதுதான் 🖤❤️🙏
https://t.co/X5nwhTFSo6",ta,False,False,419,1128,15,6,15476,1449262458313474049,நாகரீக வெற்றிகொண்டான்🖤❤️,VetriKondanPDKT,"என் இனம் திராவிடம்|என் சாதி திமுக|என் குல சாமிகள் தந்தை பெரியார், பேரறிஞர் அண்ணா, தலைவர் கலைஞர், என் தந்தை| I Belongs to the Dravidian Stock",,False,False,15686,1359,74349,[],[],
2012386481265061985,Sat Jan 17 04:48:20 +0000 2026,"ஒரு ரியல் எஸ்டேட் புரோக்கர் கிட்ட எப்படி 500 கோடி பணம் வந்துச்சு...??

யார் பணம் அது யாரோட கருப்பு பணத்தை மாத்த try பண்றாங்க..

நாட்ட திருத்த வந்த விஜய் ரசிகர்களே பதில் சொல்லுங்க
 https://t.co/hc8Ru58IXY",ta,False,False,502,1256,59,7,79989,2004518895353573377,மெட்ராஸ் பையன்,madraspaiyanda,@madraspaiyan_. My old account was suspended due to copyright strikes. Follow me here!,,False,True,2563,1355,1273,[],[],
2012386274972512485,Sat Jan 17 04:47:30 +0000 2026,"உன் Area உன் ஆளுங்க…ஆனா எனக்கு பயம் இல்ல moment 🥵🥵🥵🔥🔥🔥

உங்க விஜய்..உங்க விஜய் உயிரென வரேன் நான் 😤😤✊✊ #TVKVijay 
 https://t.co/fkZFI29oFf",ta,False,False,453,1642,5,3,15151,1187351257607884800,Vijay Social Teamⱽˢᵀ,TST_Offcl,One of Leading Official IT Wing Page for Thalapathy @tvkvijayhq || #TVKforTN - 2026 💯 || Spread Vijayism ❤|| #JanaNayagan #தமிழகவெற்றிக்கழகம் #VirtualWarriors,India,False,True,47651,3,71281,['TVKVijay'],[],
2012385903269019731,Sat Jan 17 04:46:02 +0000 2026,"Annamalai got 4 lacs and 50000 votes in Coimbatore.
AdMk and DMK both dravidian dynasty   joined together became Syndicate and got 550000 votes just 100000 ahead. all forces joined together just to fight against one single man called Annamalai.
 All hyenas even from  his own party joined together to fight  against the Singham. Hyenas won the election but Singam won the people. he was not only fighting against the hyenas  but also 70 year old dynasty.
Thakrey Dynasty has fallen Nehru dynasty has fallen now Dravidian dynasty also will fall here in Tamil Nadu because of Annamalai
@annamalai_k 
@BJP4TamilNadu",en,True,,454,3259,59,8,108520,1720111098958077952,jayas,jayas66666,"PROUD SANATANI
proud mother. 
 hindu mudaliyar.
Dravidian parties are ANTI HUMAN 🚩🚩Annamalai is our last hope for tamil Hindus.",,False,False,566,398,5367,[],[],
2012381153572040785,Sat Jan 17 04:27:09 +0000 2026,"மறைந்த துக்ளக் ஆசிரியர் 'சோ' அவர்கள் சொல்லும் இந்த கருத்து விஜய்க்கும் பொருந்தும். அன்று அழகாக கணித்தார் 'சோ', அவர் இன்று இருந்தால் சற்று கூட்டி சொல்லியிருப்பார்.

 விஜய் சில இடங்களை வாங்கலாம், கூடுதல் வாக்குகளை வாங்கலாம் ஆனால் ஜெயிக்க முடியாது என்று சொல்லியிருப்பார். 

1996, 2011 துக்ளக் ஆசிரியர் 'சோ' வின் பங்கு ஆட்சி மாற்றத்தை கொண்டு வந்தது. பிரதமர் மோடிக்கு பிரதமர் ஆவார் என முதன் முதலில் ஆதரவு கொடுத்ததும் அவரே...

தமிழக அரசியலை விருப்பு வெறுப்பில்லாமல் கணிக்க இன்று ஆள் இல்லை.",ta,False,False,241,858,39,14,36276,4444769232,Abdul Muthaleef,MuthaleefAbdul,"Special field of Coverage Politics, Crime, Civic bodies, & Special Stories. Political Analyst.",Chennai,False,True,21288,513,11175,[],[],
2012379420259176582,Sat Jan 17 04:20:16 +0000 2026,"#Dhurandhar Part 1 Collected 11 Crores gross in Tamilnadu only with the Hindi Version 🤯👌🔥 Said to be 4.20 Crs Net Profit.. part 2 Releasing on 19th March 

https://t.co/098hTowWIE",en,False,False,277,5113,12,4,152092,1421003283334717449,Mukil Vardhanan,Mukil_Vardhanan,Ginkoka | Tracker,,False,True,7764,2491,20539,['Dhurandhar'],[],
2012376093584773580,Sat Jan 17 04:07:03 +0000 2026,Paying homage to the exceptional MGR on his Jayanti. His contribution to Tamil Nadu's progress is outstanding. Equally noteworthy is his role in popularising Tamil culture. We will always keep working to realise his vision for our society. https://t.co/M1Ly6uA8U1,en,False,False,4307,31198,604,111,3877216,18839785,Narendra Modi,narendramodi,Prime Minister of India,India,False,True,106079253,2681,49297,[],[],
2012373383137391070,Sat Jan 17 03:56:17 +0000 2026,"See the reaction of DMK cadres 😀

#TVK just spoiled their Pongal celebration 😎 https://t.co/QZ7DoXqcit",en,False,False,1218,5209,20,17,115528,1198511149496426498,Iʀsʜᴀᴅ,irshad5005,I'm Back Again To #SPREADVIJAYISM After 3 Time Suspensions ... This is my 4th Id @irshad5005..! Nobody can Stop me 😎 And Thanks To Those Kids and Cowards :),,False,True,13828,389,13139,['TVK'],[],
2012367876687266152,Sat Jan 17 03:34:24 +0000 2026,"Tamilnadu Vs Karnataka road. 
YouTuber explain about corruption about samraj nagar. 
We need more youtuber exploring more https://t.co/St3lvXYWYZ",en,False,False,727,4025,67,35,173201,152503133,Vishnu®,Vishnu1310,"Alien 1310. Mars-1310-area-1013.
Whatever Comments just fun if you take serious I'm not responsible. Back-up id: @Vishnu101391","Mars, Planet 00028.34.23.23,55",False,False,6813,7493,163774,[],[],
2012367767895474568,Sat Jan 17 03:33:58 +0000 2026,"Felix Gerald peaked🔥🔥🔥📈

DMK's Freebees,3000 for Pongal, and all other political stunts will be Totally Flop in TN2026 Election...✊🏼👍🏼 https://t.co/mF0IShUYo8",en,False,False,425,1684,7,2,27773,910646787181907968,Aswinkumar_TVK,Aswinkumar_TVK,"பிறப்பொக்கும் எல்லா உயிர்க்கும்|
மதச்சார்பற்ற சமூக நீதி |
#தமிழகவெற்றிக்கழகம் | 
#கொழுமம்|#Sankaramanallur |
Tweets n Replies Are Personal

🔗 https://t.co/ul2MPxKupX",India,False,True,1751,2634,20089,[],[],
2012364838861770816,Sat Jan 17 03:22:20 +0000 2026,"Humbled by Shri @annamalai_k Ji’s presence and support during my campaign...

His powerful speech has now turned into the 'Anna Rap' do watch and feel the energy.....

#BMCElection2026 
#BMCResults https://t.co/VXmoVXCATn",en,False,False,714,3074,126,15,63943,2951584819,Tajinder Singh Tiwana,TajinderTiwana,"BJP Karyakarta | President - Bharatiya Janata Yuva Morcha Mumbai | Ex Member, DPC Mumbai Suburbs | Municipal Councillor - Ward 47",Mumbai,False,True,17578,1383,19742,"['BMCElection2026', 'BMCResults']",[],
2012342788810309997,Sat Jan 17 01:54:43 +0000 2026,"மீண்டும் மீண்டும் சொல்வோம் MGR இல்லை என்றால் இன்று தமிழ்நாடு இத்தகைய வளர்ச்சியை பெற்றிருக்க வாய்ப்பில்லை 🔥 

அவர் கொண்ட தொலைநோக்கு பார்வை தான் இன்று வளர்ந்து நிற்கிறோம் ❤️

வாழ்க நின் புகழ்
 பிறந்தநாள் வாழ்த்துக்கள் தலைவா ❤️

#MGR109 https://t.co/P2XOxTA8D8",ta,False,False,342,1018,23,8,14566,2868758286,Balamurugan Jay,Balagutz,"சரித்திரம் படைக்க நினைக்கும் சாமானியன் ❤️
தலைவர் 👑
அதிமுக தகவல் தொழில்நுட்பபிரிவு 
சென்னை மண்டலம்",chennai,False,False,5290,960,72847,['MGR109'],[],
2012261867352367304,Fri Jan 16 20:33:09 +0000 2026,"மக்கள் நலதிட்டங்களை மூலம் திமுக மறுபடியும் அரியணை ஏறும்🔥

#தமிழ்நாடு_தேர்தல்2026 https://t.co/rzPTaEo9FC",ta,False,False,639,1604,33,9,13450,1881680402437545985,நந்தினி ❣️,Nandhini1360381,Belongs to Dravidian Stock 🖤❤️,Australia,False,True,8090,2200,22522,['தமிழ்நாடு_தேர்தல்2026'],[],
2012238333015966044,Fri Jan 16 18:59:38 +0000 2026,"டைம்க்கு வந்து டைம்க்கு பேசி இருந்தா 6 பச்சிளங் குழந்தைகள் செத்து இருக்காது😡

      உனக்கு அரசியல் வரலைய விட்டுறு😡அத விட்டு எல்லாத்தையும் பணம் கொடுத்து மாத்த முடியாது நடிகர் விஜய்
@TVKVijayHQ https://t.co/54MHXCSqhq",ta,False,False,329,633,22,1,12812,1184791214945525761,Amutha,Amutha74247715,"I Belong to Dravidian Stock 🖤♥️🖤♥️சங்கிஸ் தொம்பிஸ் அணில் குஞ்சான்ஸ் எவனும் இங்க வந்து கம்பு சுத்தக் கூடாது,",யாதும் ஊரே யாவரும் கேளிர்,False,True,9702,2828,45326,[],[],
2012237222410609029,Fri Jan 16 18:55:14 +0000 2026,"ஒரு வீடியோ கூட உனக்கு சாதகமா இல்ல விஜய்
@TVKVijayHQ 
  CBI எல்லா வீடியோவும் பாத்தாங்களானு தெரியல ஆனா இந்த சமயத்துல எல்லாத்ததையும் பாக்கனும் https://t.co/9HBEFtudO6",ta,False,False,912,1977,75,25,144643,1184791214945525761,Amutha,Amutha74247715,"I Belong to Dravidian Stock 🖤♥️🖤♥️சங்கிஸ் தொம்பிஸ் அணில் குஞ்சான்ஸ் எவனும் இங்க வந்து கம்பு சுத்தக் கூடாது,",யாதும் ஊரே யாவரும் கேளிர்,False,True,9702,2828,45326,[],[],
2012225645531513109,Fri Jan 16 18:09:13 +0000 2026,Watched 6 eps of can this love be translated and honestly younjung is so pretty that half the time I lost track of what is actually going on in the show and just stared at her beauty instead 😭,en,False,,779,4271,24,184,99706,1580604684838096897,a.,zyirancore,how do I make this about miaoyiran,asian dramas & exo ,False,False,1176,269,24388,[],[],
2012220653122809895,Fri Jan 16 17:49:23 +0000 2026,"முஸ்லீம் பெண் தவெகவிற்கு ஆதரவாக சில வீடியோ போட்டதுக்கு ரெண்டு நாளா கடிச்சிட்டு இருந்த கொத்தடிமைங்க இன்று கொலை மிரட்டல் விடுக்குறானுவ? ரவுடி / பொறுக்கி கட்சி திமுக

@TVKVijayHQ @BussyAnand @arunraajkg
@CTR_Nirmalkumar @AadhavArjuna @KASengottaiyan

ID: nila_dreamgirl_1425 https://t.co/QVoRj40kgU",ta,False,False,739,1762,44,9,14926,1866396922862604288,𝐓𝐕𝐊 𝐃𝐢𝐧𝐬𝐡𝐮,TVK_Dinshu,Hills💚 #Cyberophile | Loyal to @actorvijay ♥️ | BGMI : 5223975779,"Sholinganallur, Chennai ",False,False,3995,614,38952,[],[],
2012216104362319875,Fri Jan 16 17:31:19 +0000 2026,"You know, unfortunately, that one guy on here was right, you DO start to understand why Lenin and Stalin just had people shot",en,False,,1701,24707,85,53,392271,1435320417732988935,Very Disrespectful Woman🦂,punishedmother,🇮🇪 🇩🇪 🇮🇹 || “distilled evil soy woman” || nice feminist || antifascist || Socialist || 🌱@merricknsfw,"Salt Lake City, UT",False,False,79969,1039,52461,[],[],
2012204412622557371,Fri Jan 16 16:44:51 +0000 2026,"Here’s a list of leaders that have cancelled elections:)

1️⃣ Keir Starmer
2️⃣ Adolf Hitler
3️⃣ Joseph Stalin
4️⃣ Benito Mussolini
5️⃣ Francisco Franco
6️⃣ Augusto Pinochet
7️⃣ Saddam Hussein
8️⃣ Muammar Gaddafi
9️⃣ Mao Zedong
🔟 Vladimir Lenin",en,False,,3211,18614,676,101,429361,1723759441185554432,Joanne Lomas🇬🇧,t1meforchange23,Follow me and I follow back. Retweets and likes are not endorsements. From 🇬🇧,,False,False,4457,4659,24034,[],[],
2012201669522522483,Fri Jan 16 16:33:57 +0000 2026,"விஜய் அவர்கள் கரூர் விட்டு வெளியேறவில்லை வெளியேற்ற பட்டார்..

எல்லாமே pre-planned தான் 😭 https://t.co/wklniOqfUt",ta,False,False,1291,3545,34,7,49047,1622920739354730498,Pokkiri_Victor,Pokkiri_Victor,சமூக ஊடக அணி - பொறுப்பாளர் #தமிழகவெற்றிக்கழகம்,"Calgary, Alberta Canada",False,True,19339,2548,10897,[],[],
2012187334247424428,Fri Jan 16 15:36:59 +0000 2026,"Remember when bts lost it over the jimin pic , truly one of the funniest run bts eps😭 https://t.co/BGmJX68xjg",en,False,False,259,2218,3,4,18577,1616088155765231619,Shre⁷ |⊙⊝⊜,KV0LOGY,this user is not normal about Taehyung and Jungkook,ot⁷,False,False,5745,365,68651,[],[],
2012172728871121237,Fri Jan 16 14:38:57 +0000 2026,"ஒரிசா சட்டமன்ற தேர்தலின் போது 
தமிழர்களை கேலி செய்து பாஜக 
வெளியிட்ட விளம்பர வீடியோ https://t.co/8aOURtECpQ",ta,False,False,401,668,25,5,8063,2918809411,ஜெயராமன் திமுக,jayaraman418,சுயமரியாதையுள்ள திமுக தொண்டன்.,ramanathapuram,False,True,11463,1584,29226,[],[],
2012156295391187407,Fri Jan 16 13:33:39 +0000 2026,"I can't believe my eyes. This is not a FDFS show of RAJINIKANTH,AJITH KUMAR OR THALAPATHY VIJAY. This is @JiivaOfficial 's #TTT movie show audience. #ThalaivarThambiThalaimaiyil is doing extraordinary in box-office 🥵🔥 Real Pongal WINNER 🏆 
 https://t.co/ps0IA3Xa9c",en,False,False,1248,11044,41,41,392742,1314504056484687873,Aravind AK,BeingAravind_,Movie Geek • Sports • SM Influencer • Business • Married • MCA • DM For Ads&Promotions,India ,False,True,11261,7265,147313,"['TTT', 'ThalaivarThambiThalaimaiyil']",[],
2012117748500058261,Fri Jan 16 11:00:29 +0000 2026,"விஜய் ஃபேன்ஸ் அப்யூஸ் பண்றாங்க...

~நீ என்ன பண்ண?

41 பேரு செத்தத கிண்டல் பண்ணேன்.. https://t.co/dRw6PCf3ne",ta,False,False,834,3001,20,8,43535,1567546111140974594,குட்டி,Ak_Annna_,,,False,True,18166,8137,59090,[],[],
2012115648336539757,Fri Jan 16 10:52:08 +0000 2026,"As TN Deputy CM Udhayanidhi Stalin flagged off the Palamedu Jallikattu, the crowd erupted with cheers as actor Vijay’s TVK flags were waved high, with people shouting and jumping in excitement. 

#TVKVijay  https://t.co/KLanKOyBry",en,False,False,721,3049,11,2,40235,993408059325255680,KERALA VIJAY FANS CLUB,KVFC_Official,Dawning from kerala to Eulogize Samrat @actorvijay ! Stay connected with kerala strongest Thalapathy Vijay's Online Promotion Team - #KVFC.,kerala 🌴,False,True,99487,121,21199,['TVKVijay'],[],
2012115479960437076,Fri Jan 16 10:51:28 +0000 2026,"BJP candidate Tejinder Tiwana wins from Ward 47 by 13858 votes in Malad.

It was while campaigning for him that Annamalai had called Mumbai an international city. 
 https://t.co/FglaCzA1QM",en,False,False,4190,26371,195,65,520920,312790865,Padmaja Joshi,PadmajaJoshi,"Managing Editor @NDTV.  The Buck Stops Here, Monday-Friday at 9 pm. Previously TV9 Group, Times Now, India Today. Views personal. Frequently sarcastic",Delhi/NOIDA,False,True,117755,1929,32846,[],[],
2012097718202814724,Fri Jan 16 09:40:53 +0000 2026,"கழகத் தலைவர் மாண்புமிகு முதலமைச்சர் @mkstalin  அவர்களின் வழிகாட்டுதலில், நம் @dmk_youthwing-ன் தெற்கு மண்டலத்திற்கு உட்பட்ட 58 சட்டமன்றத் தொகுதிகளுக்கான கிளை-வார்டு-பாக நிர்வாகிகள் சந்திப்பு, அடுத்த மாதம் விருதுநகரில் நடைபெறவுள்ள நிலையில், அதற்கான ஏற்பாட்டுப் பணிகளை இன்றைய தினம் பார்வையிட்டோம்.

மேடை அமைப்பு- நிர்வாகிகளுக்கான அமருமிடம்- அவர்களுக்கான சீருடை- பாதுகாப்பு வசதிகள்- மருத்துவ வசதிகள் - வாகன நிறுத்தம் ஆகியவை குறித்து ஆலோசனைகள் வழங்கினோம்.

2026 சட்டமன்றத் தேர்தல் வெற்றிக்கு வழி அமைக்கும் சந்திப்பாக, விருதுநகரில் நடைபெறும் தெற்கு மண்டல நிர்வாகிகள் சந்திப்பு நிச்சயம் அமையும்!

@TThenarasu @KKSSRR_DMK @Joel_Dmk @Inba_AN_Ragu @ilaiyadmk @keprakashdmk
@AbdulmalikDmk @Prabhugajendran @pssrinivasandmk @GprMadurai
@C_ANAND_KUMAR",ta,False,False,320,587,32,7,11661,234034661,Udhay - தமிழ்நாட்டை தலைகுனிய விடமாட்டேன்,Udhaystalin,"DMK Youth Wing Secretary | Deputy Chief Minister, Government of Tamil Nadu | MLA, Chepauk - Thiruvallikeni Constituency",,False,True,3614776,614,27699,[],[],
2012097542885110138,Fri Jan 16 09:40:11 +0000 2026,பாலமேடு ஜல்லிக்கட்டில் தவெக கொடியை ஆட்டி செருப்படி வாங்கிய தற்குறி. 🤣 https://t.co/TVsf39d1TQ,ta,False,False,411,1421,18,4,59378,2856463176,Trollywood 𝕏,TrollywoodX,May the force be with you,,False,True,140168,94,16107,[],[],
2012097373603053611,Fri Jan 16 09:39:31 +0000 2026,பிரிவினைவாதம் அப்படின்னா என்ன தெரியுமா இந்த வீடியோவை பாருங்க!👇💯 https://t.co/w8aTbRU3Ac,ta,False,False,787,2038,66,15,31537,1169573577454055424,DMK Updates - தமிழ்நாட்டை தலைகுனிய விடமாட்டேன்,DMK_Updates,Always DMKian 🏴🚩| தனிஒருவன் | Stay tuned for More DMK Updates 🔴,"Chennai, India",False,True,33963,2755,33694,[],[],
2012097087941534109,Fri Jan 16 09:38:23 +0000 2026,"This is what happens when an uneducated nepo lot messes up with an educated mass leader like  Annamalai 🔥

Maharashtra rejects hate 🥳

#BMCResults #BMCElections https://t.co/zB3id9Q567",en,False,False,1634,9635,60,18,125675,614186125,Sheetal Chopra 🇮🇳,SheetalPronamo,"Swayam Sevika(RSS) I take FREE online Sanskar classes, Wild-life enthusiast,Modibhakt, #Akhand Bharat,",,False,True,132551,4460,102351,"['BMCResults', 'BMCElections']",[],
