"annotation_id","annotator","created_at","favorite_count","followers_count","following_count","full_text","hashtags","id","is_blue_verified","is_news","is_political","is_quote","lang","lead_time","link","overall_sentiment","party_list","place","possibly_sensitive","quote_count","reply_count","retweet_count","sarcasm_check","screen_name","stance_admk","stance_bjp","stance_congress","stance_dmk","stance_ntk","stance_tvk","total_tweets_by_user","tweet_id","updated_at","urls","user_desc","user_id","user_location","user_name","user_verified","view_count"
11,"6","2026-01-20T14:22:59.630701Z",702,1007659,883,"திருப்பூர் மாவட்டம் இடுவாய் கிராமத்தில், பொதுமக்கள் விருப்பத்திற்கு எதிராக குப்பைக்கிடங்கு அமைக்கும் பணியை நிறுத்தக் கோரி, பொதுமக்களோடு இணைந்து ஆர்ப்பாட்டம் நடத்த, திமுக அரசு அனுமதி மறுத்ததோடு மட்டுமல்லாமல், @BJP4Tamilnadu திருப்பூர் வடக்கு மாவட்டத் தலைவர் திரு @Kcmb_srinivasan மற்றும் நான் உட்பட பாஜக தொண்டர்களைக் கைது செய்திருக்கிறது காவல்துறை.

நாட்டிலேயே, தூய்மையான பெருநகரங்களில், சென்னை, மதுரை, கோவை மற்றும் சிறு நகரங்களில் ஈரோடு, திருப்பூர் உள்ளிட்டவை கடைசி இடங்களில் இருக்கின்றன. கமிஷன் வாங்குவதற்காக மட்டுமே, திருப்பூர் மாநகரத்தையே குப்பைக்கிடங்காக்கி வைத்திருக்கிறது திருப்பூர் மாநகராட்சி. திருப்பூர் மாநகர திமுக மேயர், இதற்காக மட்டுமே பதவியில் இருக்கிறார். 

பொதுமக்கள் எத்தனை போராட்டம் நடத்தினாலும், திருப்பூருக்கான நிரந்தரத் தீர்வு, தேர்தலில் மக்கள் அளிக்கப் போகும் வாக்குகள்தான். வரும் தேர்தலில், இந்த மக்கள் விரோத திமுக அரசை வீட்டுக்கு அனுப்ப வேண்டும்.

ஜனநாயக முறைப்படி, இடுவாய் கிராம பொதுமக்கள் பிரச்சினைக்காகக் குரல் கொடுக்க அனுமதி தர மறுத்து, எங்களைக் கைது செய்து அடக்குமுறையைக் கையாளும் திமுக அரசும், காவல்துறையும், நாளை முதல் வேறு வேறு வடிவங்களில் பொதுமக்களின் போராட்டத்தைச் சந்திப்பார்கள் என்பதைக் கூறிக் கொள்கிறேன். 

திமுக அரசின் ஒடுக்குமுறைக்கும் கைது நடவடிக்கைகளுக்கும் என்றும் அஞ்சோம். இடுவாய் மக்களின் குரலாக எங்கள் குரல் என்றும் ஒலிக்கும். (1/2)","[]",1,True,"No","Yes",False,"ta",282.58,"<a href=""https://x.com/twitter/status/2001628639356711363"" target=""_blank"">Tweet Link</a>","Neutral","{""choices"":[""DMK"",""BJP""]}","",False,3,22,331,"No","annamalai_k","","Pro-party","","Anti-party","","",18062,2001628639356711363,"2026-01-20T14:22:59.630727Z","[]","அறம் செய்ய விரும்பு. BJP Karyakartha.",61121030,"India","K.Annamalai",False,5588
12,"6","2026-01-20T14:25:20.509030Z",60378,5519898,1,"Thank you Erode 🙏🏻 <a href=""https://t.co/897ADrZtA4"">https://t.co/897ADrZtA4</a>","[]",2,True,"No","Yes",False,"en",139.1,"<a href=""https://x.com/twitter/status/2001562955176120490"" target=""_blank"">Tweet Link</a>","Positive","TVK","",False,1051,2188,20139,"No","actorvijay","","","","","","Pro-party",433,2001562955176120490,"2026-01-20T14:25:20.509051Z","[]","Official Page handled by Office of Actor Vijay",1156338067,"","Vijay",False,832866
13,"6","2026-01-20T14:27:36.024833Z",1248,35077,244,"நடிகனுக்கு ஜால்ரா அடித்து வாங்கும் பதவி என் மயிருக்கு சமம்...
@annamalai_k
 தர்மம் காக்க...
 அதர்மம் அழிக்க...
@hindumunnani_tn @elangovan_HM @BJP4TamilNadu @amarprasadreddy <a href=""https://t.co/nWT9jpTFFO"">https://t.co/nWT9jpTFFO</a>","[]",3,True,"No","Yes",False,"ta",133.586,"<a href=""https://x.com/twitter/status/2001507639835132078"" target=""_blank"">Tweet Link</a>","Negative","{""choices"":[""TVK"",""BJP""]}","",False,9,58,286,"Yes","kannan_kanal","","Pro-party","","","","Anti-party",1852,2001507639835132078,"2026-01-20T14:27:36.024855Z","[]","Action Director, Actor & State President-Art and Literature Division , Hindu Munnani, Tamilnadu.",1166196738,"Chennai, India","Kanal V Kannan",False,10958
104,"3","2026-01-23T07:51:50.589081Z",3083,4000735,91,"Hon'ble PM Thiru. @NarendraModi, Tamil Nadu is the backbone of India’s export economy. Punitive US tariffs are hitting this bedrock hard, disrupting production, orders and livelihoods across our industrial regions.

Urging immediate bilateral resolution to protect Tamil Nadu’s exporters and India’s global manufacturing strength.","[]",4,True,"No","Yes",False,"en",338.777,"<a href=""https://x.com/twitter/status/2001464934690099643"" target=""_blank"">Tweet Link</a>","Negative","BJP","",False,260,327,2198,"No","mkstalin","","Anti-party","","","","",11099,2001464934690099643,"2026-01-23T07:51:50.589115Z","[]","Chief Minister of Tamil Nadu | President of the DMK | Belongs to the Dravidian stock",2163039523,"","M.K.Stalin - தமிழ்நாட்டை தலைகுனிய விடமாட்டேன்",False,71916
15,"6","2026-01-20T14:32:44.022103Z",1074,1993,2016,"நாம் தமிழர் பிள்ளைகள் சேலம் மாவட்டம் தரமான சம்பவம் 💥💥
 இது தற்குறி கூட்டம் அல்ல இது தத்துவ கூட்டம் <a href=""https://t.co/6OuUXMn24Z"">https://t.co/6OuUXMn24Z</a>","[]",5,True,"No","Yes",False,"ta",148.176,"<a href=""https://x.com/twitter/status/2001547505054761159"" target=""_blank"">Tweet Link</a>","Neutral","NTK","",False,7,13,415,"Yes","murugan86489868","","","","","Pro-party","",12502,2001547505054761159,"2026-01-20T14:32:44.022125Z","[]","private",1105332988223471616,"chennai ","ஆறுமுகம்",False,7179
16,"6","2026-01-20T14:36:27.078143Z",11808,623279,1,"என் நெஞ்சில் குடியிருக்கும் உங்கள் அனைவருக்கும் என் அன்பான வணக்கம்.

எப்போதும், என் வாழ்வின் ஒவ்வொரு நிலையிலும் நீங்கள் உடன் வருகிறீர்கள். நீங்கள் காட்டும் எல்லையில்லா அன்பினாலும் ஆதரவினாலும் பெரும் உத்வேகம் அடைந்து வருகிறேன். இந்த உத்வேகமே எனக்கு எப்போதும் மிகப் பெரிய உந்துசக்தியாக இருக்கிறது. எத்தனை அரசியல் கட்சிகள், எத்தனை ஆண்டுக்காலம் நம்மை ஆண்டாலும், வறுமையின் பிடியில் சிக்கியுள்ள என் அன்புக்கு உரியவர்களாகிய உங்களுக்கு ஒரு விடிவு காலம் கண்டிப்பாக வரவேண்டும். ஏக்கத்திலேயே, கனவுகளிலேயே காலங்கள் கடந்து போய்விடக் கூடாது. எனவே தான், வளர்த்து ஆளாக்கிய உங்களோடு இணைந்து உங்களுக்காக உழைக்கவே நாம் நம் அரசியல் பயணத்தைத் தொடங்கினோம்.

அந்தப் பயணத்தில், உங்களைச் சந்திப்பதற்கு நாம் புறப்பட்டதில் இருந்தே எவ்வளவோ தடைகள் தொடர்ந்து நமக்கு வந்தவண்ணம் இருந்தன. அவற்றில் உங்களுக்குத் தெரிந்தவை பல. உங்களுக்குத் தெரியாதவை பல. ஆனால், அவற்றையெல்லாம் உங்களின் பேராதரவு மற்றும் தூய அன்பின் துணையோடு முறியடித்து வெற்றி அடைந்து வருகிறோம். உங்களுடனான சந்திப்பைத் தொடர்ந்து நிகழ்த்தி வருகிறோம்.

அந்த வகையில் இன்று மஞ்சள் மாநகரான ஈரோட்டில் நடைபெற்ற நமது சந்திப்பானது, வாழ்நாளில் இதுவரை இல்லாத வகையில் மிகுந்த மகிழ்ச்சியையும் நெகிழ்ச்சியையும் ஏற்படுத்தியது. இந்தச் சந்திப்பில், அளப்பரிய அன்பும் ஆதரவும் அளித்த, என் நெஞ்சில் குடியிருக்கும் உங்கள் அனைவருக்கும் எவ்வளவு நன்றி சொன்னாலும் போதாது.

இந்த நெகிழ்ச்சிமிகு சந்திப்பை, மிகப் பிரம்மாண்டமாகவும் மிகுந்த பாதுகாப்புடனும் மெச்சத் தகுந்த வகையிலும் ஏற்பாடு செய்திருந்த நம் கழகத்தின் நிர்வாகக் குழு ஒருங்கிணைப்பாளர் அண்ணன் திரு. கே.ஏ.செங்கோட்டையன் அவர்களுக்கும், அவருக்கு உறுதுணையாக இருந்த நம் கழகப் பொதுச் செயலாளர் திரு. ஆனந்த் அவர்களுக்கும், மாநில நிர்வாகிகளுக்கும், ஈரோடு மாநகர் மாவட்டக் கழகச் செயலாளர் திரு. M.பாலாஜி <a href=""https://t.co/WA5qee6wqi,"">https://t.co/WA5qee6wqi,</a> ஈரோடு கிழக்கு மாவட்டக் கழகச் செயலாளர் திரு. M.வெங்கடேஷ் B.E., MBA, ஈரோடு மேற்கு மாவட்டக் கழகச் செயலாளர் திரு. A.பிரதீப்குமார் DCE ஆகியோருக்கும் கழகத்தின் அனைத்து நிர்வாகிகளுக்கும், தன்னார்வலர்களுக்கும் போக்குவரத்து மற்றும் பாதுகாப்பு உள்ளிட்டவற்றைச் சிறப்பாக ஏற்பாடு செய்திருந்த காவல் துறைக்கும் எனது மனமார்ந்த நன்றியினைத் தெரிவித்துக்கொள்கிறேன்.

மீண்டும் சந்திப்போம்!
வெற்றி நிச்சயம்!","[]",6,True,"No","Yes",False,"ta",221.621,"<a href=""https://x.com/twitter/status/2001617217671327792"" target=""_blank"">Tweet Link</a>","Positive","TVK","","",109,420,4456,"No","TVKVijayHQ","","","","","","Pro-party",237,2001617217671327792,"2026-01-20T14:36:27.078170Z","['http://B.Com']","தலைவர், தமிழக வெற்றிக் கழகம்  - த.வெ.க |
President, Tamilaga Vettri Kazhagam - TVK",1752702274466680832,"Tamilnadu","TVK Vijay",False,142875
17,"6","2026-01-20T14:38:03.228651Z",1311,6880,183,"Someone is crying a lot today😅 <a href=""https://t.co/DLXWGuJA0t"">https://t.co/DLXWGuJA0t</a>","[]",7,True,"No","Yes",False,"en",94.654,"<a href=""https://x.com/twitter/status/2001564672009621732"" target=""_blank"">Tweet Link</a>","Neutral","{""choices"":[""DMK"",""TVK""]}","",False,52,66,386,"Yes","dmk_studentwing","","","","Pro-party","","Anti-party",5788,2001564672009621732,"2026-01-20T14:38:03.228678Z","[]","Official Page of DMK Student Wing | தி.மு.க மாணவர் அணி | #DravidianStock | #SocialJustice",1290622571910590466,"Anna Arivalayam","DMK Student Wing",False,38649
18,"6","2026-01-20T14:46:13.693045Z",312,159570,40,"ஏழை எளிய மாணவர்களுக்கும் விஞ்ஞானபூர்வ கல்வி கிடைக்க புரட்சித்தலைவி அம்மா அவர்களால் கொண்டுவரப்பட்ட விலையில்லா மடிக்கணினி வழங்கும் திட்டத்தை,

கடந்த நான்கு ஆண்டுகாலமாக விடியா திமுக அரசு நிறுத்தியுள்ளது.
தேர்தல் நெருங்குவதால் கல்லூரி மாணவர்களுக்கு மட்டும் லேப்டாப் தருவதாக தற்போது அறிவித்துள்ளனர்.

நிச்சயமாக, மீண்டும் அஇஅதிமுக ஆட்சி மலர்ந்ததும் மாணவர்களுக்கு லேப்டாப் வழங்கும் திட்டம் தொடரும்.

மாண்புமிகு கழகப் பொதுச் செயலாளர் புரட்சித் தமிழர் @EPSTamilNadu அவர்கள்

#EPSfor2026
#WhereIsOurLaptop","['EPSfor2026', 'WhereIsOurLaptop']",8,True,"No","Yes",False,"ta",68.158,"<a href=""https://x.com/twitter/status/2001493875828101184"" target=""_blank"">Tweet Link</a>","Negative","{""choices"":[""DMK"",""ADMK""]}","",False,17,46,203,"No","AIADMKITWINGOFL","Pro-party","","","Anti-party","","",22220,2001493875828101184,"2026-01-20T14:46:13.693072Z","[]","Official Twitter page of AIADMK IT Wing. News and updates from AIADMK.",923849866861715456,"Chennai, India","AIADMK IT WING - SayYesToWomenSafety&AIADMK",False,2724
19,"6","2026-01-20T14:46:39.663306Z",2868,6008004,99,"Vijay thanks people of Tamil Nadu in mega Erode rally
#Vijay #TamilNadu #Erode #News <a href=""https://t.co/biI7Qnfbow"">https://t.co/biI7Qnfbow</a>","['Vijay', 'TamilNadu', 'Erode', 'News']",9,True,"Yes","No",False,"en",24.108,"<a href=""https://x.com/twitter/status/2001557918521659855"" target=""_blank"">Tweet Link</a>","","","",False,3,14,970,"","IndiaToday","","","","","","",1430800,2001557918521659855,"2026-01-20T14:46:39.663327Z","[]","Brings you news breaks: Exclusive political, entertainment, sports insight, unbiased-nonaligned. https://t.co/4QkZBcgPH5| https://t.co/pmDGIBbj9z",19897138,"India","IndiaToday",False,23698
20,"6","2026-01-20T14:47:26.605694Z",576,159570,40,"மாண்புமிகு கழகப் பொதுச்செயலாளர் புரட்சித்தமிழர் @EPSTamilNadu அவர்களின் ஆணைக்கிணங்க ,

11,12 ஆம் வகுப்பு மாணவர்களுக்கும்,
விடுபட்ட அனைத்து கல்லூரி மாணவர்களுக்கும் 
 மடிக்கணினி வழங்கக்கோரி @admkstudentwing  சார்பில் மாபெரும் கண்டன ஆர்பாட்டம் இன்று நடைபெற்றது.

#WhereIsOurLaptop <a href=""https://t.co/4E1hYDqDfn"">https://t.co/4E1hYDqDfn</a>","['WhereIsOurLaptop']",10,True,"No","Yes",False,"ta",45.58,"<a href=""https://x.com/twitter/status/2001334929561653302"" target=""_blank"">Tweet Link</a>","Negative","{""choices"":[""DMK"",""ADMK""]}","",False,25,33,352,"No","AIADMKITWINGOFL","Pro-party","","","Anti-party","","",22220,2001334929561653302,"2026-01-20T14:47:26.605723Z","[]","Official Twitter page of AIADMK IT Wing. News and updates from AIADMK.",923849866861715456,"Chennai, India","AIADMK IT WING - SayYesToWomenSafety&AIADMK",False,3166
21,"6","2026-01-20T14:49:20.568046Z",1041,662219,2,"ஏழை எளிய மாணவர்களுக்கும் அறிவுப்பூர்வமான கல்வி கிடைப்பதை உறுதி செய்த திட்டம், மாண்புமிகு அம்மா அரசின் விலையில்லா மடிக்கணினி திட்டம்.

அரசுப்பள்ளிகள், அரசுக் கல்லூரிகளைச் சார்ந்த மாணவர்களின் Career Guide-ஆக, Life Shaping Device-ஆக, கல்விக்கான ஆயுதமாக இருந்த மடிக்கணினியை, மாண்புமிகு அம்மா அவர்கள் வழியில் தொடர்ந்து வழங்கி வந்தது எனது தலைமையிலான @AIADMKOfficial அரசு.

இந்த மடிக்கணினிகளால் பயனடைந்த இளைஞர்களை இன்றைய தினம் சந்தித்து, #PricelessScheme_AmmaLaptop தங்கள் வாழ்வில் ஏற்படுத்திய பெரும் மாற்றத்தினைக் கேட்டு அகமகிழ்ந்தேன்.

அதே சமயம், தற்போதைய அரசுப்பள்ளி மாணவர்களும், இன்றைய விடியா திமுக ஆட்சியில் லேப்டாப் கிடைக்காமல், விஞ்ஞானக் கல்வி கிடைப்பது தடைபட்டு, தாங்கள் வஞ்சிக்கப்படுவதை, தங்கள் உள்ளக் குமுறலை வெளிப்படுத்தினார்கள்.

ஸ்டாலின் மாடல் அரசு, நான்கரை ஆண்டுகளாக லேப்டாப் வழங்காமல், தற்போது தேர்தல் வரப்போகிறது எனத் தெரிந்ததும், ஒரு நாடகத்தை அரங்கேற்றத் தயாராகி விட்டார் இன்றைய பொம்மை முதலமைச்சர்.

அரைகுறை ஆயிரம் ரூபாய் போலவே, இதுவும், சம்மந்தமே இல்லாமல், கல்வி ஆண்டின் நடுவில், கடைசி ஆண்டு மாணவர்களுக்கு மட்டும் வழங்குவதன் காரணம் என்ன? ஏன் அரசுப்பள்ளி மாணவர்களுக்கு லேப்டாப் வழங்கவில்லை?

இன்றைய AI காலத்தில் வளர்ந்து வரும் தொழில்நுட்பத்திற்கு தகவமைத்துக் கொள்ளும் அளவிற்கு இவர்கள் தரும் லேப்டாப் இருக்கிறதா? என்றால் அதுவும் இல்லை.

பொம்மை முதல்வரைப் போன்றே பொம்மை லேப்டாப் கொடுத்து மாணவர்களை ஏமாற்றப் பார்க்கிறதா ஸ்டாலின் மாடல் அரசு?

Election Eyewash-க்காக லேப்டாப் கொடுப்பது போல Drama நடத்தும் உங்களுக்கும்,
Education Elevation-க்காக தொடர்ந்து லேப்டாப் கொடுத்த எங்களுக்கும் நிறைய வித்தியாசம் இருக்கிறது திரு. @mkstalin அவர்களே!

#WhereIsOurLaptop என்று நான் கேட்கவில்லை; உங்களால் நான்கரை ஆண்டுகாலமாக வஞ்சிக்கப்பட்ட அரசுப்பள்ளி மாணவர்கள் கேட்கிறார்கள். 

உரிய , முறையான பதில் வருமா 
திரு. ஸ்டாலின் அவர்களே?","['PricelessScheme_AmmaLaptop', 'WhereIsOurLaptop']",11,True,"No","Yes",False,"ta",112.197,"<a href=""https://x.com/twitter/status/2001267285739352481"" target=""_blank"">Tweet Link</a>","Negative","{""choices"":[""DMK"",""ADMK""]}","",False,58,192,623,"No","EPSTamilNadu","Pro-party","","","Anti-party","","",3845,2001267285739352481,"2026-01-20T14:49:20.568078Z","[]","Leader of Opposition - Tamilnadu Legislative Assembly | General Secretary - AIADMK | Former Chief Minister - Tamilnadu",973935385557413889,"Tamil Nadu, India","Edappadi K Palaniswami-SayYEStoWomenSafety&AIADMK",False,14384
22,"6","2026-01-20T14:50:35.127522Z",5797,71945,8,"ஆக மொத்தத்துல யார் பொது கூட்டம் நடத்தினாலும் அது அரசியல் கூட்டம் 

தவெக பொது கூட்டம் நடத்தினால் அது குடும்ப நிகழ்வு மாதிரி ஆயிடுது👌🏻👌🏻👌🏻 <a href=""https://t.co/onaYHpBa75"">https://t.co/onaYHpBa75</a>","[]",12,True,"No","Yes",False,"ta",73.276,"<a href=""https://x.com/twitter/status/2001299164282372556"" target=""_blank"">Tweet Link</a>","Negative","TVK","",False,13,17,1320,"Yes","TVK_WORLD","","","","","","Pro-party",7362,2001299164282372556,"2026-01-20T14:50:35.127547Z","[]","#தமிழகவெற்றிக்கழகம்  maintaining by @official_Tvmp Team | Admin - @IM_Back2026",875024842814242816,"India","TVK WORLD",False,32521
23,"6","2026-01-20T14:53:26.031433Z",387,31558,4442,"இது வெறும் தவெக அருனுக்கு மட்டமான மெசேஜ் இல்ல சுயநலம் பிடித்த திராவிட பாஜகவுக்கும், டயர் திராவிடியாக்களுக்கும் சேர்த்து தான் இந்த மெசேஜ் 🔥🔥🔥

@annamalai_k #Annamalai 🧡 <a href=""https://t.co/iQsHFbP7QD"">https://t.co/iQsHFbP7QD</a>","['Annamalai']",13,True,"No","Yes",False,"ta",169.615,"<a href=""https://x.com/twitter/status/2001523656795787557"" target=""_blank"">Tweet Link</a>","Negative","{""choices"":[""DMK"",""ADMK"",""TVK"",""BJP""]}","",False,1,5,104,"No","Johni_raja","Anti-party","Anti-party","","Anti-party","","Anti-party",243884,2001523656795787557,"2026-01-20T14:53:26.031463Z","[]","Follower of Guru NAMO Ji,Proud Hindu, Ayyappa Swamy Devotee,Extreme Patriot,Proud Member Of RSS,Def Enthusiast,Anti DMK",90805156,"தொண்டை நாடு/வேலூர், Las Vegas ","Johny Bhai(அண்ணாமலையின் வார் ரூம்)🇮🇳",False,2602
24,"6","2026-01-20T14:54:19.828674Z",3896,1110218,0,"ஈரோடு தவெக பொதுக்கூட்டத்துக்கு காந்தி வேடத்தில் வந்த நபர்

#TVKVijay #Erode #TVK <a href=""https://t.co/4XXFi8SvCR"">https://t.co/4XXFi8SvCR</a>","['TVKVijay', 'Erode', 'TVK']",14,True,"Yes","Yes",False,"ta",51.768,"<a href=""https://x.com/twitter/status/2001548466389160489"" target=""_blank"">Tweet Link</a>","Neutral","TVK","",False,15,22,1057,"No","bbctamil","","","","","","Neutral",107375,2001548466389160489,"2026-01-20T14:54:19.828698Z","[]","பிபிசி உலக சேவையின் தமிழ்ப்பிரிவே பிபிசி தமிழ். இது, பிபிசிக்காக கலெக்டிவ் நியூஸ்ரூம் வெளியீடு",23763445,"India","BBC News Tamil",False,32549
25,"6","2026-01-20T14:54:54.371954Z",539,110971,312,"தற்குறிகளுக்கு மட்டுமே எளிய மக்களின் வெற்றி டிராமாவா தெரியும்! 🤦‍♂️

#DMK4TN <a href=""https://t.co/CpnWYpozKG"">https://t.co/CpnWYpozKG</a>","['DMK4TN']",15,True,"No","Yes",False,"ta",33.307,"<a href=""https://x.com/twitter/status/2001580141345202276"" target=""_blank"">Tweet Link</a>","Negative","DMK","",False,5,4,265,"No","DMK4TN","","","","Pro-party","","",38451,2001580141345202276,"2026-01-20T14:54:54.371973Z","[]","திமுக ஓர் அரசியல் இயக்கம் மட்டுமல்ல; திராவிட கொள்கைகளுக்காக - தமிழக மக்களுக்காக போராடும் இயக்கம்!",2898216534,"","#DMK4TN",False,4243
26,"6","2026-01-20T14:55:31.681790Z",176,11779,1547,"இன்று திருப்பூர் மாவட்டம் இடுவாய் மக்களுக்காக போராடிய @annamalai_k அண்ணா அவர்களை கைது செய்துள்ளது விடியா திமுக அரசு🤬

#Annamalai |#DMKFailsTN |#NoVoteToEDMK <a href=""https://t.co/Zgp2pwxRB3"">https://t.co/Zgp2pwxRB3</a>","['Annamalai', 'DMKFailsTN', 'NoVoteToEDMK']",16,True,"No","Yes",False,"ta",35.966,"<a href=""https://x.com/twitter/status/2001609952620937530"" target=""_blank"">Tweet Link</a>","Negative","{""choices"":[""DMK"",""BJP""]}","",False,1,3,83,"No","Agmarksanghi","","Pro-party","","Anti-party","","",221146,2001609952620937530,"2026-01-20T14:55:31.681812Z","[]","Annamalai Anna Fan Boy 🦁| Bike Rider 🏍️ |

Social Media Reporter 🧑‍🎤 |

Always Happy Person 🤸🤸‍♂️",1677921058073247744,"Tamilnadu, INDIA🇮🇳","நாட்டாமை ⚖️(WarRoom Commander 😎 )",False,2201
27,"6","2026-01-20T14:55:46.905355Z",57,510690,1,"#Live அனைத்திந்திய அண்ணா திராவிட முன்னேற்றக் கழகத்தின் சார்பில் கிறிஸ்துமஸ் பெருவிழா <a href=""https://t.co/5JZxJpDxcF"">https://t.co/5JZxJpDxcF</a>","['Live']",17,True,"No","No",False,"ta",14.031,"<a href=""https://x.com/twitter/status/2001635519319744869"" target=""_blank"">Tweet Link</a>","","","",False,3,3,34,"","AIADMKOfficial","","","","","","",12724,2001635519319744869,"2026-01-20T14:55:46.905377Z","['https://x.com/i/broadcasts/1nAKEEzmnkkKL']","Official Twitter page of AIADMK",2330285072,"Tamilnadu","AIADMK - SayYesToWomenSafety&AIADMK",False,536
28,"6","2026-01-20T14:56:12.947733Z",3001,56191,3,"மங்கலம் பொங்கும் மஞ்சள் மாநகரான ஈரோட்டில், நம் வெற்றித் தலைவர் அவர்கள்... <a href=""https://t.co/DIid6UQho1"">https://t.co/DIid6UQho1</a>","[]",18,True,"No","Yes",False,"ta",24.224,"<a href=""https://x.com/twitter/status/2001616188921778318"" target=""_blank"">Tweet Link</a>","Positive","TVK","",False,5,17,969,"No","TVKPartyHQ","","","","","","Pro-party",409,2001616188921778318,"2026-01-20T14:56:12.947758Z","[]","தமிழக வெற்றிக் கழகம் - அதிகாரப்பூர்வ அறிவிப்புகள்

Tamilaga Vettri Kazhagam - Official Announcements",1754106652066979840,"","TVK Party HQ",False,20001
29,"6","2026-01-20T14:56:37.110895Z",314,110971,312,"தி.மு.க.வை அழித்துவிடுவேன் என வந்தவர்கள் அழிந்து போயிருக்கிறார்களே தவிர தி.மு.க இன்னும் அதே கொள்கை உரத்தோடு, வலுவோடு தான் இருக்கிறது; என்றும் இருக்கும்! 💥

#DMK4TN <a href=""https://t.co/soUj6regyX"">https://t.co/soUj6regyX</a>","['DMK4TN']",19,True,"No","Yes",False,"ta",22.684,"<a href=""https://x.com/twitter/status/2001588742793171050"" target=""_blank"">Tweet Link</a>","Positive","DMK","",False,7,12,146,"No","DMK4TN","","","","Pro-party","","",38451,2001588742793171050,"2026-01-20T14:56:37.110917Z","[]","திமுக ஓர் அரசியல் இயக்கம் மட்டுமல்ல; திராவிட கொள்கைகளுக்காக - தமிழக மக்களுக்காக போராடும் இயக்கம்!",2898216534,"","#DMK4TN",False,3554
30,"6","2026-01-20T14:57:39.156791Z",576,159570,40,"தமிழகத்தில் கிட்டத்தட்ட ஆண்டுதோறும் 3,70,000 அரசு பள்ளி மாணவர்கள் பன்னிரண்டாம் வகுப்பு படிக்கின்றனர். ஆனால், அதில் வெறும் சொற்ப எண்ணிக்கையில் தான் மருத்துவ படிப்புக்கு தேர்வாகின்றனர்.

இந்நிலையை போக்க வேண்டும் என்பதற்காக எந்த எதிர்க்கட்சிகளும் கோரிக்கை வைக்காமல், அரசு பள்ளி மாணவர்களுக்கு மருத்துவ படிப்பில் 7.5% உள் இட ஒதுக்கீடு பல்வேறு சட்டப் போராட்டங்களை தாண்டி நிறைவேற்றி காட்டி சாதனை படைத்தது அம்மாவின் அரசு. இதன் மூலம் ஆண்டுக்கு சராசரியாக 600 அரசு பள்ளி மாணவர்கள் மருத்துவ படிப்புக்கு தேர்வாகின்றனர்.

மாண்புமிகு கழகப் பொதுச் செயலாளர், புரட்சித் தமிழர்,
@EPSTamilNadu அவர்கள்.

#EPSfor2026
#WhereIsOurLaptop","['EPSfor2026', 'WhereIsOurLaptop']",20,True,"No","Yes",False,"ta",60.247,"<a href=""https://x.com/twitter/status/2001477190156980643"" target=""_blank"">Tweet Link</a>","Positive","{""choices"":[""DMK"",""ADMK""]}","",False,25,39,303,"No","AIADMKITWINGOFL","Pro-party","","","Anti-party","","",22220,2001477190156980643,"2026-01-20T14:57:39.156822Z","[]","Official Twitter page of AIADMK IT Wing. News and updates from AIADMK.",923849866861715456,"Chennai, India","AIADMK IT WING - SayYesToWomenSafety&AIADMK",False,5106
31,"6","2026-01-20T14:58:16.643213Z",4473,131989,1428,"I am a Hindu and I do not support DMK. 

Repost if you agree !!! <a href=""https://t.co/6Bj9CWEPdF"">https://t.co/6Bj9CWEPdF</a>","[]",21,True,"No","Yes",False,"en",36.183,"<a href=""https://x.com/twitter/status/2001309124022370353"" target=""_blank"">Tweet Link</a>","Neutral","DMK","",False,37,130,2300,"No","Hinduism_sci","","","","Anti-party","","",9174,2001309124022370353,"2026-01-20T14:58:16.643235Z","[]","प्रज्ञानम् ब्रह्म Turn on notifications 🔔 must | Contact ✉️ - Hinduismandscience1008@gmail.com",1260886399089336322,"India","Hinduism_and_Science",False,31795
32,"6","2026-01-20T14:59:25.193188Z",1253,54798,2,"அசிங்கமா பேசுற அரசியல் நல்லாவே வரும்! - நடிகர் விஜய்  |
#TVKMeeting #vijayspeech #tnpolitics #erode #vijay #tvkfails #Saattai #tvktroll <a href=""https://t.co/BzQjmrlCSe"">https://t.co/BzQjmrlCSe</a>","['TVKMeeting', 'vijayspeech', 'tnpolitics', 'erode', 'vijay', 'tvkfails', 'Saattai', 'tvktroll']",22,False,"No","Yes",False,"ta",66.739,"<a href=""https://x.com/twitter/status/2001565590989971725"" target=""_blank"">Tweet Link</a>","Negative","TVK","",False,10,75,452,"Yes","SaattaiOnline","","","","","","Anti-party",7957,2001565590989971725,"2026-01-20T14:59:25.193211Z","[]","சாட்டை - அநீதிகளுக்கு எதிராக சுழற்றுவோம்",1039199571988033536,"","Saattai",False,21852
33,"6","2026-01-20T15:00:04.804548Z",1751,9643618,373,"Vijay’s Erode Rally

Wherever I go in Tamil Nadu, I focus on local issues... I am not against subsidies, but one must understand that nothing comes for free...: TVK chief @actorvijay  (translated by @dharannniii) <a href=""https://t.co/VSfZsZ09Xe"">https://t.co/VSfZsZ09Xe</a>","[]",23,True,"Yes","Yes",False,"en",38.337,"<a href=""https://x.com/twitter/status/2001553951532159336"" target=""_blank"">Tweet Link</a>","Neutral","TVK","",False,4,6,599,"No","TimesNow","","","","","","Pro-party",1323254,2001553951532159336,"2026-01-20T15:00:04.804573Z","[]","Breaking news. Bold debates. Unmatched speed. | #TimesNow",240649814,"India","TIMES NOW",False,25746
34,"6","2026-01-20T15:00:46.873122Z",777,4000735,91,"கொளத்தூர் தொகுதி மக்கள் குறைந்த கட்டணத்தில் தங்களது இல்லத் திருமண நிகழ்வுகளை நடத்திக்கொள்ள, அனைத்து வசதிகளும் கொண்ட 'பேரறிஞர் அண்ணா திருமண மாளிகை'யைத் திறந்து வைத்து, 15 இணைகளுக்குத் திருமணம் நடத்தியும் வைத்தேன்!

மேலும், GKM காலனியில் புதிய #ModelSchool கட்டுவதற்கும், பெரியார் நகரில் #அமுதம் அங்காடி கட்டுவதற்கும் அடிக்கல் நாட்டினேன்.

உயர்தர மருத்துவமனை, பூங்கா, #முதல்வர்_படைப்பகம், நூலகம், விளையாட்டு அரங்கங்கள், தரமான மாநகராட்சிப் பள்ளிகள் என அனைத்திலும் BEST-ஆகக் கொளத்தூரை உயர்த்தி இருக்கிறோம்! 234 தொகுதிகளையும் இதேபோல உயர்த்திட உழைத்து வருகிறோம்!

#KolathurVisit","['ModelSchool', 'அமுதம்', 'முதல்வர்_படைப்பகம்', 'KolathurVisit']",24,True,"No","Yes",False,"ta",40.729,"<a href=""https://x.com/twitter/status/2001577363243663515"" target=""_blank"">Tweet Link</a>","Positive","DMK","",False,8,37,422,"No","mkstalin","","","","Pro-party","","",11099,2001577363243663515,"2026-01-20T15:00:46.873161Z","[]","Chief Minister of Tamil Nadu | President of the DMK | Belongs to the Dravidian stock",2163039523,"","M.K.Stalin - தமிழ்நாட்டை தலைகுனிய விடமாட்டேன்",False,9147
35,"6","2026-01-20T15:01:10.611042Z",772,330127,70,"திராவிட மாடல் ஆட்சியில் நாட்டின் மொத்த உள் மாநில உற்பத்தியில் பெரிய வளர்ச்சிக் கண்டு தனித்துவமாக உயர்ந்து நிற்கிறது தமிழ்நாடு!🌄📈

#RisingTamilNadu <a href=""https://t.co/YFNuMWRR8o"">https://t.co/YFNuMWRR8o</a>","['RisingTamilNadu']",25,True,"No","Yes",False,"ta",22.523,"<a href=""https://x.com/twitter/status/2000806678468657278"" target=""_blank"">Tweet Link</a>","Positive","DMK","",False,76,48,460,"No","DMKITwing","","","","Pro-party","","",61410,2000806678468657278,"2026-01-20T15:01:10.611064Z","[]","Official Information and Technology Wing of Dravida Munnetra Kazhagam - #DMK 🌄 #SocialJustice & #SelfRespect | FOLLOW 👉 https://t.co/VQVqPrYAV5",960781239144730624,"Tamilnadu, India","DMK IT WING",False,9285
36,"6","2026-01-20T15:01:34.690531Z",2790,1889,20,"மக்களே அண்ணன் உங்களை மட்டும் தான் நம்பி வந்திருக்காரு❤️🙏🏻 #thalapathyvijay #tvkvijay #tvk #viral <a href=""https://t.co/jhsgf0Jx0A"">https://t.co/jhsgf0Jx0A</a>","['thalapathyvijay', 'tvkvijay', 'tvk', 'viral']",26,True,"No","Yes",False,"ta",22.767,"<a href=""https://x.com/twitter/status/2001565085018526080"" target=""_blank"">Tweet Link</a>","Positive","TVK","",False,7,14,763,"No","Thalapathyhq","","","","","","Pro-party",835,2001565085018526080,"2026-01-20T15:01:34.690559Z","[]","தளபதியின் தோழர்கள் அதிகாரப்பூர்வமான கணக்கு | Official Account of TT - Thalapathyin Thozhargal | 

Youtube Link :",1777575417362165760,"Thalapathy NenjilKudiyirukkom","Thalapathyin Thozhargal",False,24572
37,"6","2026-01-20T15:01:56.129090Z",7327,27790685,2,"President Droupadi Murmu performed darshan and aarti at the Golden Temple, Sripuram, Vellore, Tamil Nadu. She prayed to Goddess Lakshmi for peace, prosperity and happiness of all. <a href=""https://t.co/1kOHDCdJ6R"">https://t.co/1kOHDCdJ6R</a>","[]",27,True,"No","No",False,"en",19.712,"<a href=""https://x.com/twitter/status/2001242639669371275"" target=""_blank"">Tweet Link</a>","","","",False,11,90,892,"","rashtrapatibhvn","","","","","","",17154,2001242639669371275,"2026-01-20T15:01:56.129115Z","[]","Official Twitter account of Rashtrapati Bhavan and is run by the President’s Secretariat | Smt Droupadi Murmu, President of India.",885487044243238912,"New Delhi, India","President of India",False,75000
38,"6","2026-01-20T15:02:32.662735Z",482,71641,694,"இடுவாய் மக்களுக்காக போராடிய தலைவர் @annamalai_k அவர்களை கைது செய்துள்ளது இந்த கையாலாகாத திமுக அரசு. <a href=""https://t.co/gktsXcgU5v"">https://t.co/gktsXcgU5v</a>","[]",28,True,"No","Yes",False,"ta",42.246,"<a href=""https://x.com/twitter/status/2001609099323281553"" target=""_blank"">Tweet Link</a>","Negative","{""choices"":[""DMK"",""BJP""]}","",False,5,9,215,"No","ikkmurugan","","Pro-party","","Anti-party","","",25177,2001609099323281553,"2026-01-20T15:16:40.752281Z","[]","Social, Political & Economics Observer | Believe in Dharma and Karma | Modi | Views Personal",1305370130344341504,"","Krishna Kumar Murugan",False,7148
39,"6","2026-01-20T15:03:22.615207Z",764,159570,40,"ஒவ்வொரு சராசரி அரசுப்பள்ளி மாணவனின் கல்விக்கு உறுதுணையாக நின்றது மாண்புமிகு அம்மாவின் அரசு வழங்கிய விலையில்லா மடிக்கணினி.

மாண்புமிகு அம்மா அவர்கள் வழியில், மாண்புமிகு புரட்சித் தமிழர் @EPSTamilNadu அவர்கள் அரசு பள்ளிக் கல்லூரி மாணவர்கள் அனைவருக்கும் லேப்டாப் சென்று சேர்வதை உறுதி செய்தார்கள். 

ஆனால், இன்றைய விடியா ஸ்டாலின் மாடல் அரசு, நான்கரை ஆண்டுகளாக #WhereIsOurLaptop என மாணவர்களை கேட்க வைத்து, அவர்களை வஞ்சித்து, இப்போது தேர்தல் ஆதாயத்திற்காக லேப்டாப் கொடுப்பது போல நாடகம் ஒன்றை அரங்கேற்ற உள்ளனர்.

ஆனால், தேர்தலுக்காக அல்லாமல், உள்ளார்ந்த அன்போடு @AIADMKOfficial அரசு தந்த
#PricelessScheme_AmmaLaptop
என்றும் இளைஞர்கள் வாழ்வில் ஒரு அங்கமாக இருக்கும்!","['WhereIsOurLaptop', 'PricelessScheme_AmmaLaptop']",29,True,"No","Yes",False,"ta",48.701,"<a href=""https://x.com/twitter/status/2001117520431046925"" target=""_blank"">Tweet Link</a>","Negative","{""choices"":[""DMK"",""ADMK""]}","",False,51,93,471,"No","AIADMKITWINGOFL","Pro-party","","","Anti-party","","",22220,2001117520431046925,"2026-01-20T15:03:22.615233Z","[]","Official Twitter page of AIADMK IT Wing. News and updates from AIADMK.",923849866861715456,"Chennai, India","AIADMK IT WING - SayYesToWomenSafety&AIADMK",False,6171
40,"6","2026-01-20T15:04:26.976452Z",1873,4000735,91,"#ClimateChange: Policy, Action – இரண்டிலும் நாட்டுக்கு வழிகாட்டும் தமிழ்நாடு!

துறையின் பெயரிலேயே காலநிலை மாற்றத்தைச் சேர்த்தது தொடங்கி, முன்னெப்போதும் இல்லாத அளவில் 500 கோடி ரூபாயை ஒதுக்கிப் பல இயக்கங்களைச் செயல்படுத்துவது வரை #DravidianModel அரசின் #ClimateChange செயல்பாடுகள்தான் இந்தியாவுக்கு Blueprint! 

2070-க்கு முன்னரே #NetZeroEmission இலக்கை அடைய வேண்டும் என அனைத்து நிலைகளிலும் உழைத்து வருகிறோம்! அதனால்தான் ஐ.நா.வே நம்மைப் பாராட்டியுள்ளது! இது ஒரு நீண்டகாலப் பயணம் என்றபோதிலும், நமது முயற்சிகளின் விளைவாகப் பல உடனடிப் பயன்கள் மூன்றாண்டுகளாகக் கிடைத்து வருகின்றன.

எதிர்காலச் சந்ததியினர் வாழப் பாதுகாப்பான சூழலை உறுதிசெய்ய, தமிழ்நாடு காலநிலை மாற்ற ஆட்சி மன்றக் குழுவின் பரிந்துரைகளைத் தொடர்ந்து செயல்படுத்துவதில் நமது அரசு உறுதியாக உள்ளது!
@TThenarasu @SupriyaSahuIAS

#TamilNaduGoverningCouncilonClimateChange","['ClimateChange', 'DravidianModel', 'ClimateChange', 'NetZeroEmission', 'TamilNaduGoverningCouncilonClimateChange']",30,True,"No","Yes",False,"ta",62.958,"<a href=""https://x.com/twitter/status/2001261656773656696"" target=""_blank"">Tweet Link</a>","Positive","DMK","",False,23,116,915,"No","mkstalin","","","","Pro-party","","",11099,2001261656773656696,"2026-01-20T15:04:26.976484Z","[]","Chief Minister of Tamil Nadu | President of the DMK | Belongs to the Dravidian stock",2163039523,"","M.K.Stalin - தமிழ்நாட்டை தலைகுனிய விடமாட்டேன்",False,23044
41,"6","2026-01-20T15:05:40.144847Z",168,510690,1,"மாண்புமிகு கழகப் பொதுச்செயலாளர் புரட்சித் தமிழர் திரு. @EPSTamilNadu அவர்களை 

மாண்புமிகு இலங்கை துணை அமைச்சர் திரு. சுந்தரலிங்கம் பிரதீப் அவர்களும், சென்னையில் உள்ள இலங்கை துணை தூதரக அதிகாரி முனைவர் கணேசநாதன் கேதீஸ்வரன் அவர்களும், மரியாதை நிமித்தமாக நேரில் சந்தித்தனர். <a href=""https://t.co/xRjlX2GLBJ"">https://t.co/xRjlX2GLBJ</a>","[]",31,True,"No","Yes",False,"ta",71.439,"<a href=""https://x.com/twitter/status/2001624781112971704"" target=""_blank"">Tweet Link</a>","Positive","ADMK","",False,3,2,69,"No","AIADMKOfficial","Pro-party","","","","","",12724,2001624781112971704,"2026-01-20T15:05:40.144870Z","[]","Official Twitter page of AIADMK",2330285072,"Tamilnadu","AIADMK - SayYesToWomenSafety&AIADMK",False,1429
42,"6","2026-01-20T15:06:18.503820Z",62,31558,4442,"திமுகவின் ஆட்சி அவலங்களை மக்களிடம் கொண்டு சென்று போராடிய மக்கள் தலைவர் அண்ணாமலையார் பாசிச தி.மு.க அரசால் கைது செய்யப்பட்டு இருக்கிறார் 😡😡😡

அண்ணாமலையார் என்ற நெருப்பில் 🔥 திமுக பொசங்கு போவது நிச்சயம் 😡😡😡

@annamalai_k #Annamalai <a href=""https://t.co/gvYk860zrA"">https://t.co/gvYk860zrA</a>","['Annamalai']",32,True,"No","Yes",False,"ta",37.085,"<a href=""https://x.com/twitter/status/2001626380556206582"" target=""_blank"">Tweet Link</a>","Negative","{""choices"":[""DMK"",""BJP""]}","",False,2,2,26,"No","Johni_raja","","Pro-party","","Anti-party","","",243884,2001626380556206582,"2026-01-20T15:06:18.503847Z","[]","Follower of Guru NAMO Ji,Proud Hindu, Ayyappa Swamy Devotee,Extreme Patriot,Proud Member Of RSS,Def Enthusiast,Anti DMK",90805156,"தொண்டை நாடு/வேலூர், Las Vegas ","Johny Bhai(அண்ணாமலையின் வார் ரூம்)🇮🇳",False,991
43,"6","2026-01-20T15:06:52.164318Z",4865,154721,967,"திமுக ஒரு தீய சக்தி 

- தலைவர் 

#தீயசக்தி_திமுக <a href=""https://t.co/OEjn1h1WOp"">https://t.co/OEjn1h1WOp</a>","['தீயசக்தி_திமுக']",33,True,"No","Yes",False,"ta",31.469,"<a href=""https://x.com/twitter/status/2001567223291482619"" target=""_blank"">Tweet Link</a>","Negative","DMK","",False,30,56,1747,"No","CTR_Nirmalkumar","","","","Anti-party","","",20329,2001567223291482619,"2026-01-20T15:06:52.164341Z","[]","C.T.R.Nirmal Kumar BE, LL.B, MA | இணைப் பொதுச் செயலாளர், தமிழக வெற்றிக் கழகம் । Joint General Secretary, Tamilaga Vettri Kazhagam",2703383215,"Chennai","CTR.Nirmalkumar",False,26280
44,"6","2026-01-20T15:07:28.039207Z",424,48475,638,"தமிழ்நாடு அரசுக்கு சொந்தமான பேருந்துகளில் 🚌 தமிழ்நாடு என்ற பெயர் கொண்ட Sticker ஒட்டியதற்காக நாம் தமிழர் கட்சியினரை காவல்துறை கைது செய்துள்ளது😡

அந்தப் பேருந்துகள் எல்லாம் தமிழ்நாடு அரசுக்கு சொந்தமானது தானே ஸ்டாலின் அப்பன் வீட்டு சொத்து இல்லையே பிறகு ஏன் கைது செய்ய வேண்டும் 🤬 <a href=""https://t.co/6JV2hOMjff"">https://t.co/6JV2hOMjff</a>","[]",34,False,"No","Yes",False,"ta",34.592,"<a href=""https://x.com/twitter/status/2001583811898093949"" target=""_blank"">Tweet Link</a>","Negative","{""choices"":[""DMK"",""NTK""]}","",False,0,5,202,"No","I_Magizhan_21","","","","Anti-party","Pro-party","",11666,2001583811898093949,"2026-01-20T15:07:28.039233Z","[]","தமிழன் || BooK ReadeR || ஆய்வாளன்  || youtuber ||
நெற்றிக்கண்||
ஐ வலையொளி ||

தமிழரின் தாகம் தமிழ் தேசிய தாயகம்",1219465246911291392,"","ஐ வலையொளி🐦 மகிழன்",False,2217
45,"6","2026-01-20T15:08:05.375791Z",475,207067,70,"நூறுநாள் வேலை பார்ப்பவர்கள் கைரேகை பதிவது கட்டாயம்.

ஆனால் பேரழிவை உருவாக்கும் தோரியம் உள்ளிட்ட கனிமங்களை கையாள கார்ப்பரேட்டுகளுக்கு கட்டற்ற சுதந்திரம்.

இரட்டை துயரங்களை இந்திய மக்களின் மீது பாஜக அரசு சுமத்தியுள்ளது.

- மக்களவை விவாதத்தில்

#GraminVBGRAMG
#CorporateLiberty 
#கார்பரேட்சுதந்திரம்
#Parliament
#நாடாளுமன்றம்","['GraminVBGRAMG', 'CorporateLiberty', 'கார்பரேட்சுதந்திரம்', 'Parliament', 'நாடாளுமன்றம்']",35,True,"No","Yes",False,"ta",36.025,"<a href=""https://x.com/twitter/status/2001505578737381703"" target=""_blank"">Tweet Link</a>","Negative","BJP","",False,3,16,207,"No","SuVe4Madurai","","Anti-party","","","","",6929,2001505578737381703,"2026-01-20T15:08:05.375814Z","[]","Member of Parliament (Madurai Constituency). State secretiate Member @TNCPIM. மதிப்புறு தலைவர் @தமுஎகச",1108944147589656579,"Madurai South, India","Su Venkatesan MP",False,5918
46,"6","2026-01-20T15:08:40.447193Z",386,19549,1514,"எவன் என்ன எழுதி கொடுத்தாலும் படிப்பியாடா தற்குறி 

உண்மையிலேயே பெண்கள் பாதுகாப்பா இருக்க மாநிலம் தமிழ்நாடு உண்மையான புள்ளிவிவரம் சொல்லுது இதோ 👇👇 <a href=""https://t.co/5OYqVGR6CX"">https://t.co/5OYqVGR6CX</a>","[]",36,True,"No","Yes",False,"ta",33.75,"<a href=""https://x.com/twitter/status/2001592944244199512"" target=""_blank"">Tweet Link</a>","Negative","{""choices"":[""DMK"",""TVK""]}","",False,3,8,188,"No","madraspaiyan_","","","","Pro-party","","Anti-party",97732,2001592944244199512,"2026-01-20T15:08:40.447214Z","[]","என்றும் ஒரே தல அஜித் 🔥",244059328,"Tamil Nadu,","மெட்ராஸ் பையன்",False,4027
47,"6","2026-01-20T15:09:10.742437Z",1674,19082,534,"வீசுற புயலுக்கு வேலி போட முடியாது...🔥

தளபதி ஜெயிக்கிறதை எவராலும் தடுக்க முடியாது...💪🏻

2026- இல் கோட்டையில் சந்திப்போம். நன்றி!!

#TVK | #TVKVijay | #VijaySpeech | #VijayInErode | #TVKInErode | #Erode | #VijayMeeting | #TVKMeeting | #தவெக | #தமிழகவெற்றிக்கழகம் | <a href=""https://t.co/NKo8dixHJu"">https://t.co/NKo8dixHJu</a>","['TVK', 'TVKVijay', 'VijaySpeech', 'VijayInErode', 'TVKInErode', 'Erode', 'VijayMeeting', 'TVKMeeting', 'தவெக', 'தமிழகவெற்றிக்கழகம்']",37,True,"No","Yes",False,"ta",28.54,"<a href=""https://x.com/twitter/status/2001568103218713074"" target=""_blank"">Tweet Link</a>","Positive","TVK","",False,3,28,588,"No","arunraajkg","","","","","","Pro-party",2170,2001568103218713074,"2026-01-20T15:09:10.742458Z","[]","Doctor, Ex IRS; Humanist.கொள்கை பரப்புப் பொதுச் செயலாளர்- தமிழக வெற்றிக் கழகம். Let's not forget that our potential is infinite.",273503438,"Chennai","Arunraaj TVK",False,10822
48,"6","2026-01-20T15:11:33.110960Z",480,3616551,615,"கழகத் தலைவர்-மாண்புமிகு தமிழ்நாடு முதலமைச்சர் @mkstalin அவர்களின் வழிகாட்டுதலில், தலைமைக் கழகத்தின் ஒப்புதலுடன், @dmk_youthwing நிர்வாகிகளுக்கு, சமூக வலைதளப் பயிற்சியளிக்கவும், அவர்களின் சமூக வலைதளம் சார்ந்த பணிகளை ஒருங்கிணைக்கவும், கழக மாவட்டத்துக்கு ஒரு துணை அமைப்பாளரைத் தேர்வுசெய்து வருகிறோம்.

இதற்கென பெறப்பட்ட விண்ணப்பங்களைப் பரிசீலனை செய்து, அதில் தேர்வானவர்களை நேரில் அழைத்து, அவர்கள் ஆற்றிய களப்பணி மற்றும் சமூக வலைதளப் பணிகளை ஆய்வு செய்தோம்.

இந்த நேர்காணல் அடிப்படையிலும், மாவட்டக் கழகச் செயலாளர்களின் பரிந்துரையின் பேரிலும், இளைஞர் அணி மண்டலம்-1-க்கு உட்பட்ட 6 கழக மாவட்டங்களுக்கு, சமூக வலைதள துணை அமைப்பாளர்கள் நியமிக்கப்பட்டுள்ளனர்.

இளைஞர் அணியின் சமூக வலைதள பணிகளை ஒருங்கிணைப்பதற்கென புதிதாக நியமிக்கப்பட துணை  அமைப்பாளர்களின் கழகப் பணி சிறக்க, என் அன்பும் வாழ்த்தும்!

#கழக_இளைஞர்_அணி @Joel_Dmk  @PrabhakarRaja88 @JJEbenezer1 @Prakashbalara01 @raja_anbazhagan @rdmadhankumar  @VanavilVijay","['கழக_இளைஞர்_அணி']",38,True,"No","Yes",False,"ta",141.193,"<a href=""https://x.com/twitter/status/2001517657506680863"" target=""_blank"">Tweet Link</a>","Positive","DMK","",False,6,70,324,"No","Udhaystalin","","","","Neutral","","",27529,2001517657506680863,"2026-01-20T15:11:33.110988Z","[]","DMK Youth Wing Secretary | Deputy Chief Minister, Government of Tamil Nadu | MLA, Chepauk - Thiruvallikeni Constituency",234034661,"","Udhay - தமிழ்நாட்டை தலைகுனிய விடமாட்டேன்",False,8157
49,"6","2026-01-20T15:11:54.975369Z",660,31558,4442,"அண்ணாமலையார் வெறும் தலைவர் மட்டுமல்ல அவர் தான் எங்களின் பிராண்ட் 🔥🔥🔥

@annamalai_k #Annamalai <a href=""https://t.co/Xf4KR5fk5J"">https://t.co/Xf4KR5fk5J</a>","['Annamalai']",39,True,"No","Yes",False,"ta",20.124,"<a href=""https://x.com/twitter/status/2001114310236627190"" target=""_blank"">Tweet Link</a>","Positive","BJP","",False,5,11,164,"No","Johni_raja","","Pro-party","","","","",243884,2001114310236627190,"2026-01-20T15:11:54.975389Z","[]","Follower of Guru NAMO Ji,Proud Hindu, Ayyappa Swamy Devotee,Extreme Patriot,Proud Member Of RSS,Def Enthusiast,Anti DMK",90805156,"தொண்டை நாடு/வேலூர், Las Vegas ","Johny Bhai(அண்ணாமலையின் வார் ரூம்)🇮🇳",False,9835
50,"6","2026-01-20T15:12:40.228830Z",504,76966,565,"""வேண்டாம்.. வேண்டாம்.. ஓசி பஸ் வேண்டாம்""னு சொன்னது தவெக தற்குறிங்க😂😂😂

அப்போ தற்குறி விஜய் யாரை திட்டிருக்கான்??🤔🤔🤔

தன்னோடா நண்பா நண்பி தற்குறிகளதான்👌👏🏻👏🏻👏🏻

நீங்களே பாருங்களேன்🙏🙏🙏","[]",40,True,"No","Yes",False,"ta",44.03,"<a href=""https://x.com/twitter/status/2001574850033520745"" target=""_blank"">Tweet Link</a>","Negative","TVK","",False,9,14,217,"Yes","Surya_BornToWin","","","","","","Anti-party",163420,2001574850033520745,"2026-01-20T15:12:40.228861Z","[]","Mechanical Engineer | Dravidian Stock | Atheist | Rationalist | Anti-Religion | Anti-Caste | பிறப்பொக்கும் எல்லா உயிர்க்கும் | Tweets are My Personal Views |",3032189814,"Chennai,TamilNadu,Indian Union","Surya Born To Win",False,7250
51,"6","2026-01-20T15:12:59.319975Z",915,22932,553,"சேலத்தில நாம் தமிழர் கட்சி சார்பாக தொடங்கியது புரட்சி 🔥😎💪

#தமிழ்நாடு வாழ்க💥💥 <a href=""https://t.co/PPwPo1bAZu"">https://t.co/PPwPo1bAZu</a>","['தமிழ்நாடு']",41,False,"No","Yes",False,"ta",17.332,"<a href=""https://x.com/twitter/status/2001577568777199703"" target=""_blank"">Tweet Link</a>","Positive","NTK","",False,7,3,350,"No","samooganidhi","","","","","Pro-party","",57160,2001577568777199703,"2026-01-20T15:12:59.320000Z","[]","Political Meme page -  Fun Guarantee 💯

                        Follow for more !",1463927493153333251,"Tamil Nadu, India","plip plip 2.0",False,4512
52,"6","2026-01-20T15:13:44.334697Z",200,174214,211,"2026-தேர்தலில் மக்கள் முன் இருக்கும் வாய்ப்பு 👇

@mkstalin #Youth4DMK2026","['Youth4DMK2026']",42,True,"No","Yes",False,"ta",43.771,"<a href=""https://x.com/twitter/status/2001542348006940804"" target=""_blank"">Tweet Link</a>","Positive","DMK","",False,5,10,121,"No","dmk_youthwing","","","","Pro-party","","",14700,2001542348006940804,"2026-01-20T15:13:44.334719Z","[]","The Official DMK Youth Wing, Twitter Account | தி.மு.க. இளைஞர் அணி",1157307407384473600,"Teynampet, Chennai","DMK Youth Wing",False,1363
53,"6","2026-01-20T15:14:10.252279Z",1182,61917,997,"ஐயய்யோ ஐயய்யோ மறந்துபோச்சே… மறந்துபோச்சே…  இப்ப நான் என்ன பண்ணுவேன்..  எங்கடா அது? 🤣🤣

இந்த மாதிரி.. இந்த மாதிரி.. இந்த மாதிரி..😂😂

எந்த மாதிரி @actorvijay ? ஒழுங்கா மனப்பாடம் பண்ணக் கூட வக்கில்லாம இங்க வந்து உருளுறது 🤛🏻🤛🏻 @TVKVijayHQ 

#TVK #Erode <a href=""https://t.co/XQ2cM1zIJr"">https://t.co/XQ2cM1zIJr</a>","['TVK', 'Erode']",43,True,"No","Yes",False,"ta",24.617,"<a href=""https://x.com/twitter/status/2001547603251732533"" target=""_blank"">Tweet Link</a>","Negative","TVK","",False,21,21,440,"Yes","paramporul","","","","","","Anti-party",253367,2001547603251732533,"2026-01-20T15:14:10.252305Z","[]","| Belongs to Dravidian Stock | Cathy's Father | #இசைச்சாமி |",348946521,"5 விவேகானந்தர் தெரு, துபாய்","பரம்பொருள்",False,25881
54,"6","2026-01-20T15:14:35.278250Z",2170,34764,3,"பெரியார் மண்ணில் கடலெனத் திரண்ட மக்களிடையே நம் வெற்றித் தலைவர்! <a href=""https://t.co/UkJhdU2rqX"">https://t.co/UkJhdU2rqX</a>","[]",44,True,"No","Yes",False,"ta",23.393,"<a href=""https://x.com/twitter/status/2001608309758136680"" target=""_blank"">Tweet Link</a>","Positive","TVK","",False,4,11,873,"No","TVKHQITWingOffl","","","","","","Pro-party",998,2001608309758136680,"2026-01-20T15:14:35.278283Z","[]","தமிழக வெற்றிக் கழகம் - தகவல் தொழில்நுட்ப அணியின் அதிகாரப்பூர்வ பக்கம்
https://t.co/vp0CywhhYL",1895335787085897728,"","TVK IT Wing Official",False,16386
55,"6","2026-01-20T15:15:48.896926Z",1552,662219,2,"திருவள்ளூர் மாவட்டம் கொண்டாபுரம் அரசு உயர்நிலைப்பள்ளியில், மதிய உணவு சாப்பிட்டுக் கொண்டிருந்த போது கைப்பிடி சுவர் இடிந்து விழுந்ததில் 7-ம் வகுப்பு படிக்கும் மோகித் என்ற மாணவன் உடல் நசுங்கி உயிரிழந்ததாக வரும் செய்தி மிகுந்த அதிர்ச்சியும் வேதனையும் அளிக்கிறது.

உயிரிழந்த மாணவனின் பெற்றோருக்கு எனது ஆழ்ந்த இரங்கலையும் வருத்தங்களையும் தெரிவித்துக்கொள்கிறேன்.

""கல்வியிற் சிறந்த தமிழ்நாடு"" என்று சினிமா மேடை போல ஒரு மேடை அமைத்து, தனக்கு தானே ஒரு வெற்றுப் பாராட்டு விழா நடத்திய செலவில், அரசுப்பள்ளிகளின் கட்டுமானங்களைப் பராமரிப்பதில் செலவிட்டு இருந்தால், இன்றைக்கு இந்த பரிதாப உயிரிழப்பை நிச்சயம் தவிர்த்திருக்கலாம்.

பள்ளிக் கல்வித் துறையின் அமைச்சராக இருப்பவரோ, இன்னும் ரசிகர் மன்றத் தலைவர் மனநிலையில் இருந்து வெளிவராமல், உதயநிதி பிறந்தநாளைக் கொண்டாடுவதில் செலவிடும் நேரத்தை, தன் துறை சார்ந்த பணிகளில் என்றைக்காவது செலவிட்டு இருக்கிறாரா?

பாழடைந்த அரசுப்பள்ளிக் கட்டுமானங்களால், மாணவர்கள் உயிரோடு விளையாடிக் கொண்டிருக்கும் ஸ்டாலின் மாடல் திமுக அரசுக்கு எனது கடும் கண்டனம்.

உயிரிழந்த மாணவர் மோகித்தின் குடும்பத்தாருக்கு உரிய நிவாரணத்தை உடனடியாக வழங்குவதுடன், அரசுப்பள்ளிகளின் கட்டுமானத்தை போர்க்கால அடிப்படையில் சீர்செய்யுமாறு பொம்மை முதல்வர் @mkstalin-ன் விடியா திமுக அரசை வலியுறுத்துகிறேன்.
@AIADMKOfficial","[]",45,True,"No","Yes",False,"ta",71.787,"<a href=""https://x.com/twitter/status/2000907650662539634"" target=""_blank"">Tweet Link</a>","Negative","{""choices"":[""DMK"",""ADMK""]}","",False,91,389,975,"No","EPSTamilNadu","Pro-party","","","Anti-party","","",3845,2000907650662539634,"2026-01-20T15:15:48.896950Z","[]","Leader of Opposition - Tamilnadu Legislative Assembly | General Secretary - AIADMK | Former Chief Minister - Tamilnadu",973935385557413889,"Tamil Nadu, India","Edappadi K Palaniswami-SayYEStoWomenSafety&AIADMK",False,21791
237,"4","2026-01-26T07:40:48.350106Z",11509,232936,1242,"Tamil Nadu Waqf Board claims
'Deepam Pillar belongs to Dargah'

The deepam used to be lit 1000's of years before Islam was born but Secular India will tolerate this farce too.
 <a href=""https://t.co/uSZfgdPbUd"">https://t.co/uSZfgdPbUd</a>","[]",46,True,"No","No",False,"en",30.018,"<a href=""https://x.com/twitter/status/2000964760574255226"" target=""_blank"">Tweet Link</a>","","","",False,47,142,4163,"","BattaKashmiri","","","","","","",62629,2000964760574255226,"2026-01-26T07:40:48.350194Z","[]","नमस्ते शारदे देवि काश्मीरपुरवासिनि।
त्वामहं प्रार्थये नित्यं विद्यादानं देहि।।

I shall return to my motherland even if it takes a thousand lifetimes....",1441683373840224264,"In Exile","Kashmiri Hindu",False,75204
58,"2","2026-01-20T15:42:15.648751Z",5994,494586,2,"Here’s Thalapathy Vijay full speech in Erode 🔥

 <a href=""https://t.co/rsn2tKyUPv"">https://t.co/rsn2tKyUPv</a>","[]",47,True,"Yes","Yes",False,"en",296.644,"<a href=""https://x.com/twitter/status/2001548281546182718"" target=""_blank"">Tweet Link</a>","Negative","{""choices"":[""DMK"",""TVK""]}","",False,71,30,2430,"Yes","VijayFansTrends","","","","Anti-party","","Pro-party",93655,2001548281546182718,"2026-01-20T15:58:20.156097Z","[]","The Official Trends Page for Thalapathy @actorvijay - @tvkvijayhq , Backup Account @VijayTrendsPage",730088562,"India","Vijay Fans Trends",False,82939
59,"2","2026-01-20T15:44:35.006413Z",1341,126750,7588,"#TVK chief #Vijay launches a scathing attack on the #DMK, alleges the ruling party is trying to scuttle his growth in Tamil Nadu politics. <a href=""https://t.co/2O3hvLb69S"">https://t.co/2O3hvLb69S</a>","['TVK', 'Vijay', 'DMK']",48,False,"Yes","Yes",False,"en",149.226,"<a href=""https://x.com/twitter/status/2001549042845913563"" target=""_blank"">Tweet Link</a>","Negative","{""choices"":[""DMK"",""TVK""]}","",False,1,20,273,"No","Ahmedshabbir20","","","","Anti-party","","Pro-party",103476,2001549042845913563,"2026-01-20T15:58:38.222918Z","[]","Once a paperboy, now a journalist. Senior News Editor @thenewsminute . Chevening fellow. Opinions expressed here are personal.",100999112,"Chennai - India ","Shabbir Ahmed",False,23834
60,"2","2026-01-20T15:45:51.982489Z",95,330127,70,"நமக்கான காலம்!

தமிழ்நாட்டில் தி.மு.கழகம் ஆட்சி பொறுப்புக்கு வரும் காலம் எல்லாம் மக்களுக்குப் பொற்காலமாக இருக்கும்.

2026ல் திராவிட மாடல் 2.0 ஆட்சி அமைப்போம்! 🌄

#DMK4TN","['DMK4TN']",49,True,"Yes","Yes",False,"ta",75.586,"<a href=""https://x.com/twitter/status/2001615467853811811"" target=""_blank"">Tweet Link</a>","Positive","DMK","",False,2,5,56,"No","DMKITwing","","","","Pro-party","","",61410,2001615467853811811,"2026-01-20T15:45:51.982508Z","[]","Official Information and Technology Wing of Dravida Munnetra Kazhagam - #DMK 🌄 #SocialJustice & #SelfRespect | FOLLOW 👉 https://t.co/VQVqPrYAV5",960781239144730624,"Tamilnadu, India","DMK IT WING",False,1166
61,"2","2026-01-20T15:47:37.855062Z",647,159570,40,"திமுக போன்று சமூகநீதியை உதட்டளவில் மட்டும் மேடைகளில் பேசும் இயக்கம் அல்ல 

சமூகநீதியை செயல்பாட்டின் மூலம் நிலை நிறுத்தும் மாபெரும் மக்கள் இயக்கம் அஇஅதிமுக!!

அதிமுகவில் ஜாதி கிடையாது மதம் கிடையாது ஏழை பணக்காரன் என்ற பாகுபாடு கிடையாது.

#என்றென்றும்_அதிமுக <a href=""https://t.co/mbLUgztxV1"">https://t.co/mbLUgztxV1</a>","['என்றென்றும்_அதிமுக']",50,True,"Yes","Yes",False,"ta",104.455,"<a href=""https://x.com/twitter/status/1999302828897206469"" target=""_blank"">Tweet Link</a>","Neutral","{""choices"":[""DMK"",""ADMK""]}","",False,28,41,360,"No","AIADMKITWINGOFL","Pro-party","","","Anti-party","","",22220,1999302828897206469,"2026-01-20T15:47:37.855079Z","[]","Official Twitter page of AIADMK IT Wing. News and updates from AIADMK.",923849866861715456,"Chennai, India","AIADMK IT WING - SayYesToWomenSafety&AIADMK",False,6164
69,"6","2026-01-20T16:06:10.464758Z",8499,2875,10,"“Ghilli Gypsy"" 🔥

Thalapathy Vijay — goosebumps guaranteed just by the name 💥

#BhaBhaBa #JanaNayagan <a href=""https://t.co/sGrSqgCyab"">https://t.co/sGrSqgCyab</a>","['BhaBhaBa', 'JanaNayagan']",51,False,"Yes","No",False,"en",78.049,"<a href=""https://x.com/twitter/status/2001578467411058843"" target=""_blank"">Tweet Link</a>","","","",False,40,20,1879,"","PriyamudanNanbs","","","","","","",1908,2001578467411058843,"2026-01-20T16:06:10.464779Z","[]","Kerala's No 1 Fans Welfare Team ✨|Anything For Our Man Thalapathy @actorvijay 👑 | Founder Pratheesh VR - 8921286124",1548605971924398080,"","Priyamudan Nanbans",False,140140
70,"6","2026-01-20T16:06:59.277376Z",420,110971,312,"தற்குறி ஒருவருக்கு பாடம் எடுத்திருக்கிறார் கழக உடன்பிறப்பு! 🔥👌

#DMK4TN <a href=""https://t.co/EAPgLuOaub"">https://t.co/EAPgLuOaub</a>","['DMK4TN']",52,True,"Yes","Yes",False,"ta",47.592,"<a href=""https://x.com/twitter/status/2001529137383776281"" target=""_blank"">Tweet Link</a>","Negative","DMK","",False,3,9,191,"Yes","DMK4TN","","","","Anti-party","","",38451,2001529137383776281,"2026-01-20T16:06:59.277395Z","[]","திமுக ஓர் அரசியல் இயக்கம் மட்டுமல்ல; திராவிட கொள்கைகளுக்காக - தமிழக மக்களுக்காக போராடும் இயக்கம்!",2898216534,"","#DMK4TN",False,2468
64,"2","2026-01-20T15:52:35.919929Z",1387,3022363,28,"#WATCH | “ஒருவாட்டி அவர பேச விடுங்க” -விஜய் குறித்த கேள்விக்கு துணை முதலமைச்சர் உதயநிதி ஸ்டாலின் விமர்சனம்

#SunNews | @Udhaystalin | #TVK | #Vijay <a href=""https://t.co/2gIGzbdpGt"">https://t.co/2gIGzbdpGt</a>","['WATCH', 'SunNews', 'TVK', 'Vijay']",53,True,"Yes","Yes",False,"ta",66.84,"<a href=""https://x.com/twitter/status/2001608005805334704"" target=""_blank"">Tweet Link</a>","Negative","{""choices"":[""DMK"",""TVK""]}","",False,64,95,309,"No","sunnewstamil","","","","Pro-party","","Anti-party",383215,2001608005805334704,"2026-01-20T15:52:35.919949Z","[]","Welcome to Sun News, The Tamil News Channel from Sun TV Network.",1079310252,"Chennai, India","Sun News",False,64762
78,"1","2026-01-21T12:28:46.547648Z",394,159570,40,"கொரோனா காலத்தில், கடுமையான மன உளைச்சலால் மாணவர்களின் கல்வி பாதிப்படைய கூடாது என்பதற்காக, எனது தலைமையிலான அம்மாவின் அரசு, மாணவர்களுக்கு All Pass வழங்க உத்தரவிட்டது.

மாண்புமிகு கழகப் பொதுச் செயலாளர், புரட்சித் தமிழர் @EPSTamilNadu அவர்கள்.

#EPSfor2026
#WhereIsOurLaptop <a href=""https://t.co/5btiI9FOy1"">https://t.co/5btiI9FOy1</a>","['EPSfor2026', 'WhereIsOurLaptop']",54,True,"No","Yes",False,"ta",53.11,"<a href=""https://x.com/twitter/status/2001486264319774778"" target=""_blank"">Tweet Link</a>","Positive","ADMK","",False,14,40,234,"No","AIADMKITWINGOFL","Pro-party","","","","","",22220,2001486264319774778,"2026-01-21T12:28:46.547670Z","[]","Official Twitter page of AIADMK IT Wing. News and updates from AIADMK.",923849866861715456,"Chennai, India","AIADMK IT WING - SayYesToWomenSafety&AIADMK",False,3539
66,"2","2026-01-20T16:03:28.627033Z",1241,11538,792,"நாங்கள் என்ன வாயிலே வடை சுட DMK வா 😂
TVK டா 🔥 - @TVKVijayHQ 

திமுக நீங்க செத்தீங்கடா 😂 <a href=""https://t.co/o4Lb4ruJrV"">https://t.co/o4Lb4ruJrV</a>","[]",55,True,"Yes","Yes",False,"ta",251.949,"<a href=""https://x.com/twitter/status/2001549639607291933"" target=""_blank"">Tweet Link</a>","Negative","{""choices"":[""DMK"",""TVK""]}","",False,5,8,372,"Yes","sangeet29332013","","","","Anti-party","","Pro-party",41868,2001549639607291933,"2026-01-20T16:03:28.627051Z","[]","தமிழக வெற்றிக் கழக உறுப்பினர்.
பிறப்பொக்கும் எல்லா உயிர்க்கும்!

தவெக சமூக ஊடக பிரிவு சென்னை மண்டல இணை ஒருங்கிணைப்பாளர்.",1617127366744248320,"chennai","Sangeetha -TVK✨",False,9767
72,"6","2026-01-20T16:10:29.616302Z",1248,662219,2,"2021 சட்டமன்ற பொதுத்தேர்தலின்போது, திமுக-வின் தேர்தல் அறிக்கையில், இன்றைய முதலமைச்சர், அன்றைய எதிர்கட்சித் தலைவர் திரு.@mkstalin 
 திமுக ஆட்சிக்கு வந்தவுடன், 

மகாத்மா காந்தி ஊரக வேலைவாய்ப்பு உறுதி திட்டம் 100 நாட்களிலிருந்து 150 நாட்களாக உயர்த்தப்படும் என்றும், 
மற்றும் ஊதியமும் உயர்த்தப்படும் என்று அறிவித்திருந்தார் . 

மக்களை ஏமாற்றி, வாக்குகளை பெற்று ஆட்சிக்கு வந்த பிறகு, கொடுத்த வாக்குறுதியை இன்றுவரை நிறைவேற்றவில்லை. 

அவர் பதிவிட்டு இருந்த நீண்ட 
 “x” தள பதிவில் 
ஏன் இதை பற்ற எந்த குறிப்பும் இல்லை?

இது போன்ற  பச்சை துரோகத்தை செய்து விட்டு பச்சை துண்டு பற்றி பேச அவருக்கு  என்ன அருகதை இருக்கிறது ?

@arivalayam 

தற்போது, மத்திய அரசு இந்த 100 நாள் வேலை திட்டத்தை 125 நாட்களாக உயர்த்த உத்தேசித்துள்ளதை வரவேற்க்கிறேன். 

எனினும் மகாத்மா காந்தி ஊரக வேலை வாய்ப்பு உறுதி திட்டத்தின் பெயர் எவ்வித மாற்றமுமின்றி தொடர மத்திய அரசை வலியுறுத்துகிறேன்.

@MoRD_GoI","[]",56,True,"Yes","Yes",False,"ta",213.089,"<a href=""https://x.com/twitter/status/2001301519581536405"" target=""_blank"">Tweet Link</a>","Negative","DMK","","",41,111,621,"No","EPSTamilNadu","","","","Anti-party","","",3845,2001301519581536405,"2026-01-21T12:23:28.035792Z","[]","Leader of Opposition - Tamilnadu Legislative Assembly | General Secretary - AIADMK | Former Chief Minister - Tamilnadu",973935385557413889,"Tamil Nadu, India","Edappadi K Palaniswami-SayYEStoWomenSafety&AIADMK",False,32680
74,"6","2026-01-20T16:31:28.011571Z",715,318161,176,"'ஏ, திமுக அரசே..!'
விஜய் முதல் விஜயதரணி வரை..
கலாய்த்து தள்ளிய ஷாநவாஸ்
விண்ணை முட்டிய கைதட்டல்,
சரவெடி பேச்சு
#MalaiMurasu #MakkalArangam #Debate #Election2026 #AloorShanavas #VCK #TVKVijay #TVKCampaign <a href=""https://t.co/OgnD8tCQvf"">https://t.co/OgnD8tCQvf</a>","['MalaiMurasu', 'MakkalArangam', 'Debate', 'Election2026', 'AloorShanavas', 'VCK', 'TVKVijay', 'TVKCampaign']",57,True,"Yes","Yes",False,"ta",1257.036,"<a href=""https://x.com/twitter/status/2001547586029896066"" target=""_blank"">Tweet Link</a>","Negative","DMK","",False,8,60,272,"No","aloor_ShaNavas","","","","Anti-party","","",3393,2001547586029896066,"2026-01-20T16:31:28.011589Z","[]","MLA, Nagapattinam Constituency. Deputy General Secretary, VCK. Activist, Orator from Tamil Nadu, India.",170457916,"Chennai","Aloor Sha Navas",False,8563
73,"2","2026-01-20T16:17:47.752517Z",715,318161,176,"'ஏ, திமுக அரசே..!'
விஜய் முதல் விஜயதரணி வரை..
கலாய்த்து தள்ளிய ஷாநவாஸ்
விண்ணை முட்டிய கைதட்டல்,
சரவெடி பேச்சு
#MalaiMurasu #MakkalArangam #Debate #Election2026 #AloorShanavas #VCK #TVKVijay #TVKCampaign <a href=""https://t.co/OgnD8tCQvf"">https://t.co/OgnD8tCQvf</a>","['MalaiMurasu', 'MakkalArangam', 'Debate', 'Election2026', 'AloorShanavas', 'VCK', 'TVKVijay', 'TVKCampaign']",57,True,"Yes","Yes",False,"ta",848.574,"<a href=""https://x.com/twitter/status/2001547586029896066"" target=""_blank"">Tweet Link</a>","Negative","{""choices"":[""DMK"",""TVK"",""Congress""]}","",False,8,60,272,"No","aloor_ShaNavas","","","Anti-party","Pro-party","","Anti-party",3393,2001547586029896066,"2026-01-20T16:17:47.752539Z","[]","MLA, Nagapattinam Constituency. Deputy General Secretary, VCK. Activist, Orator from Tamil Nadu, India.",170457916,"Chennai","Aloor Sha Navas",False,8563
75,"6","2026-01-20T16:31:55.227395Z",665,630963,53,"திருப்பரங்குன்றம் மலை மீது உள்ள தீபத்தூண் முருகனுக்கு சொந்தம் - தமிழக பாஜக முன்னாள் மாநில தலைவர் திரு.@annamalai_k அவர்கள்! <a href=""https://t.co/rFZzJ6RYgs"">https://t.co/rFZzJ6RYgs</a>","[]",58,True,"Yes","Yes",False,"ta",25.819,"<a href=""https://x.com/twitter/status/2000985178911727842"" target=""_blank"">Tweet Link</a>","Neutral","BJP","",False,3,27,258,"No","BJP4TamilNadu","","Neutral","","","","",55395,2000985178911727842,"2026-01-20T16:31:55.227411Z","[]","Official Twitter Account of Tamil Nadu Unit of Bharathiya Janata Party. தமிழ்நாடு பாரதிய ஜனதா கட்சியின் அதிகாரப்பூர்வ ட்விட்டர் கணக்கு.",396707695,"Tamil Nadu, India","BJP Tamilnadu",False,5194
76,"6","2026-01-20T16:32:07.689381Z",7092,494586,2,"Thalapathy reference in #BhabhaBa 💥

Adopted son of Malayalam industry 

 <a href=""https://t.co/ErkGXNiAY2"">https://t.co/ErkGXNiAY2</a>","['BhabhaBa']",59,True,"Yes","No",False,"en",11.28,"<a href=""https://x.com/twitter/status/2001504510964044012"" target=""_blank"">Tweet Link</a>","","","",False,40,26,2185,"","VijayFansTrends","","","","","","",93655,2001504510964044012,"2026-01-20T16:32:07.689398Z","[]","The Official Trends Page for Thalapathy @actorvijay - @tvkvijayhq , Backup Account @VijayTrendsPage",730088562,"India","Vijay Fans Trends",False,150178
238,"4","2026-01-26T07:41:27.998195Z",514,27015,4397,"யாருங்க தற்கோழி 

யாரு தற்கோழி 😂😂

- தவெக தொண்டர் ஆவேசம் <a href=""https://t.co/E62HFQnPqZ"">https://t.co/E62HFQnPqZ</a>","[]",60,True,"No","Yes",False,"ta",36.987,"<a href=""https://x.com/twitter/status/2001569260754374939"" target=""_blank"">Tweet Link</a>","Negative","TVK","",False,8,27,225,"Yes","SiluvaM_","","","","","","Pro-party",213675,2001569260754374939,"2026-01-26T07:41:27.998216Z","[]","மதியாதார் தலைவாசல் மிதியாதே ..!!!

D-Stock 🖤❤ தல தோனி ❤ #DravidianAlgorithm",2478324450,"சென்னை ","சிலுவை",False,8120
79,"1","2026-01-21T12:28:59.596746Z",54,494586,2,"The swag, the rhythm and the effortless grace of Thalapathy Vijay 🕺🏽 

#OruPereVaralaaru 

<a href=""https://t.co/I9paVefjPh"">https://t.co/I9paVefjPh</a>","['OruPereVaralaaru']",61,True,"No","No",False,"en",11.991,"<a href=""https://x.com/twitter/status/2001640591948681340"" target=""_blank"">Tweet Link</a>","","","",False,0,1,38,"","VijayFansTrends","","","","","","",93655,2001640591948681340,"2026-01-21T12:28:59.596774Z","[]","The Official Trends Page for Thalapathy @actorvijay - @tvkvijayhq , Backup Account @VijayTrendsPage",730088562,"India","Vijay Fans Trends",False,75
80,"1","2026-01-21T12:29:21.101239Z",4367,7889,1329,"Pamban is one of the most beautiful and unique places in Tamil Nadu. It is an ecologically sensitive region and a vital livelihood zone for local communities.

Careless acts like these are destroying Pamban’s fragile ecosystem. 

 <a href=""https://t.co/zjw3qh1WL8"">https://t.co/zjw3qh1WL8</a>","[]",62,True,"No","No",False,"en",20.474,"<a href=""https://x.com/twitter/status/2000549476877078734"" target=""_blank"">Tweet Link</a>","","","",False,96,211,1083,"","NammaCoimbatore","","","","","","",4433,2000549476877078734,"2026-01-21T12:29:21.101256Z","[]","🏁Motorsports Capital of India 💻Tier 2 IT hub of India",1536302139105873921,"Coimbatore","Namma Kovai",False,877359
81,"1","2026-01-21T12:29:45.803759Z",6613,662219,2,"தமிழ்த் திரையுலகின் அசைக்க முடியாத பேராளுமையாக 50 ஆண்டுகளாக கோலோச்சி வரும் சூப்பர்ஸ்டார் 
திரு. @rajinikanth அவர்களுக்கு எனது இதயங்கனிந்த பிறந்தநாள் நல்வாழ்த்துகள்.

திரையரங்குகளை திருவிழாக் கூடங்களாக மாற்றவல்ல தங்களின் Style Magic ரசிகர்களை மகிழ்விக்கட்டும் பல்லாண்டு!

#HBDSuperstarRajinikanth 
@AIADMKOfficial","['HBDSuperstarRajinikanth']",63,True,"No","No",False,"ta",23.76,"<a href=""https://x.com/twitter/status/1999315644484059235"" target=""_blank"">Tweet Link</a>","","","",False,60,146,1943,"","EPSTamilNadu","","","","","","",3845,1999315644484059235,"2026-01-21T12:29:45.803780Z","[]","Leader of Opposition - Tamilnadu Legislative Assembly | General Secretary - AIADMK | Former Chief Minister - Tamilnadu",973935385557413889,"Tamil Nadu, India","Edappadi K Palaniswami-SayYEStoWomenSafety&AIADMK",False,91259
107,"3","2026-01-23T08:12:39.263271Z",1407,662219,2,"பெண் விடுதலை, சமத்துவம், 
தேசிய உணர்வு, மொழிப்பற்று ஆகிய உயர்ந்த கொள்கைகளை தனது எழுத்துக்களால் மக்கள் மனங்களில் விதைத்து, புதிய சிந்தனைகளுக்கு ஒளியூட்டிய விடுதலைச் சிந்தனையாளர்; தாய்மொழியான தமிழின் மகத்துவத்தை உலகம் அறியச் செய்த முண்டாசுக் கவிஞர், மகாகவி பாரதியார் அவர்களின் பிறந்த நாளில், தாய்மொழியையும் தாய்நாட்டையும் உயிரெனக் கொண்டிருந்த அவர்தம் பெரும் புகழை போற்றி வணங்குகிறேன்.
@AIADMKOfficial","[]",64,True,"No","Yes",False,"ta",242.096,"<a href=""https://x.com/twitter/status/1998996953435341023"" target=""_blank"">Tweet Link</a>","Positive","ADMK","",False,32,168,652,"No","EPSTamilNadu","Pro-party","","","","","",3845,1998996953435341023,"2026-01-23T08:12:39.263300Z","[]","Leader of Opposition - Tamilnadu Legislative Assembly | General Secretary - AIADMK | Former Chief Minister - Tamilnadu",973935385557413889,"Tamil Nadu, India","Edappadi K Palaniswami-SayYEStoWomenSafety&AIADMK",False,20558
83,"1","2026-01-21T12:31:04.339117Z",2364,1132867,16,"உங்களுக்கு நீங்க கொள்ளையடித்து வைத்திருக்கும் காசுதான் துணை. ஆனா, எனக்கு எல்லையில்லா பாசம் வைத்திருக்கும் இந்த Mass தான் துணை. - தவெக தலைவர் விஜய் 

#TVK | #Vijay | #DMK <a href=""https://t.co/6gsNj5qa1c"">https://t.co/6gsNj5qa1c</a>","['TVK', 'Vijay', 'DMK']",65,True,"Yes","Yes",False,"ta",53.555,"<a href=""https://x.com/twitter/status/2001545465364398579"" target=""_blank"">Tweet Link</a>","Neutral","{""choices"":[""DMK"",""TVK""]}","",False,10,40,656,"No","vikatan","","","","Anti-party","","Pro-party",216733,2001545465364398579,"2026-01-21T12:31:04.339140Z","[]","இதயம் இணைக்கும் இணையம்!",28995530,"Tamilnadu, India","விகடன்",False,24727
84,"1","2026-01-21T12:31:51.533803Z",2339,22384,4030,"தீயசக்தி திமுக 
தூயசத்தி தவெக 

: பராசக்தி சி.க

~ எவம்ளே அது <a href=""https://t.co/5IAQ8j9VF3"">https://t.co/5IAQ8j9VF3</a>","[]",66,False,"No","Yes",False,"ta",46.24,"<a href=""https://x.com/twitter/status/2001553558764949601"" target=""_blank"">Tweet Link</a>","Neutral","{""choices"":[""DMK"",""TVK""]}","",False,21,42,367,"No","itz_chillax","","","","Anti-party","","Pro-party",352854,2001553558764949601,"2026-01-21T12:31:51.533832Z","[]","Music 🎧 ll Cricket 🏏 || Movies 🍿 || AI 🩷",1050277841965735936,"Dreamland ☔","Taurus",False,42047
85,"1","2026-01-21T12:36:10.910766Z",709,11073,712,"ஈரோட்டில் விஜய் செய்தது சம்பவம் அல்ல...

சேலத்தில் நாம் தமிழர் கட்சி செய்யுறது தான் சம்பவம்...

இது தான் ...","[]",67,False,"No","Yes",True,"ta",258.113,"<a href=""https://x.com/twitter/status/2001570795798298815"" target=""_blank"">Tweet Link</a>","Positive","{""choices"":[""TVK"",""NTK""]}","","",2,20,305,"No","Saravanan_Offci","","","","","Pro-party","Anti-party",22644,2001570795798298815,"2026-01-21T12:36:10.910785Z","[]","தோன்றியதோ முத்து விளையும் தென்பாண்டி கடல்நாடு.கலைதனைப் பயின்றதோ சேர நாடு,காண விரும்புவதோ சோழனின் பொன்னிவள நாடு.
#தமிழ்நாடு_தமிழருக்கே - இரட்டைமலை சீனிவாசன்",803297965867679744,"","சரவணன் (Saravanan)",False,5451
86,"1","2026-01-21T12:37:16.689398Z",734,44896,370,"This is real - @TVKVijayHQ clearly making this a battle between them &amp; DMK. People in tea shops are glued to TV's &amp; YT like a IPL final <a href=""https://t.co/oI7l131hRw"">https://t.co/oI7l131hRw</a>","[]",68,True,"No","Yes",False,"en",64.81,"<a href=""https://x.com/twitter/status/2001545910271279558"" target=""_blank"">Tweet Link</a>","Neutral","{""choices"":[""DMK"",""TVK""]}","",False,3,33,178,"","major_madhan","","","","Neutral","","Neutral",16498,2001545910271279558,"2026-01-21T12:37:16.689421Z","[]","Veteran ( Indian Army ),
Farmer & Entrepreneur
Geopolitical Analyst & Guest Lecturer
Gen Secy- Youth4nation- TN Chapter
YT: @MajorMadhanKumar 
Nation first 🇮🇳",918383703692161025,"India ","Major Madhan Kumar (Retd)🇮🇳",False,18369
87,"1","2026-01-21T12:37:59.402305Z",427,124944,743,"In Tamil Nadu, the DMK govt has named everything, including infrastructure facilities and government schemes, only after their own ideological leaders. The DMK has never recognized freedom fighters like Bharathiyar, V.O. Chidambaram Pillai, or those who served the cause of Tamil, such as <a href=""https://t.co/INKDdT1BcX."">https://t.co/INKDdT1BcX.</a> Swaminatha Iyer.

@AmitShah @BJP4TamilNadu @NainarBJP @blsanthosh","[]",69,True,"No","Yes",False,"en",41.717,"<a href=""https://x.com/twitter/status/2001343996564852850"" target=""_blank"">Tweet Link</a>","Negative","DMK","",False,2,29,174,"No","VinojBJP","","","","Anti-party","","",13567,2001343996564852850,"2026-01-21T12:37:59.402324Z","['http://U.Ve']","BJP, Tamil Nadu.",4574087053,"Chennai, India","Vinoj P Selvam",False,6040
108,"3","2026-01-23T08:20:42.104326Z",159,76966,565,"Must Read!
Very Important!

கடந்த ஐந்து ஆண்டுகளில் 200-க்கும் மேற்பட்ட அரசு பள்ளிகளை திமுக அரசு மூடியதாக விஜய் கூறுகிறார். ஆனால் தமிழ்நாடு அரசின் கல்வித் துறை வெளியிட்டுள்ள UDISE+ தரவுகளின்படி, அதிகாரப்பூர்வ புள்ளிவிவரங்கள் அந்தக் கூற்றை ஆதரிக்கவில்லை.

அரசுத் தரவுகளின்படி, 2019–20 ஆம் ஆண்டில் 37,579 ஆக இருந்த அரசு பள்ளிகளின் எண்ணிக்கை, 2023–24 ஆம் ஆண்டில் 37,672 ஆக உயர்ந்துள்ளது. இதன் மூலம் கடந்த ஐந்து ஆண்டுகளில் தமிழ்நாட்டில் நிகரமாக 93 அரசு பள்ளிகள் கூடுதலாக செயல்பாட்டில் வந்துள்ளன என்பது தெளிவாகிறது.

பத்தாண்டு காலப் போக்கை நோக்கினால், 2016–17 ஆம் ஆண்டில் அதிகபட்சமாக 38,307 அரசு பள்ளிகள் இருந்துள்ளன. அதன் பின்னர் அதிமுக ஆட்சிக்காலத்தில், குறிப்பாக எடப்பாடி பழனிசாமி முதல்வராக இருந்த காலத்தில், பள்ளிகளின் எண்ணிக்கையில் சிறிய சரிவு ஏற்பட்டது. ஆனால் 2020–21 முதல் இந்த எண்ணிக்கை மீண்டும் நிலையான உயர்வை நோக்கி நகர்கிறது.

அரசு வெளியிட்டுள்ள ஆண்டுவாரியான தரவுகள்:

🔹2019–20: 37,579 பள்ளிகள்
🔹2020–21: 37,589 பள்ளிகள்
🔹2021–22: 37,636 பள்ளிகள்
🔹2022–23: 37,658 பள்ளிகள்
🔹2023–24: 37,672 பள்ளிகள்

இந்த எண்ணிக்கைகள், தமிழ்நாடு அரசு கல்வித் துறைக்கு வழங்கும் முக்கியத்துவத்தையும், குறிப்பாக கிராமப்புறம் மற்றும் பின்தங்கிய பகுதிகளில் கல்வி வசதிகளை விரிவுபடுத்தும் முயற்சிகளையும் வெளிப்படுத்துகின்றன. பள்ளிகளின் எண்ணிக்கையை அதிகரிப்பதோடு சேர்த்து, உள்கட்டமைப்பு மேம்பாட்டின் மூலம் அரசுப் பள்ளிகளின் தரமும் தொடர்ச்சியாக உயர்த்தப்பட்டு வருகிறது.

அதற்கான தெளிவான பிரதிபலிப்பாக, 2025–26 கல்வி ஆண்டில் தமிழ்நாடு அரசுப் பள்ளிகளில் சுமார் 4.07 லட்சம் மாணவர்கள் புதிதாக சேர்ந்துள்ளனர். இது கடந்த கல்வி ஆண்டின் (3.2 லட்சம்) சேர்க்கையை விட குறிப்பிடத்தக்க அளவில் அதிகம். அரசுப் பள்ளிகளின் மீதான நம்பிக்கை மீண்டும் வலுப்பெற்று வருவதை இந்த மாணவர் சேர்க்கை உயர்வு உறுதிப்படுத்துகிறது.

மேலும், சில அரசு பள்ளிகள் “மூடப்படுவது” என்பது முழுமையான பள்ளி ஒழிப்பு நடவடிக்கையாகப் பொருள் கொள்ள முடியாது. நீண்ட காலமாக ஒரு மாணவர் கூட சேராத, பூஜ்ஜியச் சேர்க்கை (Zero Enrolment) கொண்ட பள்ளிகள் தற்காலிகமாக மூடப்பட்டு அருகிலுள்ள பள்ளிகளுடன் இணைக்கப்படுவது பல ஆண்டுகளாக நடைமுறையில் உள்ள நிர்வாக செயல்முறைதான்.

ஒரு பக்கம் மாணவர் இல்லாத பள்ளிகள் மூடப்பட்டாலும், மறுபக்கம் மக்கள் நடமாட்டம் உள்ள பகுதிகளில் புதிய பள்ளிகள் திறக்கப்படுவதால் தமிழ்நாட்டில் அரசுப் பள்ளிகளின் எண்ணிக்கை நிலையாகவோ அல்லது அதிகரித்தோ தான் உள்ளது.
அதாவது, இது குறைப்புச் செயல்முறை அல்ல; தேவைக்கு ஏற்ப பள்ளி வலையமைப்பை சீரமைக்கும் நிர்வாக நடவடிக்கை.

அதேபோல், தொடக்கப் பள்ளிகள் நடுநிலைப் பள்ளிகளாகவும், உயர்நிலைப் பள்ளிகள் மேல்நிலைப் பள்ளிகளாகவும் தரம் உயர்த்தப்படும் போது, பழைய வகைப்பாட்டில் பள்ளிகளின் எண்ணிக்கை குறைவாகத் தோன்றலாம்.

மக்கள் தொகை குறைவான பகுதிகள், போக்குவரத்து வசதி குறைந்த மலைக் கிராமங்கள் மற்றும் புதிய குடியிருப்புப் பகுதிகளில் மாணவர்களின் கல்வி உரிமையை உறுதி செய்ய, புதிய தொடக்கப் பள்ளிகள் தொடங்கப்பட்டுள்ளன. 

குறிப்பாக, மலைப் பிரதேசங்கள் மற்றும் புதிதாக உருவான குடியிருப்புகளில் அண்மையில் 13 புதிய அரசு பள்ளிகளை தமிழ்நாடு அரசு தொடங்கியுள்ளது. சில இடங்களில் மாணவர் சேர்க்கை இல்லாத பள்ளிகள் மூடப்பட்டாலும், புதிய பள்ளிகள் தொடங்கப்பட்டதும், பல பள்ளிகள் தரம் உயர்த்தப்பட்டதும் காரணமாக மொத்த எண்ணிக்கை நிகரமாக உயர்ந்துள்ளது.

இன்று தமிழ்நாடு அரசு பள்ளிகளின் எண்ணிக்கையை உயர்த்துவதோடு மட்டுமல்லாமல், உள்ள பள்ளிகளின் தர மேம்பாட்டிலும் அதிக கவனம் செலுத்தி வருகிறது. 

முதலமைச்சரின் காலை உணவுத் திட்டம், அரசுப் பள்ளி மாணவர்களுக்கான 7.5% இடஒதுக்கீடு, ஸ்மார்ட் வகுப்பறைகள் உள்ளிட்ட உள்கட்டமைப்பு மேம்பாட்டு திட்டங்கள் அரசுப் பள்ளிகளை மாணவர்கள் விரும்பும் கல்வி நிலையங்களாக மாற்றி வருகின்றன. 

பள்ளிகளின் எண்ணிக்கையில் ஏற்பட்டுள்ள இந்த சீரான வளர்ச்சியும், மாணவர் சேர்க்கையில் காணப்படும் கணிசமான உயர்வும், அடித்தட்டு மாணவர்களுக்கான கல்வி வாய்ப்பு தொடர்ந்து உறுதி செய்யப்படுவதை தெளிவாக காட்டுகிறது.

இதையெல்லாம் பார்த்து முடிந்தால் யாராவது விஜய்க்கு இந்த அதிகாரப்பூர்வத் தரவுகளை கொடுத்து, அமைதியாக உட்கார வைத்து புரியவைக்கவும். அப்படியும் புரியுமாவென்று தெரியவில்லை. ஏனென்றால் facts-க்கும் fiction-க்கும் உள்ள வித்தியாசம் தெரியாத தற்குறி!","[]",70,True,"No","Yes",False,"ta",480.739,"<a href=""https://x.com/twitter/status/2001600472831135849"" target=""_blank"">Tweet Link</a>","Negative","{""choices"":[""DMK"",""ADMK""]}","",False,6,10,82,"Yes","Surya_BornToWin","Pro-party","","","Anti-party","","",163420,2001600472831135849,"2026-01-23T08:20:42.104346Z","[]","Mechanical Engineer | Dravidian Stock | Atheist | Rationalist | Anti-Religion | Anti-Caste | பிறப்பொக்கும் எல்லா உயிர்க்கும் | Tweets are My Personal Views |",3032189814,"Chennai,TamilNadu,Indian Union","Surya Born To Win",False,4865
89,"1","2026-01-21T12:40:05.543677Z",495,3150,863,"சீமான் களத்தில் இல்லை, அவரை எதிர்க்க மாட்டோம், அவரை பற்றி பேச மாட்டோம் என மறைமுக விமர்சனம் செய்துள்ளார் விஜய். 

ஆனால் அவ்வளவு நேரம் பெயர் சொல்லி திமுக'வை விமர்சித்ததை விட பெயர் குறிப்பிடாமல் அண்ணன் சீமானை விமர்சித்ததுதான் இன்று பேசுபொருள். 

புரிந்துகொள்ளுங்கள், இந்த ரசிகர்களின் மதிமயங்கிய மோகமும், ஊடகங்களின் விசுவாசத்தையும் கழித்துவிட்டுப் பார்த்தால் சீமான் அண்ணனின் அரை நிமிட பேச்சுக்கு கூட ஈடல்ல நீங்கள்!

#tvkvijay‌ 
#Seeman","['tvkvijay\u200c', 'Seeman']",71,True,"No","Yes",False,"ta",92.661,"<a href=""https://x.com/twitter/status/2001559961722405221"" target=""_blank"">Tweet Link</a>","Negative","{""choices"":[""DMK"",""TVK"",""NTK""]}","",False,5,47,157,"No","inbamuthuraji","","","","Neutral","Pro-party","Anti-party",13639,2001559961722405221,"2026-01-21T12:40:05.543698Z","[]","தமிழன் 😍🔥",1342712840113807364,"","செ. இன்பா",False,13541
90,"1","2026-01-21T12:41:16.291401Z",788,17182659,20,"Watch #TheSouthernView | ""DMK Evil, TVK Pure"": Vijay's Big Political Return After Karur Tragedy

@TMVRaghav @Vasudha156 @DharanVija47684 <a href=""https://t.co/kcKq8Hnnni"">https://t.co/kcKq8Hnnni</a>","['TheSouthernView']",72,True,"Yes","Yes",False,"en",69.559,"<a href=""https://x.com/twitter/status/2001575865298321918"" target=""_blank"">Tweet Link</a>","Neutral","{""choices"":[""DMK"",""TVK""]}","",False,4,5,349,"No","ndtv","","","","Neutral","","Neutral",1494594,2001575865298321918,"2026-01-21T12:41:16.291421Z","[]","Breaking news alerts
Insta https://t.co/QrV2OUie6Q
WhatsApp https://t.co/WriOE8t4rq
Download App: https://t.co/Q2YKIJk45r",37034483,"India","NDTV",False,11801
91,"1","2026-01-21T12:42:01.113346Z",5268,2748843,1,"ஈரோடு: தவெக தலைவர் விஜய் பரப்புரையை முடித்துவிட்டு கிளம்பியபோது, விஜயமங்கலம் சுங்கச்சாவடி அருகே விஜயின் காரை சூழ்ந்து நின்று தொண்டர்கள்.. கார் நகர்ந்து செல்ல முடியாமல் மெதுவாக சென்றது

#Erode | #TVK | #Vijay <a href=""https://t.co/rpFpL2fyR4"">https://t.co/rpFpL2fyR4</a>","['Erode', 'TVK', 'Vijay']",73,True,"Yes","Yes",False,"ta",26.326,"<a href=""https://x.com/twitter/status/2001563106162676064"" target=""_blank"">Tweet Link</a>","Neutral","TVK","",False,59,29,1554,"No","PttvNewsX","","","","","","Neutral",548091,2001563106162676064,"2026-01-21T12:42:01.113372Z","[]","Puthiya Thalaimurai TV (Tamil: புதிய தலைமுறை டிவி) is a 24x7 live news channel",622872390,"Chennai","PttvOnlinenews",False,86893
92,"1","2026-01-21T12:42:47.921257Z",3311,12901,11316,"மற்ற கட்சிகள் நம் கட்சியை பற்றி அவதூறு விமர்சனம் செய்ய ,செய்ய நம் #தவெக கட்சி மக்கள் மத்தியில் மிக பலம் ஆகி கொண்டு இருக்கிறது என்பதற்கு எடுத்துக்காட்டு தான் இன்றைய #ஈரோடு கூட்டம் ❤️‍🔥🔥🔥

Thanks to TVK haters 😍😍 <a href=""https://t.co/khhd5yQuey"">https://t.co/khhd5yQuey</a>","['தவெக', 'ஈரோடு']",74,True,"No","Yes",False,"ta",45.875,"<a href=""https://x.com/twitter/status/2001581986952155554"" target=""_blank"">Tweet Link</a>","Positive","TVK","",False,5,8,1060,"No","vj_kazahagam","","","","","","Pro-party",27217,2001581986952155554,"2026-01-21T12:42:47.921277Z","[]","தமிழினத்தின் அரசியல் ✍️ 
#Civil_engineer 🏢⛺🏛️🏗️
 👉👉Follow me and I'll follow you back👈👈",2300878962,"Australia","Vîjäy கழகம்™ 🇪🇸",False,28707
109,"3","2026-01-23T08:23:10.540743Z",1781,960761,191,"பெண்கள் வாழ்வு சிறக்க,  அவர்களின் இலட்சியக் கனவுகளை நோக்கிச் சிறகடிக்க அனைத்து வகையிலும் திராவிட மாடல் அரசு துணை நிற்கிறது. மாண்புமிகு முதலமைச்சர் திரு @mkstalin அவர்கள் எண்ணற்ற மகளிர் நலத்திட்டங்களை செயல்படுத்தி வருகிறார்; இனியும் செயல்படுத்துவார்!

#வெல்லும்_தமிழ்ப்_பெண்கள் <a href=""https://t.co/0ptRz9Dc2R"">https://t.co/0ptRz9Dc2R</a>","['வெல்லும்_தமிழ்ப்_பெண்கள்']",75,True,"No","Yes",False,"ta",146.601,"<a href=""https://x.com/twitter/status/1999689164158304487"" target=""_blank"">Tweet Link</a>","Positive","DMK","",False,353,284,1933,"No","arivalayam","","","","Pro-party","","",64463,1999689164158304487,"2026-01-23T08:23:10.540764Z","[]","DMK | Dravida Munnetra Kazhagam|
Ins:-https://t.co/ufUL6xDaFx | 
FB:-https://t.co/8gXqPgYfxS | 
YT:-https://t.co/CucQKnhAkk",275172055,"Tamil Nadu","DMK",False,31576
110,"3","2026-01-23T08:26:34.025258Z",1571,5128,2028,"திமுக எதிர்ப்பை  மேலும் கூர்மைபடுத்தி  உள்ளார் விஜய்🔥 பிரதான அதிமுக  இடத்தை பிடிக்க நெனக்கிறார் களத்தில் இல்லாத BJP எதற்கு எதிர்க்கணும்?? தேர்தல் நெருக்கத்தில்  பாத்துக்கலாம் நெனக்கிறார்  சரியான அரசியல் நோக்கி தான் பயணிக்கிறார்  👍🏾

  Journalist - சபீர் 

@TVKVijayHQ <a href=""https://t.co/02x0liI9TU"">https://t.co/02x0liI9TU</a>","[]",76,True,"No","Yes",False,"ta",201.729,"<a href=""https://x.com/twitter/status/2001580382526021697"" target=""_blank"">Tweet Link</a>","Positive","{""choices"":[""DMK"",""ADMK"",""BJP""]}","",False,1,4,467,"No","VigneshVic67385","Pro-party","Anti-party","","Anti-party","","",45076,2001580382526021697,"2026-01-23T08:26:34.025295Z","[]","Engineering ..... from #BLR ❤️ TVK Member 🙋‍♂️ #politics 
  
*பிறப்பொக்கும்  எல்லா உயிர்க்கும் -திருவள்ளுவர் *

(Silence Best Sollution From All Problems 🤗)",1755630831463526400,"Bangalore ","VIJAY VIGNESH 🇪🇦 TVK 🇪🇦",False,17780
95,"1","2026-01-21T12:44:02.746604Z",1928,2217365,254,"""நாங்க மாற்றத்தை எதிர்பாக்குறோம்... பேசுறவங்க என்ன வேணா பேசட்டும் ஆனா நாங்க விஜய் அண்ணா கூட தான் இருக்கோம்.."" கொங்கு மண்டலத்திற்கு முதல் முறையாக வருகை தரும் விஜய்.. பெண் தொண்டர் உற்சாக பேட்டி

#Erode | #Vijayamangalam | #TVK | #TVKVijay | #TVKLeaderVijay | #VijayMakkalSanthippu | #PolimerNews","['Erode', 'Vijayamangalam', 'TVK', 'TVKVijay', 'TVKLeaderVijay', 'VijayMakkalSanthippu', 'PolimerNews']",77,True,"Yes","Yes",False,"ta",25.049,"<a href=""https://x.com/twitter/status/2001542661019439519"" target=""_blank"">Tweet Link</a>","Positive","TVK","",False,4,15,586,"No","polimernews","","","","","","Pro-party",306853,2001542661019439519,"2026-01-21T12:44:02.746634Z","[]","Official Twitter handle of Polimer News Channel. Follow to get updated on Top Stories across the World",1943418931,"Chennai","Polimer News",False,17689
96,"1","2026-01-21T12:44:25.389413Z",5444,1889,20,"நோவ் நீங்க வேற மாதிரி நா💥💪🏻 #thalapathyvijay #thalapathy #tvkvijay #tvk #viral <a href=""https://t.co/FN1fMMsGa6"">https://t.co/FN1fMMsGa6</a>","['thalapathyvijay', 'thalapathy', 'tvkvijay', 'tvk', 'viral']",78,True,"No","Yes",False,"ta",21.368,"<a href=""https://x.com/twitter/status/2001547848618512574"" target=""_blank"">Tweet Link</a>","Positive","TVK","",False,16,30,1556,"No","Thalapathyhq","","","","","","Pro-party",835,2001547848618512574,"2026-01-21T12:44:25.389431Z","[]","தளபதியின் தோழர்கள் அதிகாரப்பூர்வமான கணக்கு | Official Account of TT - Thalapathyin Thozhargal | 

Youtube Link :",1777575417362165760,"Thalapathy NenjilKudiyirukkom","Thalapathyin Thozhargal",False,47332
97,"1","2026-01-21T12:44:59.253425Z",355,10721,1612,"இவர் டூப்புப் போட்டு திரையில் நடித்த நடிகன் இல்லை! மக்களின் அன்பைப் பெற்ற தமிழகத்தின் நாளைய நம்பிக்கை 🫰👌 #மல 💪🔥 
#Annamalai 

@annamalai_k <a href=""https://t.co/86DO4pC1Fj"">https://t.co/86DO4pC1Fj</a>","['மல', 'Annamalai']",79,True,"No","Yes",False,"ta",32.745,"<a href=""https://x.com/twitter/status/2001615159647990257"" target=""_blank"">Tweet Link</a>","Positive","{""choices"":[""TVK"",""BJP""]}","",False,0,4,107,"Yes","karthikbjpkarur","","Pro-party","","","","Anti-party",34613,2001615159647990257,"2026-01-21T12:44:59.253445Z","[]","Nation First | BJP Karyakarta | #BJP Tamilnadu OBC Morcha Social Media State IN-CHARGE | All Hindu's Are Equal 🕉️ௐ🚩| #2026TN_NDA_Government 💪🇮🇳",1148599706,"Karur, Tamilnadu, Bharat ","Karthikeyan S 🇮🇳",False,2806
111,"3","2026-01-23T08:29:20.398407Z",16460,25357,8188,"Kerala Turning towards Bhagwa before Tamil Nadu &amp; Bengal was not in My Agenda for 2025;

Congratulations @BJP4Keralam 🎉 for Superb Electoral Performance and Best Wishes as the Next Decade of Kerala belongs to BJP with this Dedication and Pace 🪷

Jai Bharat 🇮🇳❤️ <a href=""https://t.co/S1IQySVToK"">https://t.co/S1IQySVToK</a>","[]",80,True,"No","Yes",False,"en",164.163,"<a href=""https://x.com/twitter/status/1999813973596590148"" target=""_blank"">Tweet Link</a>","Positive","BJP","",False,47,134,2457,"No","Ayush_Shah_25","","Pro-party","","","","",258845,1999813973596590148,"2026-01-23T08:29:20.398432Z","[]","▪ Proud Indian Nationalist 🇮🇳
▪ Proud Follower of Jainatva ࿗
▪ Jai Maharashtra 🚩
▪ Economy & GeoPolitics 🌍
▪ Mission Mahasatta Bharat 2047 🇮🇳",1013118530835759104,"सोबो, मुंबई, महाराष्ट्र, भारत","Nationalist Mumbaikar 🇮🇳™",False,255799
112,"3","2026-01-23T08:32:29.580461Z",95,1529989,37,"#JUSTIN எதிரிகள் யார் என சொல்லிவிட்டு களத்திற்கு வந்துள்ளதால் அவர்களை
 மட்டும் தான் எதிர்ப்போம் - ஈரோடு பரப்புரைக் கூட்டத்தில் தவெக தலைவர் விஜய் பேச்சு  

#Vijay #TVK #News18Tamilnadu | <a href=""https://t.co/3v5L32pLWJ"">https://t.co/3v5L32pLWJ</a> <a href=""https://t.co/XNkgDCkfzb"">https://t.co/XNkgDCkfzb</a>","['JUSTIN', 'Vijay', 'TVK', 'News18Tamilnadu']",81,True,"Yes","Yes",False,"ta",187.398,"<a href=""https://x.com/twitter/status/2001546704735314388"" target=""_blank"">Tweet Link</a>","Neutral","TVK","",False,4,15,32,"No","News18TamilNadu","","","","","","Pro-party",362069,2001546704735314388,"2026-01-23T08:32:29.580482Z","['http://News18Tamil.com']","மின்னல் வேகத்தில் பிரேக்கிங் நியூஸ்  #நியூஸ்18தமிழ்நாடு 

News18 Tamil Nadu, Network18 Group caters to News & information to the Tamil viewers.",739042814755901440,"Chennai, India","News18 Tamil Nadu",False,4958
100,"1","2026-01-21T12:46:17.233138Z",935,1529989,37,"#JUSTIN மறக்க முடியாத வரவேற்பு அளித்த 
எத்தியோப்பியாவுக்கு நன்றி
 - பிரதமர் மோடி X தளத்தில் பதிவு 

#PMModi #Ethiopia #India #News18Tamilnadu | <a href=""https://t.co/3v5L32pLWJ"">https://t.co/3v5L32pLWJ</a> <a href=""https://t.co/gciz9TVfma"">https://t.co/gciz9TVfma</a>","['JUSTIN', 'PMModi', 'Ethiopia', 'India', 'News18Tamilnadu']",82,True,"Yes","No",False,"ta",10.723,"<a href=""https://x.com/twitter/status/2001107999738524144"" target=""_blank"">Tweet Link</a>","","","",False,1,6,153,"","News18TamilNadu","","","","","","",362069,2001107999738524144,"2026-01-21T12:46:17.233156Z","['http://News18Tamil.com']","மின்னல் வேகத்தில் பிரேக்கிங் நியூஸ்  #நியூஸ்18தமிழ்நாடு 

News18 Tamil Nadu, Network18 Group caters to News & information to the Tamil viewers.",739042814755901440,"Chennai, India","News18 Tamil Nadu",False,12242
101,"1","2026-01-21T12:48:15.812004Z",338,1074768,23,"மகாத்மா காந்தி தேசிய ஊரக வேலைவாய்ப்பு உறுதித் திட்டத்தை சிதைத்து, பல கோடி கிராமப்புற மக்களின் வாழ்வாதாரத்தை கேள்விக்குறியாக்கும் ஒன்றிய பாஜக அரசின் புதிய சட்ட மசோதாவை கண்டித்து, இந்தியா கூட்டணி கட்சிகளின் நாடாளுமன்ற உறுப்பினர்கள் இணைந்து இன்று நாடாளுமன்றத்தில் நடத்திய போராட்டத்தில் பங்கேற்றபோது.

Participated today in the protest in Parliament by INDIA alliance, opposing the Union BJP government’s new Bill that weakens the Mahatma Gandhi National Rural Employment Guarantee Scheme and threatens the income and food security of crores of rural people.

#DMKinParliament","['DMKinParliament']",83,True,"No","Yes",False,"ta",117.411,"<a href=""https://x.com/twitter/status/2001556542169219133"" target=""_blank"">Tweet Link</a>","Negative","{""choices"":[""DMK"",""BJP""]}","",False,3,13,145,"No","KanimozhiDMK","","Anti-party","","Pro-party","","",7448,2001556542169219133,"2026-01-21T12:48:15.812029Z","[]","மக்களவை உறுப்பினர், துணைப் பொதுச்செயலாளர், திராவிட முன்னேற்றக் கழகம்.   Member of Parliament, Deputy General Secretary, Dravida Munnetra Kazhagam.",862799564,"Chennai, India","Kanimozhi (கனிமொழி)",False,3825
102,"1","2026-01-21T12:48:51.712769Z",1173,71945,8,"கார்த்திகை குளிரிலும் தளபதியைக் காண குவியும் தொண்டர்கள்💥

 உண்மையான அன்பு எதையும் தியாகம் செய்ய வைக்கும் குளிரையும் பொருட்படுத்தாமல் தளபதிக்காக மட்டுமே😍 <a href=""https://t.co/s0Vkdx3cze"">https://t.co/s0Vkdx3cze</a>","[]",84,True,"No","Yes",False,"ta",34.893,"<a href=""https://x.com/twitter/status/2001469351183220862"" target=""_blank"">Tweet Link</a>","Positive","TVK","",False,2,3,279,"No","TVK_WORLD","","","","","","Pro-party",7362,2001469351183220862,"2026-01-21T12:48:51.712789Z","[]","#தமிழகவெற்றிக்கழகம்  maintaining by @official_Tvmp Team | Admin - @IM_Back2026",875024842814242816,"India","TVK WORLD",False,7633
113,"3","2026-01-23T08:36:49.173651Z",1060,12249,165,"காலை 6 மணிக்கு இப்படி ஒரு கூட்டத்தை காசு கொடுத்து கூட திமுக அதிமுக கட்சிகளால் கூட்ட முடியாது  😂😂😂

ஈரோடு வரலாறு இனி #ThalapathyVijay பெயர் இல்லாமல் இல்ல DOT 🔥🔥🔥

பொதுக்கூட்டம் ❌❌
மாநாடு ✅✅

அறிவிக்கப்படாத மினி மாநாடு‼️

@TVKVijayHQ 🥵🥵

<a href=""https://t.co/ijlcEoTxb0"">https://t.co/ijlcEoTxb0</a>","['ThalapathyVijay']",85,True,"No","Yes",False,"ta",257.839,"<a href=""https://x.com/twitter/status/2001476962003583270"" target=""_blank"">Tweet Link</a>","Positive","{""choices"":[""DMK"",""ADMK"",""TVK""]}","",False,4,5,266,"Yes","TVKVijay24x7","Anti-party","","","Anti-party","","Pro-party",13040,2001476962003583270,"2026-01-23T08:36:49.173682Z","[]","ɪ'ʟʟ ᴍᴀᴛᴄʜ ʏᴏᴜʀ ʀᴇꜱᴘᴇᴄᴛ, ʙᴜᴛ ɪ'ʟʟ ᴛᴏᴘ ʏᴏᴜʀ ᴅɪꜱʀᴇꜱᴘᴇᴄᴛ
#ᴛᴠᴋ ˢᵒᶜⁱᵃˡ ᴹᵉᵈⁱᵃ ᶜᵒ ᶜᵒ⁻ᴼʳᵈⁱⁿᵃᵗᵒʳ ᵀᴴᴬᴺᴶᴬⱽᵁᴿ &ᵁˢ ᶻᵒⁿᵉ ʙᴀᴄᴋᴜᴘ-@ghilli2004 ᴍᴏᴠɪᴇ ʀᴇᴠɪᴇᴡꜱ @ReelsThirai",1866963858583326724,"Halifax, Nova Scotia (TN68)","TVK 𝚂qυα∂💥",False,8505
114,"3","2026-01-23T08:38:49.806954Z",674,31360,9,"திருப்பரங்குன்றம் விவகாரத்தில் திமுக அரசின் கீழ்த்தரமான அரசியல்! <a href=""https://t.co/Bzbxzoc4pQ"">https://t.co/Bzbxzoc4pQ</a>","[]",86,True,"No","Yes",False,"ta",118.797,"<a href=""https://x.com/twitter/status/1996531329274646841"" target=""_blank"">Tweet Link</a>","Negative","DMK","",False,3,31,257,"No","EnMannEnMakkal","","","","Anti-party","","",5803,1996531329274646841,"2026-01-23T08:38:49.806982Z","[]","My Land, My People | Official Handle of Thalaivar Thiru K Annamalai’s Yatra | Come, let us ignite a political revolution in Tamil Nadu! | #VendumMeendumModi",1627576116616765442,"Tamilnadu","En Mann En Makkal",False,5627
115,"3","2026-01-23T08:41:01.637789Z",8942,1064,1390,"Now I see what DMK is afraid of #TVKVijay 📈🔥 <a href=""https://t.co/ppCniU5BMD"">https://t.co/ppCniU5BMD</a>","['TVKVijay']",87,False,"No","Yes",False,"en",130.098,"<a href=""https://x.com/twitter/status/2001578227798856024"" target=""_blank"">Tweet Link</a>","Positive","{""choices"":[""DMK"",""TVK""]}","",False,18,14,2282,"Yes","jana_Nayagan07","","","","Anti-party","","Pro-party",6753,2001578227798856024,"2026-01-23T08:41:01.637814Z","[]","✨️❤️🔥⚡️",1872217044537532416,"","ᴅʏɴᴀᴍᴏ",False,58398
116,"3","2026-01-23T08:43:31.984543Z",144,630963,53,"திருப்பூர் மாநகரில் சேரும் குப்பையை இடுவாய், சின்னகாளிபாளையம் கிராமத்தில் கொட்ட ஐந்து கிராமங்களை சேர்ந்த மக்கள் எதிர்ப்பு தெரிவித்து வரும் நிலையில், அந்த மக்களுக்கு ஆதரவாக போராட்டத்தில் ஈடுபட்ட நமது முன்னாள் மாநிலத் தலைவர் திரு. @annamalai_k அவர்களை கைது செய்துள்ள ஸ்டாலின் அரசின் செயல் வன்மையாக கண்டிக்கத்தக்கது..!","[]",88,True,"No","Yes",False,"ta",148.802,"<a href=""https://x.com/twitter/status/2001627942527582552"" target=""_blank"">Tweet Link</a>","Negative","{""choices"":[""DMK"",""BJP""]}","",False,0,2,69,"No","BJP4TamilNadu","","Pro-party","","Anti-party","","",55395,2001627942527582552,"2026-01-23T08:43:31.984565Z","[]","Official Twitter Account of Tamil Nadu Unit of Bharathiya Janata Party. தமிழ்நாடு பாரதிய ஜனதா கட்சியின் அதிகாரப்பூர்வ ட்விட்டர் கணக்கு.",396707695,"Tamil Nadu, India","BJP Tamilnadu",False,1085
117,"3","2026-01-23T08:45:30.564018Z",3055,38204,6244,"சோசியல் மீடியாவில் அடிச்சதுக்கு ட்ரிகர் ஆகியிருக்கான்யா🤣🤣

#தற்குறி_விஜய்_கழகம் <a href=""https://t.co/uIVu7Ai0k6"">https://t.co/uIVu7Ai0k6</a>","['தற்குறி_விஜய்_கழகம்']",89,True,"No","Yes",False,"ta",116.865,"<a href=""https://x.com/twitter/status/2001552580443570192"" target=""_blank"">Tweet Link</a>","Negative","TVK","",False,24,48,993,"Yes","Anti_CAA_23","","","","","","Anti-party",163782,2001552580443570192,"2026-01-23T08:45:30.564046Z","[]","பாசிச எதிர்ப்பாளன் | Content Creator | Muslim❤️ | #Alhamdhulillah #FreePalestine🇵🇸",987884842611167232,"TAMILNADU(INDIA)","ஜீரோ நானே⭕",False,36918
118,"3","2026-01-23T08:48:03.186974Z",223,159570,40,"அனைத்திந்திய அண்ணா திராவிட முன்னேற்றக் கழகத்தின் சார்பில் கிறிஸ்துமஸ் பெருவிழா நிகழ்ச்சி.

சிறப்பு வாழ்த்துரை:
மாண்புமிகு கழகப் பொதுச்செயலாளர் புரட்சித்தமிழர்
@epstamilnadu அவர்கள்.

நாள்: 18-12-25 ,
வியாழக்கிழமை.
நேரம்: மாலை 4.30 PM
இடம்: CSI லைட் ஆடிட்டோரியம்.
கீழ்பாக்கம், சென்னை.","[]",90,True,"No","Yes",False,"ta",150.937,"<a href=""https://x.com/twitter/status/2001590665923223697"" target=""_blank"">Tweet Link</a>","Positive","ADMK","",False,9,27,148,"No","AIADMKITWINGOFL","Pro-party","","","","","",22220,2001590665923223697,"2026-01-23T08:48:03.186994Z","[]","Official Twitter page of AIADMK IT Wing. News and updates from AIADMK.",923849866861715456,"Chennai, India","AIADMK IT WING - SayYesToWomenSafety&AIADMK",False,1550
119,"3","2026-01-23T08:50:02.188350Z",1061,3985,195,"களத்தில் தலைவர், சரவெடி.🔥💥

#Annamalai <a href=""https://t.co/cm6lAoRlRn"">https://t.co/cm6lAoRlRn</a>","['Annamalai']",91,True,"No","Yes",False,"ta",117.396,"<a href=""https://x.com/twitter/status/2001612505169445157"" target=""_blank"">Tweet Link</a>","Positive","ADMK","",False,6,6,385,"No","TwitzKarthi","Pro-party","","","","","",4625,2001612505169445157,"2026-01-23T08:50:02.188369Z","[]","Modi’s Vision & Annamalai’s Mission | Anti DMK | Views are Personal.",1885955664540729344,"🇮🇳","ᴋᴀʀᴛʜɪ",False,9112
120,"3","2026-01-23T08:52:18.379132Z",1866,159570,40,"""கிலிகேசி"" தர்பார் நடத்தும் பொம்மை முதல்வரும்,

அவரின் ஆணவத்தை கால் மேல் கால் போட்டு, ஊருக்கே காட்டிய ""வெள்ளி சிம்மாசனமும்""!

உங்க கேரக்டரையே புரிஞ்சிக்காம ஓட்டு போட்ட தமிழக மக்கள் தான் பாவம் @mkstalin!

#DMKFailsTN #ByeByeStalin <a href=""https://t.co/ZOfFOlnXLM"">https://t.co/ZOfFOlnXLM</a>","['DMKFailsTN', 'ByeByeStalin']",92,True,"No","Yes",False,"ta",134.448,"<a href=""https://x.com/twitter/status/2000755721810653190"" target=""_blank"">Tweet Link</a>","Negative","{""choices"":[""DMK"",""ADMK""]}","",False,52,80,785,"Yes","AIADMKITWINGOFL","Pro-party","","","Anti-party","","",22220,2000755721810653190,"2026-01-23T08:52:18.379152Z","[]","Official Twitter page of AIADMK IT Wing. News and updates from AIADMK.",923849866861715456,"Chennai, India","AIADMK IT WING - SayYesToWomenSafety&AIADMK",False,109800
121,"3","2026-01-23T08:56:04.100764Z",375,1132867,16,"ஈரோடு மக்கள் சந்திப்பு: விஜய் பதிவிட்ட செல்ஃபி வீடியோ!

#Vijay | #TVKVijay | #DMK | #Erode | #VikatanReels <a href=""https://t.co/gvLEMPVNYM"">https://t.co/gvLEMPVNYM</a>","['Vijay', 'TVKVijay', 'DMK', 'Erode', 'VikatanReels']",93,True,"Yes","Yes",False,"ta",143.205,"<a href=""https://x.com/twitter/status/2001566893522440522"" target=""_blank"">Tweet Link</a>","Neutral","{""choices"":[""DMK"",""TVK""]}","",False,1,2,125,"No","vikatan","","","","Neutral","","Neutral",216733,2001566893522440522,"2026-01-23T08:56:04.100789Z","[]","இதயம் இணைக்கும் இணையம்!",28995530,"Tamilnadu, India","விகடன்",False,3591
122,"3","2026-01-23T08:58:19.442969Z",141,95664,156,"திமுக அரசின் பாசிச போக்கிற்கு அஞ்சாது பாஜக!

திருப்பூர் மாநகராட்சி குப்பைகளை சின்ன காளிபாளையத்தில் கொட்டி வந்த திமுக அரசை எதிர்த்து ஒரு மாத காலமாக மக்கள் போராட்டம் நடத்தி வந்த நிலையில், இன்று போராட்டத்தில் பங்குபெற வந்த பாஜக தேசிய பொதுக்குழு உறுப்பினரும் தமிழக பாஜகவின் முன்னாள் மாநிலத் தலைவருமான சகோதரர் திரு. @annamalai_k அவர்களையும் பாஜக நிர்வாகிகளையும் ஏவல்துறை கைது செய்திருப்பது வன்மையான கண்டனத்திற்குரியது. 

மக்கள் குடியிருக்கும் பகுதியில் குப்பையை கொட்டி சுகாதார சீர்கேடு ஏற்படுத்தியதோடு போராடும் பொதுமக்கள் மீது தடியடி நடத்திய திமுக அரசுக்கு @BJP4TamilNadu சார்பாக ஏற்கனவே நான் கண்டனம் தெரிவித்திருந்த நிலையில், இன்று மக்கள் போராட்டத்திற்கு பாஜகவின் ஆதரவைத் தெரிவிக்க வந்த தாமரை சொந்தங்களையும் திமுக அரசு கைது செய்திருப்பது அதன் பாசிச போக்கை அடிக்கோடிட்டு காட்டுகிறது. அறவழியில் போராட முயன்ற தலைவர்களை சர்வாதிகார முறையில் அடக்கி ஒடுக்க முனையும் திமுக அரசுக்கு, குப்பைகளை முறையாக அப்புறப்படுத்த திராணியில்லையா? அல்லது மனமில்லையா? 

மொத்தத்தில், பொதுமக்கள் நலனை தூக்கியெறிந்து, பாசிசத்தை மட்டுமே தூக்கிப் பிடிக்கும் @arivalayam அரசு தனது அகங்காரத்தாலேயே வீழும் நாள் தொலைவிலில்லை!","[]",94,True,"No","Yes",False,"ta",133.419,"<a href=""https://x.com/twitter/status/2001624601286283618"" target=""_blank"">Tweet Link</a>","Negative","{""choices"":[""DMK"",""BJP""]}","","",4,1,50,"Yes","NainarBJP","","Pro-party","","Anti-party","","",3795,2001624601286283618,"2026-01-23T08:58:19.442989Z","[]","Member of Legislative Assembly, Tirunelveli | Legislative Party Leader - BJP | State President - TN BJP",914040073766629376,"Tamil Nadu, India","Nainar Nagenthran",False,2651
123,"3","2026-01-23T14:53:46.949571Z",792,12888,1765,"#Vijay | கோவையில் இருந்து ஈரோடு பொதுக்கூட்டத்திற்கு புறப்பட்ட தமிழக வெற்றிக் கழகத்தின் தலைவர் விஜய்.

#TVK | #TVKVijay <a href=""https://t.co/5O9LNDyQDI"">https://t.co/5O9LNDyQDI</a>","['Vijay', 'TVK', 'TVKVijay']",95,True,"Yes","Yes",False,"ta",192.591,"<a href=""https://x.com/twitter/status/2001517149266022766"" target=""_blank"">Tweet Link</a>","Neutral","TVK","",False,2,2,171,"No","SenthilraajaR","","","","","","Pro-party",5985,2001517149266022766,"2026-01-23T14:53:46.949602Z","[]","Journalist | @News18Tamilnadu | Ex Senior Associate Editor - @PTTVOnlineNews |  All Tweets are Personal.. RTs are not endorsement..",385331874,"Chennai","Senthilraja R",False,14160
124,"3","2026-01-23T15:12:21.836356Z",3521,52972,12644,"நிதர்சனமான உண்மை 💯👇🏻

வேற லெவல்ல பேசுறாரு இந்த மனுஷன் 😍👌🏻🔥

#TVK 
<a href=""https://t.co/kkVw3uaHyX"">https://t.co/kkVw3uaHyX</a>","['TVK']",96,True,"No","Yes",False,"ta",98.997,"<a href=""https://x.com/twitter/status/2001205648286212424"" target=""_blank"">Tweet Link</a>","Positive","TVK","",False,10,12,980,"No","ThalapathiRISHI","","","","","","Pro-party",385760,2001205648286212424,"2026-01-23T15:12:21.836377Z","[]","தளபதி விஜய்-ன் ரசிகன் 😎🔥 Meme creator 🔥 Be yourself because an original is worth than a copy 😎💪🏻
My queen @thalaphathifan 🫶🏻❤️",800252397322801152,"","தளபதி ரிஷி",False,38331
125,"3","2026-01-23T15:21:49.456549Z",125,11063,0,"📊 #NCRB 2023 Report – Crime Against Women (State-wise Rate per lakh population)

 NCRB 2023 Data on Crimes Against Women paints a clear picture of safety across Indian states and Tamil Nadu stands out once again.

While states like
📍 Delhi – 133.6
📍 Telangana – 124.9
📍 Rajasthan – 114.8
📍 Odisha – 112.4
📍 Haryana – 110.3
📍 Kerala – 86.1
📍 Andhra Pradesh – 84.2
📍 Maharashtra – 76.8
📍 West Bengal – 71.3
record higher crime rates (per lakh population)

🌸 #TamilNadu – 23.2
Among the lowest crime rates against women in India, Tamil Nadu once again stands as one of the safest states for women 👩‍🦰✨

According to the NCRB 2023 data, Tamil Nadu recorded 8,943 crimes against women, a 3% decrease from 9,207 cases in 2022. 📉

@NCRBHQ | @tnpoliceoffl","['NCRB', 'TamilNadu']",97,True,"No","Yes",False,"en",565.665,"<a href=""https://x.com/twitter/status/2001560682685501900"" target=""_blank"">Tweet Link</a>","Positive","DMK","",False,4,3,42,"No","TamilnaduStats","","","","Pro-party","","",248,2001560682685501900,"2026-01-23T15:21:49.456580Z","[]","Evaluating the State of #TamilNadu through available Data, Stories, and Visualizations. 📊 | https://t.co/UV5ywWQjbG",1536953531584094208,"Tamilnadu","Tamilnadu Stats",False,3855
126,"3","2026-01-23T15:23:51.088098Z",2961,141797,1,"எங்கள் காளியம்மன் மேல சத்தியமா சொல்லுறோம்... எம்ஜிஆரை போல விஜய்யும் ஆட்சிய புடிப்பார்... அடித்து சொன்ன பாட்டி..!

#Vijay #VijayEntry #Erode #VijayErodeVisit #Vijayamangalam #SaralaiErode #TVK #TVKCampaign #VijayMakkalSanthippu #TVKCandidate #ThalapathyVijay #NewsTamil24x7 <a href=""https://t.co/o8lot6034F"">https://t.co/o8lot6034F</a>","['Vijay', 'VijayEntry', 'Erode', 'VijayErodeVisit', 'Vijayamangalam', 'SaralaiErode', 'TVK', 'TVKCampaign', 'VijayMakkalSanthippu', 'TVKCandidate', 'ThalapathyVijay', 'NewsTamil24x7']",98,True,"Yes","Yes",False,"ta",119.696,"<a href=""https://x.com/twitter/status/2001530853047013411"" target=""_blank"">Tweet Link</a>","Positive","TVK","",False,3,8,894,"No","NewsTamilTV24x7","","","","","","Pro-party",233853,2001530853047013411,"2026-01-23T15:23:51.088140Z","[]","News Channel based in Tamilnadu, India aimed at bringing accurate, elaborate, and fast news across platforms.",1414826926309478418,"chennai, Tamil nadu","News Tamil 24x7",False,17760
127,"3","2026-01-23T15:25:42.578155Z",628,119689,219,"#TamilNadu | People will never abandon me, says Vijay at #Erode rally
#TVKVijay <a href=""https://t.co/TRAas8UPFI"">https://t.co/TRAas8UPFI</a>","['TamilNadu', 'Erode', 'TVKVijay']",99,True,"Yes","Yes",False,"en",109.527,"<a href=""https://x.com/twitter/status/2001556008448201090"" target=""_blank"">Tweet Link</a>","Positive","TVK","",False,0,2,280,"No","DeccanChronicle","","","","","","Pro-party",456538,2001556008448201090,"2026-01-23T15:25:42.578191Z","[]","Deccan Chronicle brings you news and views from around the world -- accurate and immediate.",19519947,"Hyderabad, India","Deccan Chronicle",False,6115
128,"3","2026-01-23T15:30:49.950024Z",660,159570,40,"அரசுப்பள்ளி மாணவி To Project Manager!

கீர்த்தி போன்ற எண்ணற்ற ஏழை எளிய மாணவச் செல்வங்களின் வாழ்வை செதுக்கிய #PricelessScheme_AmmaLaptop!

#EPSfor2026 
#WhereIsOurLaptop <a href=""https://t.co/GUQhWfHaQ2"">https://t.co/GUQhWfHaQ2</a>","['PricelessScheme_AmmaLaptop', 'EPSfor2026', 'WhereIsOurLaptop']",100,True,"No","Yes",False,"ta",305.278,"<a href=""https://x.com/twitter/status/2001279255830057419"" target=""_blank"">Tweet Link</a>","Positive","{""choices"":[""DMK"",""ADMK""]}","",False,31,50,395,"No","AIADMKITWINGOFL","Pro-party","","","Anti-party","","",22220,2001279255830057419,"2026-01-23T15:30:49.950046Z","[]","Official Twitter page of AIADMK IT Wing. News and updates from AIADMK.",923849866861715456,"Chennai, India","AIADMK IT WING - SayYesToWomenSafety&AIADMK",False,3996
129,"3","2026-01-23T15:33:20.664419Z",931,13201,175,"TVK கூட்டணியில் @TTVDhinakaran மற்றும் @OfficeOfOPS விரைவில் இனைவார்கள் என @KASengottaiyan தகவல் 🔥🔥🔥

@TVKVijayHQ #TVKForTN <a href=""https://t.co/X3nb8HnhRN"">https://t.co/X3nb8HnhRN</a>","['TVKForTN']",101,True,"No","Yes",False,"ta",148.883,"<a href=""https://x.com/twitter/status/2012727167004639336"" target=""_blank"">Tweet Link</a>","Positive","{""choices"":[""ADMK"",""TVK""]}","",False,3,18,204,"No","TVKVijay24x7","Neutral","","","","","Pro-party",15069,2012727167004639336,"2026-01-23T15:33:20.664446Z","[]","ɪ'ʟʟ ᴍᴀᴛᴄʜ ʏᴏᴜʀ ʀᴇꜱᴘᴇᴄᴛ, ʙᴜᴛ ɪ'ʟʟ ᴛᴏᴘ ʏᴏᴜʀ ᴅɪꜱʀᴇꜱᴘᴇᴄᴛ
#ᴛᴠᴋ ˢᵒᶜⁱᵃˡ ᴹᵉᵈⁱᵃ ᶜᵒ ᶜᵒ⁻ᴼʳᵈⁱⁿᵃᵗᵒʳ ᵀᴴᴬᴺᴶᴬⱽᵁᴿ &ᵁˢ ᶻᵒⁿᵉ ʙᴀᴄᴋᴜᴘ-@ghilli2004 ᴍᴏᴠɪᴇ ʀᴇᴠɪᴇᴡꜱ @ReelsThirai",1866963858583326724,"Halifax, Nova Scotia (TN68)","TVK 𝚂qυα∂💥",False,24709
130,"3","2026-01-23T15:50:01.679315Z",208,160778,40,"நான்கரை ஆண்டுகள் அஇஅதிமுக திட்டங்களுக்கு ஸ்டிக்கர் ஒட்டி வருவதை மட்டுமே ஒரே வேலையாக வைத்துவிட்டு, இப்போது ""காப்பி அடிக்கிறாங்க மிஸ்"" என்று அஇஅதிமுக-வைப் பார்த்து சிறுபிள்ளைத்தனமாக திமுக அமைச்சர்கள் அழுவதைப் பார்த்தால் சிரிப்பு தான் வருகிறது.

எது ஒரிஜினல்? எது காப்பி?

அம்மா மருந்தகம் ஒரிஜினல்- முதல்வர் மருந்தகம் காப்பி!

அம்மா மினி கிளினிக் ஒரிஜினல்- மக்களைத் தேடி மருத்துவம் காப்பி!

தாலிக்கு தங்கம் ஒரிஜினல்- அதை உல்டா செய்தது தானே புதுமைப் பெண் திட்டம்?

இப்படி அடுக்கிக் கொண்டே போனால், திமுக அரசு செய்ததாக சொல்வது எல்லாமே, அஇஅதிமுக திட்டங்களின் Cheap Copy தான்!

மக்கள் நலத் திட்டங்களுக்கு எப்போதுமே OG சொந்தக்காரங்க நாங்க தான்!

ஒரு குடும்பம் கொள்ளையடிக்க மட்டுமே திட்டம் போட்டு திருடும் திமுக கூட்டத்திற்கு இதெல்லாம் எப்படி தெரியும்?

மகளிருக்கு நேரடியாக நன்மைகள் சேர வேண்டும், அதுவும் பணமாக சேரவேண்டும் என்பதற்காக தான் தாலிக்கு தங்கம் திட்டத்தின் அடுத்த பரிணாமமாக பொங்கல் பரிசு திட்டத்தை நிறைவேற்றியது அஇஅதிமுக அரசு. அதன் அடுத்த கட்டமாக தான் 2021 தேர்தல் அறிக்கையில், மாதந்தோறும் மகளிருக்கு ரூ. 1500/- என அறிவித்தோம்!

மாண்புமிகு புரட்சித்தமிழர் @EPSTamilNadu சாதனைகளுக்கு ரிப்பன் வெட்டிய ""டூப்"" முதல்வர் ஸ்டாலினின் அரசு, வேறென்ன செய்து கிழித்தது?

திமுக அரசின் மாதம் ஆயிரம் ரூபாயே, அண்ணன் #எடப்பாடியார் அவர்களின் தொடர் வலியுறுத்தலுக்கு பிறகு, 28 மாதம் லேட்டா தானே ஸ்டாலின் அரசு கொடுத்தது? அதையும் இன்று வரை, சொன்னபடி அனைத்து மகளிருக்கும் கொடுக்கிறதா? தகுதி எனக் கூறி தமிழக மகளிரை இழிவு படுத்திய அரசை பெண்கள் மறந்துவிடுவார்களா?

அஇஅதிமுக தேர்தல் வாக்குறுதிகளைப் பற்றிப் பேசும் இந்த அமைச்சர்கள் யாரென்று பார்த்தால்,

ஒருவர் ஒட்டுண்ணி ரகுபதி. வாய்ப்பு ஒன்று வந்தால், தான் கட்டியிருக்கும் வேட்டியை கழற்றி விட்டு, வேறொரு வேட்டிக்கு தாவி, வானத்தைப் பார்த்து துப்பிக் கொள்ளக் கூட தயங்காத இந்த ரகுபதி எல்லாம் தேர்தல் வாக்குறுதிகளைப் பற்றி பேசலாமா?

இன்னொருவர் டி.ஆர்.பி. ராஜா. பாக்ஸ்கான் துணை கம்பெனி என்று சட்டமன்றத்திலேயே கம்பி கட்டும் கதையெல்லாம் உருட்டியவர் தானே இவர்? ""ஆளும் வளரணும், அறிவும் வளரணும், அது தான்டா வளர்ச்சி..."" என்ற புரட்சித் தலைவரின் பாடல் வரிகள் தான் நினைவுக்கு வருகிறது.

மாண்புமிகு @EPSTamilNadu அவர்கள் ஒரு வாக்குறுதி அளித்தால், அது செயலில் நடக்கும் என்று மக்களுக்கு நன்றாகத் தெரியும் என்பது திமுக-வினருக்கே தெரியும். அதனால் தான் இவ்வளவு வயிற்றெச்சல்!

நல்லா கதறுங்க அமைச்சர் சார்-களே...
இன்னும் 2 மாசம் தான்! 
Tic Toc Tic Toc... 

#EPSfor2026
#ByeByeStalin","['எடப்பாடியார்', 'EPSfor2026', 'ByeByeStalin']",102,True,"No","Yes",False,"ta",999.108,"<a href=""https://x.com/twitter/status/2012755410688913483"" target=""_blank"">Tweet Link</a>","Negative","{""choices"":[""DMK"",""ADMK""]}","","",10,28,139,"Yes","AIADMKITWINGOFL","Pro-party","","","Anti-party","","",22626,2012755410688913483,"2026-01-23T15:50:01.679348Z","[]","Official Twitter page of AIADMK IT Wing. News and updates from AIADMK.",923849866861715456,"Chennai, India","AIADMK IT WING - SayYesToWomenSafety&AIADMK",False,2077
131,"3","2026-01-23T15:51:34.503759Z",852,25616,51,"எங்கே சென்றாலும் மக்கள் உண்மையை புரிந்து கொண்டு எதிர்த்து விரட்டுகிறார்கள். இவர்கள் மட்டும் இன்னும் “TVK. Tvk  (தீ வைக்க, தீ வைக்க) என்று கதறிக் கொண்டிருக்கிறார்கள்! <a href=""https://t.co/L0HtVT93JD"">https://t.co/L0HtVT93JD</a>","[]",103,True,"No","Yes",False,"ta",90.951,"<a href=""https://x.com/twitter/status/2012724779703312508"" target=""_blank"">Tweet Link</a>","Negative","TVK","",False,11,60,298,"Yes","vaishnavi_cbe","","","","","","Anti-party",1276,2012724779703312508,"2026-01-23T15:51:34.503782Z","[]","திராவிட முன்னேற்றக் கழகம் | Trustee at ButterflyCharitableTrust | School Outreach Educator & Young politician |",1863452126200094720,"Coimbatore ","Vaishnavi",False,17290
132,"3","2026-01-23T15:54:27.914131Z",4723,1011790,886,"The blatant injustice meted out to the Avila Convent School Band from Coimbatore in the South Zone School Band Competition at Hyderabad is highly condemnable. 

A team that was officially declared FIRST in the Brass Band (Girls) category, given certificates and trophy, has now been arbitrarily pushed to third place through a alleged backdoor “re‑result”, without any transparency or notice to the school or students.

This blatant manipulation of results raises serious questions about the conduct of the organisers and the role of the Telangana Government, under whose watch the original results were cancelled and a new list issued after “expert review” that mysteriously downgraded Avila Convent, Tamil Nadu. Such conduct is an insult to the hard work, discipline and merit of our daughters who won fair and square on the field.

The Government of TN cannot remain a mute spectator when our team, which legitimately earned the right to represent the State, is being denied its place in the National School Band Competition to be held on 24th January in Delhi. 

It is the duty of the TN Govt to immediately intervene with the Telangana Govt & other authorities to restore Avila Convent’s rightful position.

The Telangana Govt must ensure complete transparency, publish the basis of this so‑called re‑evaluation, and guarantee that the original winners are not sacrificed to backroom lobbying, if any. 

The young girls of Avila Convent have made Tamil Nadu proud; now it is the Govt of Tamil Nadu's responsibility to stand by them and ensure they march in Delhi with their heads held high.","[]",104,True,"No","Yes",False,"en",171.377,"<a href=""https://x.com/twitter/status/2012386415611666828"" target=""_blank"">Tweet Link</a>","Negative","DMK","",False,16,60,1437,"No","annamalai_k","","","","Pro-party","","",18286,2012386415611666828,"2026-01-23T15:54:27.914158Z","[]","அறம் செய்ய விரும்பு. BJP Karyakartha.",61121030,"India","K.Annamalai",False,70754
133,"3","2026-01-23T15:57:19.716247Z",799,99487,121,"During election time, DMK is planning to create fights between Thala and Thalapathy fans and use it to for gain votes. 

Even if we fight among ourselves, AK's support is only for TVK, and Thala fans are also going to vote only for TVK. 

VIJAY × AK 🫂♥️&gt;
<a href=""https://t.co/5mVYXwpAW5"">https://t.co/5mVYXwpAW5</a>","[]",105,True,"No","Yes",False,"en",169.993,"<a href=""https://x.com/twitter/status/2012721553004429634"" target=""_blank"">Tweet Link</a>","Positive","{""choices"":[""DMK"",""TVK""]}","",False,36,82,181,"Yes","KVFC_Official","","","","Anti-party","","Pro-party",21199,2012721553004429634,"2026-01-23T15:57:19.716269Z","[]","Dawning from kerala to Eulogize Samrat @actorvijay ! Stay connected with kerala strongest Thalapathy Vijay's Online Promotion Team - #KVFC.",993408059325255680,"kerala 🌴","KERALA VIJAY FANS CLUB",False,17936
134,"3","2026-01-23T15:59:00.605952Z",884,5301,2035,"அதிமுக  வட சென்னை முன்னாள் மாவட்ட செயலாளர் VS. பாபு  தவெக வில்  ஐயா  @KASengottaiyan  முன்னிலையில் இணைந்தார் விரைவில் தலைவர் @TVKVijayHQ  சந்தித்து  கட்சியில் 2000 பேர்  இணைப்பதாக கூறியுள்ளார் 👍🏾 <a href=""https://t.co/pbEZ1M8tI9"">https://t.co/pbEZ1M8tI9</a>","[]",106,True,"No","Yes",False,"ta",99.016,"<a href=""https://x.com/twitter/status/2012746128694145473"" target=""_blank"">Tweet Link</a>","Positive","{""choices"":[""ADMK"",""TVK""]}","",False,1,2,252,"No","VigneshVic67385","Neutral","","","","","Pro-party",46593,2012746128694145473,"2026-01-23T15:59:00.605983Z","[]","Engineering ..... from #BLR ❤️ TVK Member 🙋‍♂️ #politics 
  
*பிறப்பொக்கும்  எல்லா உயிர்க்கும் -திருவள்ளுவர் *",1755630831463526400,"Bangalore ","VIJAY VIGNESH 🇪🇦 TVK 🇪🇦",False,12706
135,"3","2026-01-23T16:01:26.364127Z",1297,31408,9,"நியாயத்தைக் கேட்கும் பாஜக பெண் கவுன்சிலரை ஒருமையில் பேசி அவமானப்படுத்தும் அராஜக திமுக கவுன்சிலர்! <a href=""https://t.co/NHy8YYIjJ0"">https://t.co/NHy8YYIjJ0</a>","[]",107,True,"No","Yes",False,"ta",143.694,"<a href=""https://x.com/twitter/status/2006421311636275680"" target=""_blank"">Tweet Link</a>","Negative","{""choices"":[""DMK"",""BJP""]}","",False,7,24,543,"Yes","EnMannEnMakkal","","Pro-party","","Anti-party","","",6153,2006421311636275680,"2026-01-23T16:01:26.364163Z","[]","My Land, My People | Official Handle of Thalaivar Thiru K Annamalai’s Yatra | Come, let us ignite a political revolution in Tamil Nadu! | #VendumMeendumModi",1627576116616765442,"Tamilnadu","En Mann En Makkal",False,17522
136,"3","2026-01-23T16:02:59.804175Z",876,3995,614,"ஆதமங்கலம் புதூர் மஞ்சுவிரட்டில் #TVK TVK என கோஷமிட்ட மக்கள் 🤯🔥 

திமுககாரன் செம்ம காண்டுல இருக்கான் போல எதும் செய்ய முடியாம 😂 
#TVKforTN <a href=""https://t.co/7yNWPGhr12"">https://t.co/7yNWPGhr12</a>","['TVK', 'TVKforTN']",108,False,"No","Yes",False,"ta",91.689,"<a href=""https://x.com/twitter/status/2012735255170658725"" target=""_blank"">Tweet Link</a>","Positive","{""choices"":[""DMK"",""TVK""]}","",False,2,1,280,"Yes","TVK_Dinshu","","","","Pro-party","","Anti-party",38952,2012735255170658725,"2026-01-23T16:02:59.804199Z","[]","Hills💚 #Cyberophile | Loyal to @actorvijay ♥️ | BGMI : 5223975779",1866396922862604288,"Sholinganallur, Chennai ","𝐓𝐕𝐊 𝐃𝐢𝐧𝐬𝐡𝐮",False,7006
137,"3","2026-01-23T16:05:13.560781Z",20757,1011790,886,"The people of Mumbai have spoken with crystal clarity! The historic victory of the Mahayuti alliance in the BMC elections is a resounding endorsement of development-first governance. 

From the grassroots of local bodies to the halls of the parliament, this is the Triple Engine that delivers real, tangible development for every citizen. While the opposition trafficked in divisive narratives aimed at fragmenting the people, Mumbai chose unity, progress, and inclusive growth.

Extending my heartfelt congratulations to Maharashtra CM Thiru @Dev_Fadnavis avl and Dy CM Thiru @mieknathshinde avl, karyakarthas of BJP and leaders of the Mahayuti Alliance for this astounding victory. Under our Hon. PM Thiru @narendramodi avl’s visionary central policies and the brilliant state administrators, Mumbai is setting benchmarks in infrastructure, urban development, and citizens' welfare. The people have rewarded this governance with their vote.

The opposition was banking on the failed strategy of dividing Mumbaikars along linguistic and regional lines, a 20th-century relic the people soundly rejected. While our NDA government talks about development infrastructure, jobs, and growth, the opposition clung to an archaic narrative of regional animosity. Mumbaikars chose substance over divisiveness.

@AmeetSatam @BJP4Mumbai @Shivsenaofc","[]",109,True,"No","Yes",False,"en",131.945,"<a href=""https://x.com/twitter/status/2012141319070564704"" target=""_blank"">Tweet Link</a>","Positive","BJP","",False,47,346,3653,"No","annamalai_k","","Pro-party","","","","",18286,2012141319070564704,"2026-01-23T16:05:13.560803Z","[]","அறம் செய்ய விரும்பு. BJP Karyakartha.",61121030,"India","K.Annamalai",False,216866
138,"3","2026-01-23T16:06:32.107875Z",411,31408,9,"அரசு வேலைக்கு லஞ்சம்! திமுக ஆட்சியில் தொடரும் மெகா ஊழல்! <a href=""https://t.co/f700e3OOuY"">https://t.co/f700e3OOuY</a>","[]",110,True,"No","Yes",False,"ta",76.751,"<a href=""https://x.com/twitter/status/1998302155212820851"" target=""_blank"">Tweet Link</a>","Negative","DMK","",False,2,7,158,"Yes","EnMannEnMakkal","","","","Anti-party","","",6153,1998302155212820851,"2026-01-23T16:06:32.107906Z","[]","My Land, My People | Official Handle of Thalaivar Thiru K Annamalai’s Yatra | Come, let us ignite a political revolution in Tamil Nadu! | #VendumMeendumModi",1627576116616765442,"Tamilnadu","En Mann En Makkal",False,3345
139,"3","2026-01-23T16:08:21.026364Z",2352,3408,2366,"பாவம் டா அந்த ஆளு, இப்படி நெஞ்ச புடிச்சிட்டு உட்கார வச்சிட்டீங்களே..😂😂😂

#TVK #JanaNayagan @TVKVijayHQ <a href=""https://t.co/ZWfe9eTW5q"">https://t.co/ZWfe9eTW5q</a>","['TVK', 'JanaNayagan']",111,False,"No","Yes",False,"ta",107.041,"<a href=""https://x.com/twitter/status/2012704121439297578"" target=""_blank"">Tweet Link</a>","Positive","TVK","",False,5,16,567,"Yes","LegenD_AK_tweet","","","","","","Pro-party",8543,2012704121439297578,"2026-01-23T16:08:21.026403Z","[]","TVK🇪🇸 Virtual Warriors WING, தல ரசிகன் தளபதி தொண்டன்🫶 ,Ajith Kumar Racing Fanclub🏎️(Chemist👨‍🔬, Quality Control🥼⚗️🧪)",1314086899368095745,"Malaysia","Ꮮᴇɢᴇɴᴅᵀⱽᴷ",False,47532
140,"3","2026-01-23T16:10:25.385356Z",7793,1011790,886,"As the season arrives, our beloved Bull sets off on a two-month journey, taking part in various Jallikattu events across the region.

With pride in our hearts and a tinge of sadness, we gave him a warm send-off from our farm today. 

Will shall now eagerly wait for his glorious return!","[]",112,True,"No","No",False,"en",122.613,"<a href=""https://x.com/twitter/status/2007402047415661046"" target=""_blank"">Tweet Link</a>","","","",False,16,91,1426,"","annamalai_k","","","","","","",18286,2007402047415661046,"2026-01-23T16:10:25.385379Z","[]","அறம் செய்ய விரும்பு. BJP Karyakartha.",61121030,"India","K.Annamalai",False,88116
141,"3","2026-01-24T01:01:02.725652Z",2662,99593,419,"திருப்பூர் பெருமாநல்லூரில் குமரன் குன்று முருகப் பெருமான் கோவிலை இடித்து தன் ‘திராவிட மாடல் கடமை’யை செய்யும் திமுக அரசு ! 

சொரணை கெட்ட தமிழ் சமூகம் தமிழகத்தில் இரண்டாம் தர குடிமக்களாக இருப்பதைக் கூட உணராமல் உள்ளோம் ! <a href=""https://t.co/d8H3cdNxYR"">https://t.co/d8H3cdNxYR</a>","[]",113,True,"No","Yes",False,"ta",107.112,"<a href=""https://x.com/twitter/status/2008825238595990004"" target=""_blank"">Tweet Link</a>","Negative","DMK","",False,33,127,1265,"No","asuvathaman","","","","Anti-party","","",8057,2008825238595990004,"2026-01-24T01:01:02.725675Z","[]","State Secretary TN BJP, founder Project TamilAi, founder Integral Humanism Foundation, Partner Ashvathaman Associates, director-ledge & law, Director-DEFFO TECH",428095455,"Tamil Nadu, India","Ashvathaman Allimuthu",False,43080
142,"3","2026-01-24T01:02:13.893453Z",3275,99593,419,"சொரணையுள்ள தமிழன் எவனும் …

@blsanthosh @MenonArvindBJP @ReddySudhakar21 @NainarBJP @KesavaVinayakan @annamalai_k <a href=""https://t.co/gvqBCq2WWt"">https://t.co/gvqBCq2WWt</a>","[]",114,True,"No","Yes",False,"ta",69.35,"<a href=""https://x.com/twitter/status/1996254748459299117"" target=""_blank"">Tweet Link</a>","Positive","BJP","",False,149,733,949,"No","asuvathaman","","Pro-party","","","","",8057,1996254748459299117,"2026-01-24T01:02:13.893480Z","[]","State Secretary TN BJP, founder Project TamilAi, founder Integral Humanism Foundation, Partner Ashvathaman Associates, director-ledge & law, Director-DEFFO TECH",428095455,"Tamil Nadu, India","Ashvathaman Allimuthu",False,213098
143,"3","2026-01-24T01:03:20.830764Z",735,99593,419,"தமிழ் எப்படி தமிழர்களுக்கு சொந்தமான மொழியோ, அதேபோல சமஸ்கிருதமும் தமிழர்களுக்கு சொந்தமான மொழியே ! 

@narendramodi @AmitShah @rajnathsingh @nsitharaman @AshwiniVaishnaw

@blsanthosh @MenonArvindBJP @ReddySudhakar21 @NainarBJP @KesavaVinayakan @annamalai_k <a href=""https://t.co/WIUFG5z4LS"">https://t.co/WIUFG5z4LS</a>","[]",115,True,"No","Yes",False,"ta",65.133,"<a href=""https://x.com/twitter/status/1991855588020732176"" target=""_blank"">Tweet Link</a>","Positive","BJP","",False,79,435,241,"No","asuvathaman","","Pro-party","","","","",8057,1991855588020732176,"2026-01-24T01:03:20.830792Z","[]","State Secretary TN BJP, founder Project TamilAi, founder Integral Humanism Foundation, Partner Ashvathaman Associates, director-ledge & law, Director-DEFFO TECH",428095455,"Tamil Nadu, India","Ashvathaman Allimuthu",False,76617
144,"3","2026-01-24T01:04:40.971203Z",2837,1011790,886,"கொடுத்த வாக்குறுதி பட்டியலில் குறைவான வாக்குறுதிகளை மட்டுமே நிறைவேற்றிய அரசு ஒன்று உண்டென்றால் அது தமிழகத்தில் உள்ள திமுக அரசு தான்.

தமிழகத்தில் தமிழக பெண்கள் தாய்மார்களின் பாதுகாப்பிற்கு எந்த உத்திரவாதமும் இல்லை. தமிழக அரசுக்கு ஒரே ஒரு எண்ணம் தான். அது ஸ்டாலின் மகன் உதயநிதியை முதல்வர் ஆக்கவேண்டும் என்பது தான்.

நான் இன்று தமிழக மக்களுக்கு இதை கூற வந்துள்ளேன். தமிழகத்தில் நடந்து வரும் குடும்ப அரசியலை ஒழித்துக்கட்ட நேரம் வந்துவிட்டது - 'தமிழகம் தலை நிமிர தமிழனின் பயணம்' யாத்திரை நிறைவு விழாவில் உரையாற்றிய நமது மாண்புமிகு உள்துறை அமைச்சர் திரு @AmitShah அவர்கள்.","[]",116,True,"No","Yes",False,"ta",78.29,"<a href=""https://x.com/twitter/status/2007842575273890022"" target=""_blank"">Tweet Link</a>","Negative","{""choices"":[""DMK"",""BJP""]}","",False,8,56,897,"No","annamalai_k","","Pro-party","","Anti-party","","",18286,2007842575273890022,"2026-01-24T01:04:40.971222Z","[]","அறம் செய்ய விரும்பு. BJP Karyakartha.",61121030,"India","K.Annamalai",False,26062
145,"3","2026-01-24T01:05:28.627101Z",312,82506,146,"மகிழ்ச்சிகரமான புத்தாண்டு தருணத்தில், அனைவருக்கும் இதயங்கனிந்த அன்பான நல்வாழ்த்துக்கள்! 2026-ஆம் ஆண்டின் விடியல், புதுப்பிக்கப்பட்ட நம்பிக்கையையும், புதிய வாய்ப்புகளையும், வலுவான உறுதியையும் உருவாக்கி, நமது வாழ்க்கையை மகிழ்ச்சி, நல்ல ஆரோக்கியம் மற்றும் செழிப்புடன் நிரப்பட்டும். ஒற்றுமையையும் சமூக நல்லிணக்கத்தையும் நிலைநிறுத்துவதற்கும், நிலையான மற்றும் அனைவரையும் உள்ளடக்கிய வளர்ச்சியடைந்த பாரதத்தை உருவாக்குவதற்காக ஒன்றிணைந்து முன்னேறவும் நமது கூட்டுறுதியை மீண்டும் உறுதிப்படுத்திக் கொள்வோம்.
#புத்தாண்டு2026","['புத்தாண்டு2026']",117,True,"No","No",False,"ta",45.88,"<a href=""https://x.com/twitter/status/2006346755684839566"" target=""_blank"">Tweet Link</a>","","","",False,2,29,58,"","lokbhavan_tn","","","","","","",6299,2006346755684839566,"2026-01-24T01:05:28.627125Z","[]","Official Twitter Account of Lok Bhavan, Tamil Nadu.",1449331892537348096,"Lok Bhavan, Chennai","LOK BHAVAN, TAMIL NADU",False,3391
146,"3","2026-01-24T01:06:41.801944Z",1292,99593,419,"சொங்கியா இருப்பதைவிட சங்கியா இருந்துட்டு போறோம் போங்கடா ! 

இதுதான் இப்போது தமிழகம் சொல்கிற வார்த்தை ! <a href=""https://t.co/QNm6V08VlS"">https://t.co/QNm6V08VlS</a>","[]",118,True,"No","Yes",False,"ta",71.606,"<a href=""https://x.com/twitter/status/1997853030952374518"" target=""_blank"">Tweet Link</a>","Positive","BJP","",False,5,58,382,"No","asuvathaman","","Pro-party","","","","",8057,1997853030952374518,"2026-01-24T01:06:41.801965Z","[]","State Secretary TN BJP, founder Project TamilAi, founder Integral Humanism Foundation, Partner Ashvathaman Associates, director-ledge & law, Director-DEFFO TECH",428095455,"Tamil Nadu, India","Ashvathaman Allimuthu",False,9675
147,"3","2026-01-24T01:08:07.783087Z",2700,1011790,886,"கடந்த 2021 ஆம் ஆண்டு தேர்தலில், ஜல்லிக்கட்டு காளைகளை வளர்ப்போருக்கு ஊக்கத்தொகையாக, மாதம் 1000 ரூபாய் வழங்கப்படும் என்று வாக்குறுதி கொடுத்தார் முதலமைச்சர் திரு @mkstalin அவர்கள். ஆகா, தமிழ்ப் பண்பாட்டை ஊக்குவிக்கப் போகிறார் என்று அனைவரும் நினைத்தோம். ஆட்சிக்கு வந்து ஐந்து ஆண்டுகள் கடந்து விட்டன. இதுவரை, ஒரு ரூபாய் கூடக் கொடுக்கவில்லை. இந்த நிலையில் இன்று, மாடுபிடி வீரர்களுக்கு அரசு வேலையில் முன்னுரிமை கொடுக்கப் போகிறோம் என்று மற்றுமொரு ஏமாற்று அறிவிப்பை வெளியிட்டிருக்கிறார் முதலமைச்சர் திரு @mkstalin. 

ஏற்கனவே, ஜல்லிக்கட்டு காளைகள் வளர்ப்பவர்கள் ஒவ்வொருவருக்கும், இந்த ஐந்து ஆண்டுகளில், கொடுக்கப்பட வேண்டிய சுமார் ₹60,000 ஊக்கத்தொகை எப்போது வருமென்று தெரியவில்லை. இப்படி தொடர்ந்து வெற்று வாக்குறுதிகள் கொடுத்து யாரை ஏமாற்றலாம் என்று எண்ணிக் கொண்டிருக்கிறார் முதலமைச்சர் என்பது தெரியவில்லை.

முதலமைச்சர் திரு @mkstalin அவர்களுக்குப் பிடித்த ""பேரு பெத்த பேரு, தாக நீலு லேது"" என்ற தெலுங்குப் பழமொழி, திமுகவின் தேர்தல் வாக்குறுதிகளுக்கு முழுமையாகப் பொருந்தும்.","[]",119,True,"No","Yes",False,"ta",84.264,"<a href=""https://x.com/twitter/status/2012447581356667388"" target=""_blank"">Tweet Link</a>","Negative","DMK","",False,24,77,1003,"Yes","annamalai_k","","","","Anti-party","","",18286,2012447581356667388,"2026-01-24T01:08:07.783110Z","[]","அறம் செய்ய விரும்பு. BJP Karyakartha.",61121030,"India","K.Annamalai",False,62076
148,"3","2026-01-24T01:09:23.961331Z",3727,13201,175,"விஜய் கிட்ட என்ன இருக்கு ஏன் மக்கள் வாக்களிக்கணும்??

ஆனந்த்ஜித் - C-R-E-D-I-B-L-I-T-Y 

My Man is PURE GOLD 💥💥💥
@TVKVijayHQ #TVKForTN <a href=""https://t.co/klyvXZQKYF"">https://t.co/klyvXZQKYF</a>","['TVKForTN']",120,True,"No","Yes",False,"ta",74.46,"<a href=""https://x.com/twitter/status/2011942634571337753"" target=""_blank"">Tweet Link</a>","Positive","TVK","",False,3,17,1090,"No","TVKVijay24x7","","","","","","Pro-party",15069,2011942634571337753,"2026-01-24T01:09:23.961352Z","[]","ɪ'ʟʟ ᴍᴀᴛᴄʜ ʏᴏᴜʀ ʀᴇꜱᴘᴇᴄᴛ, ʙᴜᴛ ɪ'ʟʟ ᴛᴏᴘ ʏᴏᴜʀ ᴅɪꜱʀᴇꜱᴘᴇᴄᴛ
#ᴛᴠᴋ ˢᵒᶜⁱᵃˡ ᴹᵉᵈⁱᵃ ᶜᵒ ᶜᵒ⁻ᴼʳᵈⁱⁿᵃᵗᵒʳ ᵀᴴᴬᴺᴶᴬⱽᵁᴿ &ᵁˢ ᶻᵒⁿᵉ ʙᴀᴄᴋᴜᴘ-@ghilli2004 ᴍᴏᴠɪᴇ ʀᴇᴠɪᴇᴡꜱ @ReelsThirai",1866963858583326724,"Halifax, Nova Scotia (TN68)","TVK 𝚂qυα∂💥",False,43778
149,"3","2026-01-24T01:10:48.402450Z",1065,28163,2510,"தமிழ்நாட்டு மக்களால அமைச்சரான @KN_NEHRU ஏன் இங்க இருக்க கோயிலுக்கு காசு கொடுத்து சோறு போடக்கூடாதா? திருப்பதில தான் போடணுமா?  சங்கரன்கோவில் சட்டமன்ற தொகுதியில் நேற்று நான் பேசியதில் ஒரு பதிவு! 

@TVKVijayHQ | @BussyAnand 
#தமிழகவெற்றிக்கழகம்‌ <a href=""https://t.co/OtL0Pctlao"">https://t.co/OtL0Pctlao</a>","['தமிழகவெற்றிக்கழகம்\u200c']",121,True,"No","Yes",False,"ta",82.657,"<a href=""https://x.com/twitter/status/2012721497291563461"" target=""_blank"">Tweet Link</a>","Negative","TVK","",False,2,8,385,"Yes","RameshOffcl","","","","","","Pro-party",13136,2012721497291563461,"2026-01-24T01:10:48.402473Z","[]","மாநில ஒருங்கிணைப்பாளர்,  ஊடகம் மற்றும் செய்தித் தொடர்பு அணி
- தமிழக வெற்றிக் கழகம்.",2820227904,"Chennai","TVK Ramesh",False,9560
150,"3","2026-01-24T01:11:32.575551Z",6774,13432,241,"Indigo CAPTAIN : நாளைக்கு படத்துக்கு போகலாம்னு இருந்தேன், ஆன படம் Release ஆகலேயே.. 💔🥹

#JanaNayagan | #Pongal2026 <a href=""https://t.co/xmGWJdNga3"">https://t.co/xmGWJdNga3</a>","['JanaNayagan', 'Pongal2026']",122,False,"No","No",False,"ta",42.409,"<a href=""https://x.com/twitter/status/2011857125312770465"" target=""_blank"">Tweet Link</a>","","","",False,1,7,1439,"","PrakazVijay_Of","","","","","","",327718,2011857125312770465,"2026-01-24T01:11:32.575575Z","[]","Online Promoter Of @ActorVijay 💼 | HD, UHD, Enlarge, 4K Stills Portal 🛍️ | @JustinBieber World 🌍 | Cinema Lover 🎞️🎥 | Account Handled By Admins 🧑🏻‍💻",1014133190993170432,"Chennai, India","Prakash Vijay",False,81674
151,"3","2026-01-24T01:12:47.920002Z",23174,1011790,886,"The people of Maharashtra have given a decisive verdict! The Mahayuti alliance’s sweeping success in the local body polls is a powerful mandate for purposeful, performance-driven governance.

From villages to metro cities, people’s trust in the triple-engine leadership stands testimony to a politics rooted in progress, not baseless divisive propaganda.

Congratulations to Hon. CM of MH, Thiru @Dev_Fadnavis, under whose dynamic leadership, governance has been redefined at every level and to all karyakarthas of @BJP4Maharashtra. Guided by Hon. PM Thiru @narendramodi avl’s transformative vision, Maharashtra is fast emerging as a global powerhouse.

@RaviDadaChavan @Shivsenaofc","[]",123,True,"No","Yes",False,"en",73.835,"<a href=""https://x.com/twitter/status/2012147127028449398"" target=""_blank"">Tweet Link</a>","Positive","BJP","","",39,381,4098,"No","annamalai_k","","Pro-party","","","","",18286,2012147127028449398,"2026-01-24T01:12:47.920024Z","[]","அறம் செய்ய விரும்பு. BJP Karyakartha.",61121030,"India","K.Annamalai",False,311730
152,"3","2026-01-24T02:54:21.361413Z",519,6071,12,"இந்தாளு அசிங்க படுறதுக்கே போயிருக்காரு 😹🤣🤣
#தீயசக்தி_திமுக <a href=""https://t.co/eJUjwIHCrZ"">https://t.co/eJUjwIHCrZ</a>","['தீயசக்தி_திமுக']",124,True,"No","Yes",False,"ta",77.108,"<a href=""https://x.com/twitter/status/2011854348276638180"" target=""_blank"">Tweet Link</a>","Negative","DMK","",False,5,3,182,"Yes","TVKWarriorsHQ","","","","Anti-party","","",7540,2011854348276638180,"2026-01-24T02:54:21.361432Z","[]","The Official Virtual Warriors Team for Thalaivar

@TVKVijayHQ |

TVK - #தமிழகவெற்றிக்கழகம்

|#TVKVijay | பிறப்பொக்கும் எல்லா

உயிர்க்கும்",1671584699905638400,"tamilnadu","TVK Virtual Warriors HQ",False,8192
153,"3","2026-01-24T02:54:56.933147Z",21941,1011790,886,"பொங்கலோ பொங்கல்! <a href=""https://t.co/dlnvnuqrPS"">https://t.co/dlnvnuqrPS</a>","[]",125,True,"No","No",False,"ta",33.615,"<a href=""https://x.com/twitter/status/2011696164371058864"" target=""_blank"">Tweet Link</a>","","","",False,39,379,2788,"","annamalai_k","","","","","","",18286,2011696164371058864,"2026-01-24T02:54:56.933174Z","[]","அறம் செய்ய விரும்பு. BJP Karyakartha.",61121030,"India","K.Annamalai",False,179557
154,"3","2026-01-24T02:55:59.681829Z",1291,3995,614,"திரும்பும் திசை எங்கும் தவெக 🔥 <a href=""https://t.co/O31Le7hQ6x"">https://t.co/O31Le7hQ6x</a>","[]",126,False,"No","No",False,"ta",60.205,"<a href=""https://x.com/twitter/status/2012738715563729121"" target=""_blank"">Tweet Link</a>","","","",False,1,3,339,"","TVK_Dinshu","","","","","","",38952,2012738715563729121,"2026-01-24T02:55:59.681847Z","[]","Hills💚 #Cyberophile | Loyal to @actorvijay ♥️ | BGMI : 5223975779",1866396922862604288,"Sholinganallur, Chennai ","𝐓𝐕𝐊 𝐃𝐢𝐧𝐬𝐡𝐮",False,7136
155,"3","2026-01-24T02:57:17.030870Z",44136,1357861,2036,"Qualifications of @annamalai_k:
12th: 94%
BEng: 84%
UPSE rank: 244
CAT score: 99.32
PGDM: IIM Lucknow
Chevening Fellow: Oxford
Superintendent of Police
Deputy Commissioner of Police
State President, Tamil Nadu BJP

Qualifications of @AUThackeray:
Dynast. <a href=""https://t.co/X2Tbtx86BY"">https://t.co/X2Tbtx86BY</a>","[]",127,True,"No","Yes",False,"en",75.609,"<a href=""https://x.com/twitter/status/2011014714441306453"" target=""_blank"">Tweet Link</a>","Positive","BJP","",False,401,1987,14008,"Yes","ARanganathan72","","Pro-party","","","","",2395,2011014714441306453,"2026-01-24T02:57:17.030890Z","[]","Author: Land of the Wilted Rose; Love and Honour; Rat Eater; Soufflé; Hindus in Hindu Rashtra. Consulting Editor: Swarajya. RT ≠ Endorsement",1344897174,"","Anand Ranganathan",False,1083910
156,"3","2026-01-24T02:58:24.561885Z",138,31408,9,"கல்வியில் சிறந்த தமிழ்நாடு என்று தம்பட்டம் அடித்து விட்டு, கல்வி சொல்லிக் கொடுக்கும் ஆசிரியர்களை வஞ்சிக்கும் திமுக அரசு! <a href=""https://t.co/fTX5WyHms5"">https://t.co/fTX5WyHms5</a>","[]",128,True,"No","Yes",False,"ta",65.78,"<a href=""https://x.com/twitter/status/2009592993716781466"" target=""_blank"">Tweet Link</a>","Negative","DMK","",False,8,1,143,"Yes","EnMannEnMakkal","","","","Anti-party","","",6153,2009592993716781466,"2026-01-24T02:58:24.561905Z","[]","My Land, My People | Official Handle of Thalaivar Thiru K Annamalai’s Yatra | Come, let us ignite a political revolution in Tamil Nadu! | #VendumMeendumModi",1627576116616765442,"Tamilnadu","En Mann En Makkal",False,1238
157,"3","2026-01-24T02:59:35.048214Z",1869,55332,1412,"DMK is opposing Navodaya school because Navodaya is giving seats only for Brahmins, SC, ST people. BC and MBC students cant join due to ""New reservation"", says DMK Speaker Prasanna.

Spreading lies in open stage is the reason why DMK is getting whopped all around India.💀 <a href=""https://t.co/cTvehot883"">https://t.co/cTvehot883</a>","[]",129,True,"No","Yes",False,"en",68.788,"<a href=""https://x.com/twitter/status/2012691659578888624"" target=""_blank"">Tweet Link</a>","Negative","DMK","",False,13,29,496,"Yes","SanghiPrince","","","","Anti-party","","",113066,2012691659578888624,"2026-01-24T02:59:35.048236Z","[]","Pravinraj | 28 | Unapologetic Hindu | State Secretary, Social Media, @BJP4Tamilnadu | Compiler of the scheme book “Modi's NEW INDIA” | WA 9488989026",1213203837118369793,"India, TamilNadu, Namakkal","Sanghi Prince 🚩",False,41216
158,"3","2026-01-24T05:10:43.844123Z",5429,1011790,886,"Running away from questions is all you have done for the last 6 years. Unlike you, I have answered the accusations aimed at me propagated by vicious elements like you and have not run away from them. 

And FYKI, this news was initially published by Tamil News Channels, which were on the ground as witnesses to the incident. 

The people of our State want to know what stopped your alliance from fulfilling your election promise of 150 days of work under the VB G-RAM-G (MGNREG) Scheme. 

If these are not running away from questions, what is? 

Will you label these people as drunk as well?","[]",130,True,"No","Yes",True,"en",7867.099,"<a href=""https://x.com/twitter/status/2008840527152844878"" target=""_blank"">Tweet Link</a>","Negative","{""choices"":[""DMK"",""BJP""]}","",False,29,86,1961,"No","annamalai_k","","Pro-party","","Anti-party","","",18286,2008840527152844878,"2026-01-24T05:10:43.844171Z","[]","அறம் செய்ய விரும்பு. BJP Karyakartha.",61121030,"India","K.Annamalai",False,159045
159,"3","2026-01-24T05:12:21.482908Z",618,3408,2366,"TVK🇪🇸 மஞ்சுவிரட்டு போட்டி🐂🔥

📍தர்மபுரி #TVK <a href=""https://t.co/4BFUkG8QOp"">https://t.co/4BFUkG8QOp</a>","['TVK']",131,False,"No","Yes",False,"ta",95.437,"<a href=""https://x.com/twitter/status/2012749881987739942"" target=""_blank"">Tweet Link</a>","Positive","TVK","",False,1,4,153,"No","LegenD_AK_tweet","","","","","","Pro-party",8543,2012749881987739942,"2026-01-24T05:12:21.482934Z","[]","TVK🇪🇸 Virtual Warriors WING, தல ரசிகன் தளபதி தொண்டன்🫶 ,Ajith Kumar Racing Fanclub🏎️(Chemist👨‍🔬, Quality Control🥼⚗️🧪)",1314086899368095745,"Malaysia","Ꮮᴇɢᴇɴᴅᵀⱽᴷ",False,4576
160,"3","2026-01-24T05:13:45.179821Z",1091,31703,4442,"ஐந்து வருஷத்தில் ஐந்தாயிரம் ரூபாய் கொடுத்துவிட்டு எங்க தல மேல 2.5 லட்சம் கடன் சுமையை ஏற்றி இருக்கிறது திமுக அரசு - @annamalai_k

அரசியலில் மக்கள் பிரச்சனையை தரவுகளோடு சாமானிய மக்களுக்கு புரியும்படி பேசுவதற்கு அண்ணாமலையாரை விட்டால் வேற ஆள் இல்லை. 🔥🔥🔥

வைகோ,சீமான், மாதிரி இங்க பிரச்சனைகளைப் பற்றி பேசி உசுப்பேத்த நிறைய அரசியல் தலைவர்கள் இருந்தாங்க இருக்காங்க ஆனால் பிரச்சனையுடன் தீர்வையும் வைத்துக்கொண்டு எதார்த்த அரசியல் செய்ய உங்க அண்ணாமலையார் மட்டும் தான் இருக்காரு 🔥🔥🔥

இனிமேலாவது மத்திய தலைமை நல்ல முடிவுகளை மட்டுமே எடுக்கும் என்ற நம்பிக்கையுடன் வழக்கம்போல் காத்திருக்கும் ஒரு சாதாரண பாஜக ஆதரவாளர். 🙏

#Annamalai #TNWelcomesAmitShah","['Annamalai', 'TNWelcomesAmitShah']",132,True,"No","Yes",False,"ta",81.958,"<a href=""https://x.com/twitter/status/2007842870649356607"" target=""_blank"">Tweet Link</a>","Positive","{""choices"":[""DMK"",""BJP""]}","",False,2,15,421,"No","Johni_raja","","Pro-party","","Anti-party","","",245473,2007842870649356607,"2026-01-24T05:13:45.179919Z","[]","Follower of Guru NAMO Ji,Proud Hindu, Ayyappa Swamy Devotee,Extreme Patriot,Proud Member Of RSS,Def Enthusiast,Anti DMK",90805156,"தொண்டை நாடு/வேலூர், Las Vegas ","Johny Bhai(அண்ணாமலையின் வார் ரூம்)🇮🇳",False,34347
161,"3","2026-01-24T05:16:12.055532Z",1187,4840,565,"இந்தாள் என்னடா படிச்சிருக்கான் ?! 

லேப்டாப்ல Wallpaper மாத்தலான்ற அறிவு கூட தெரியாதா 😆

#தீயசக்தி_திமுக <a href=""https://t.co/y88DJQufSJ"">https://t.co/y88DJQufSJ</a>","['தீயசக்தி_திமுக']",133,False,"No","Yes",False,"ta",145.074,"<a href=""https://x.com/twitter/status/2011833008299573414"" target=""_blank"">Tweet Link</a>","Negative","DMK","",False,4,23,350,"Yes","BossTVK","","","","Anti-party","","",9996,2011833008299573414,"2026-01-24T05:16:12.055561Z","[]","சமூக ஊடக அணி வேலூர் மண்டல இணை ஒருங்கிணைப்பாளர் |
பிறப்பொக்கும் எல்லா உயிர்க்கும் |மதசார்பற்ற சமூகநீதி|
#TVK  | என்றும் தலைவர் விஜய் வழியில்|
அரசியல் பழகு",633760630,"Tamilnadu","BOSS TVK ❤️💛❤️",False,21492
162,"3","2026-01-24T05:17:57.714474Z",785,99593,419,"அண்ணா என்று சொன்னாலே மக்களுக்கு அதிமுக தான் நினைவுக்கு வரும். ஈவேரா என்றால் தான் திமுக நினைவுக்கு வரும். 

எப்படி திமுக காசு போட்டு பராசக்தி படம் எடுத்து அதிமுகவுக்கு ப்ரோமோஷன் செய்யுறாங்கனு தெர்ல!?

@blsanthosh @NainarBJP @KesavaVinayakan <a href=""https://t.co/nptrmUnlba"">https://t.co/nptrmUnlba</a>","[]",134,True,"No","Yes",False,"ta",103.814,"<a href=""https://x.com/twitter/status/2011481425703305480"" target=""_blank"">Tweet Link</a>","Negative","{""choices"":[""DMK"",""ADMK""]}","",False,3,62,215,"Yes","asuvathaman","Pro-party","","","Anti-party","","",8057,2011481425703305480,"2026-01-24T05:17:57.714503Z","[]","State Secretary TN BJP, founder Project TamilAi, founder Integral Humanism Foundation, Partner Ashvathaman Associates, director-ledge & law, Director-DEFFO TECH",428095455,"Tamil Nadu, India","Ashvathaman Allimuthu",False,12092
163,"3","2026-01-24T05:20:42.414943Z",222,82506,146,"மகாகவி சுப்பிரமணிய பாரதியாரின் பிறந்தநாள் நாடு முழுவதும் பாரதிய மொழிகள் தினம் ஆக கொண்டாடப்படும் நிலையில், பள்ளி மற்றும் கல்லூரி மாணவர்களுக்கான மாநில அளவிலான மூன்றாம் பதிப்பு கட்டுரைப் போட்டியின் முடிவுகளை தமிழ்நாடு மக்கள் மாளிகை பெருமையுடன் அறிவிக்கிறது.

இந்திய மொழியியல் பன்முகத்தன்மையை வளர்த்தெடுப்பதன் மூலமும், இளைஞர்களிடையே இந்தியாவின் நீடித்த ஆன்மிகம் மற்றும் கலாசார பாரம்பரியத்தை வளர்த்தெடுப்பதன் மூலமும் மகாகவி பாரதியாரின் எழுச்சியூட்டும் மரபைக் கொண்டாட மக்கள் மாளிகை மேற்கொள்ளும் முயற்சியே இந்த வருடாந்திரப் போட்டியாகும்.

அனைத்து பங்கேற்பாளர்களின் உற்சாகமான பங்கேற்புக்காக மனமார்ந்த வாழ்த்துக்கள் மற்றும் வெற்றியாளர்களுக்கு சிறப்பு பாராட்டுகள்.

#மகாகவிபாரதியார் #பாரதியமொழிகள்தினம் #ஒரேபாரதம்உன்னதபாரதம் #போட்டி #ஆளுநர்ரவி #மக்கள்மாளிகைதமிழ்நாடு","['மகாகவிபாரதியார்', 'பாரதியமொழிகள்தினம்', 'ஒரேபாரதம்உன்னதபாரதம்', 'போட்டி', 'ஆளுநர்ரவி', 'மக்கள்மாளிகைதமிழ்நாடு']",135,True,"No","Yes",False,"ta",162.723,"<a href=""https://x.com/twitter/status/1998747710783193390"" target=""_blank"">Tweet Link</a>","Positive","BJP","",False,1,9,53,"No","lokbhavan_tn","","Pro-party","","","","",6299,1998747710783193390,"2026-01-24T05:20:42.414972Z","[]","Official Twitter Account of Lok Bhavan, Tamil Nadu.",1449331892537348096,"Lok Bhavan, Chennai","LOK BHAVAN, TAMIL NADU",False,2199
164,"3","2026-01-24T05:21:28.603723Z",1567,82506,146,"கார்த்திகை தீபத் திருநாளில், எனது அனைத்து சகோதரிகளுக்கும், சகோதரர்களுக்கும் மனமார்ந்த வாழ்த்துக்கள்.

அருணாசலேஸ்வரரின் தெய்வீக சுடரொளி, இருளை அகற்றி, நம் மனதை ஞானத்தால் ஒளிரச் செய்து, கருணை, நல்லொழுக்கம் மற்றும் ஒற்றுமையின் நீதிசார் பாதையில் நம்மை வழிநடத்தட்டும்.

இந்த பிரகாசமான பண்டிகை ஒவ்வொரு வீட்டிலும் நம்பிக்கையைத் தூண்டட்டும், நமது சமூகத்தில் நல்லிணக்கத்தை வளர்க்கட்டும், புதுப்பிக்கப்பட்ட வலிமை, நல்ல ஆரோக்கியம், நேர்மறை சக்தி ஆகியவற்றை நமக்கு அருளட்டும். அமைதியான மற்றும் வளமான பாரதத்தை கட்டியெழுப்புவதற்கான நமது பொதுவான உறுதிப்பாட்டை ஆழப்படுத்தட்டும்.
#கார்த்திகைதீபம்","['கார்த்திகைதீபம்']",136,True,"No","No",False,"ta",44.399,"<a href=""https://x.com/twitter/status/1995857614958461385"" target=""_blank"">Tweet Link</a>","","","",False,5,31,364,"","lokbhavan_tn","","","","","","",6299,1995857614958461385,"2026-01-24T05:21:28.603757Z","[]","Official Twitter Account of Lok Bhavan, Tamil Nadu.",1449331892537348096,"Lok Bhavan, Chennai","LOK BHAVAN, TAMIL NADU",False,17064
165,"3","2026-01-24T05:22:31.561644Z",1790,1011790,886,"திமுக கொடுத்த தேர்தல் வாக்குறுதிகள் குறித்து, முதலமைச்சர் திரு @mkstalin,  ஒவ்வொரு வாரமும், ஒவ்வொரு சதவீத கணக்கைக் கூறி வருகிறார். ஆனால் பகுதி நேர ஆசிரியர்கள், தங்களுக்குக் கொடுத்த தேர்தல் வாக்குறுதியை அவருக்கு நினைவூட்ட, வாக்குறுதி எண் 181-ஐ, நெற்றியில் எழுதிப் போராடும் நிலைக்குத் தள்ளப்பட்டிருக்கிறார்கள்.

கடந்த 2016 தேர்தலிலேயே, பகுதி நேர ஆசிரியர்களுக்குப் பணி நிரந்தரம் செய்வோம் என்று தேர்தல் வாக்குறுதியாகக் கொடுத்து, அவர்கள் போராட்டத்துக்கு நேரில் சென்று ஆதரவளித்த அப்போது எதிர்க்கட்சியாக இருந்த முதலமைச்சர் திரு @mkstalin,   ஆட்சிக்கு வந்த பிறகு அவர்களை முற்றிலுமாகப் புறக்கணித்து வருகிறார். 

கடந்த ஐந்து ஆண்டுகளாக, 10% வாக்குறுதிகளைக் கூட முழுமையாக நிறைவேற்றாமல், அடுத்த தேர்தலுக்கு வாக்குறுதி அளிக்க, தனது தங்கை தலைமையில் குழு அமைத்திருக்கிறார் முதலமைச்சர் திரு @mkstalin. திமுக தமிழக மக்களை எத்தனை ஏளனமாகப் பார்க்கிறது என்பதற்கு இது ஒரு எடுத்துக்காட்டு. 

திமுகவின் நம்பிக்கை மோசடிக்கு, 2026 தேர்தலில் தமிழக மக்கள் உரிய பதிலடி கொடுப்பார்கள்.","[]",137,True,"No","Yes",False,"ta",61.202,"<a href=""https://x.com/twitter/status/2009896628631810402"" target=""_blank"">Tweet Link</a>","Negative","DMK","",False,6,24,692,"No","annamalai_k","","","","Anti-party","","",18286,2009896628631810402,"2026-01-24T05:22:31.561670Z","[]","அறம் செய்ய விரும்பு. BJP Karyakartha.",61121030,"India","K.Annamalai",False,20515
166,"3","2026-01-24T05:29:21.312326Z",1628,99593,419,"Dear @RahulGandhi,

In the 2026 Tamil Nadu election campaign, please don’t disappear to Thailand, Bangkok, or England.
Do come to Tamil Nadu and campaign — it will greatly help ensure a BJP–NDA victory.

@narendramodi @AmitShah @rajnathsingh @nsitharaman @AshwiniVaishnaw

@blsanthosh @MenonArvindBJP @ReddySudhakar21 @NainarBJP @KesavaVinayakan @annamalai_k","[]",138,True,"No","Yes",False,"en",407.983,"<a href=""https://x.com/twitter/status/1989946440018526413"" target=""_blank"">Tweet Link</a>","Positive","{""choices"":[""BJP"",""Congress""]}","",False,12,108,330,"Yes","asuvathaman","","Pro-party","Anti-party","","","",8057,1989946440018526413,"2026-01-24T05:29:21.312356Z","[]","State Secretary TN BJP, founder Project TamilAi, founder Integral Humanism Foundation, Partner Ashvathaman Associates, director-ledge & law, Director-DEFFO TECH",428095455,"Tamil Nadu, India","Ashvathaman Allimuthu",False,29328
167,"3","2026-01-24T05:30:41.011539Z",146,82506,146,"On the eve of Mahakavi Subramania Bharathiar’s birth anniversary, celebrated nationwide as Bharatiya Bhasha Diwas, Lok Bhavan, Tamil Nadu, proudly announces the results of the third edition of the State-Level Essay Competition for school and college students.

This annual competition is Lok Bhavan’s initiative to celebrate Mahakavi Bharathiar’s inspiring legacy by fostering India’s linguistic diversity and nurturing India’s enduring spiritual and cultural heritage among the youth.

Heartiest congratulations to all participants for their enthusiastic participation and special congratulations to the winners. 

#MahakaviBharathiar #BharatiyaBhashaDiwas #EkBharatShreshtaBharat #Competition #GovernorRavi #LokBhavanTN","['MahakaviBharathiar', 'BharatiyaBhashaDiwas', 'EkBharatShreshtaBharat', 'Competition', 'GovernorRavi', 'LokBhavanTN']",139,True,"No","Yes",False,"en",77.911,"<a href=""https://x.com/twitter/status/1998747757906112837"" target=""_blank"">Tweet Link</a>","Positive","BJP","",False,0,2,41,"No","lokbhavan_tn","","Pro-party","","","","",6299,1998747757906112837,"2026-01-24T05:30:41.011563Z","[]","Official Twitter Account of Lok Bhavan, Tamil Nadu.",1449331892537348096,"Lok Bhavan, Chennai","LOK BHAVAN, TAMIL NADU",False,2287
168,"3","2026-01-24T05:32:30.738221Z",1005,1930,106,"திருவல்லிக்கேணி நடுக்குப்பம்  பகுதி யில் மீனவர் அணி சார்பில் தவெக கோலம். @BussyAnand @Chepauktvk_offl @TVKVijayHQ <a href=""https://t.co/m4x2k1sDZY"">https://t.co/m4x2k1sDZY</a>","[]",140,False,"No","Yes",False,"ta",107.828,"<a href=""https://x.com/twitter/status/2011838255034220582"" target=""_blank"">Tweet Link</a>","Positive","TVK","",False,0,1,166,"No","rkdiliptvk","","","","","","Pro-party",1039,2011838255034220582,"2026-01-24T05:32:30.738242Z","[]","வழக்கறிஞர் R.திலீப்குமார் 
மாவட்டக் கழகச் செயலாளர்
சென்னை மத்திய தெற்கு தமிழக வெற்றிக் கழகம்.சேப்பாக்கம் திருவல்லிக்கேணி தொகுதி.",1510509374183075841,"","Chepaukdilip tvk",False,7258
169,"3","2026-01-24T05:33:08.297631Z",303,72496,9,"விஜய் அவர்கள் 70 வயதில் நடிப்பதை விட்டுவிட்டு வரவில்லை PEAK-ல இருக்கும்போது வந்திருக்கார்.. அதுவும் இனிமே நடிக்க மாட்டேன்னு வந்திருக்கார்..

இவரை மாதிரி யாரும் வந்ததில்லை.. <a href=""https://t.co/7Nm0IgnV7i"">https://t.co/7Nm0IgnV7i</a>","[]",141,True,"No","No",False,"ta",35.339,"<a href=""https://x.com/twitter/status/2011825365212414182"" target=""_blank"">Tweet Link</a>","","","",False,1,5,90,"","TVK_WORLD","","","","","","",8047,2011825365212414182,"2026-01-24T05:33:08.297649Z","[]","#தமிழகவெற்றிக்கழகம்  maintaining by @official_Tvmp Team | Admin - @Eniyavan_offi26",875024842814242816,"India","TVK WORLD",False,3175
170,"3","2026-01-24T05:35:09.648446Z",1069,2475,1835,"வர வர Debate லாம் பார்த்தா 
DMK Ruling party ahh!! இல்ல TVK Ruling party ahh Nae தெரியலையே பா !! 🤔... வெறும் TVK மட்டும் கெத்தா DMK kuu opposition Voice கொடுக்குது மத்ததெல்லாம் TVK vae பார்த்து தொகுருது, நடுங்குது 🔥💪💥 இனிமே இப்படிதான் எங்கள சுத்தி தான் இங்க அரசியலே 
இயங்கணும் 💯
#TVKVijay #TVKForTN #தமிழகவெற்றிக்கழகம்","['TVKVijay', 'TVKForTN', 'தமிழகவெற்றிக்கழகம்']",142,False,"No","Yes",False,"ta",119.673,"<a href=""https://x.com/twitter/status/2011786216652620151"" target=""_blank"">Tweet Link</a>","Positive","{""choices"":[""DMK"",""TVK""]}","",False,1,11,296,"Yes","Thanigaronald","","","","Anti-party","","Pro-party",22250,2011786216652620151,"2026-01-24T05:35:09.648466Z","[]","Thalapathy Fan🤩 
TVK Virtual Warrior|வடசென்னை வடக்கு மாவட்ட தகவல் தொழில்நுட்ப அணி இணை ஒருங்கிணைப்பாளர் 🙎
பிறப்பொக்கும் எல்லா 
உயிர்க்கும்❤️💛",2864466552,"Tamil Nadu, India","𝐓𝐯𝐤_𝐓𝖍𝖆𝖓𝖎𝖌𝖆",False,22757
171,"3","2026-01-24T05:36:32.934861Z",83295,106079264,2681,"Glad to see increased participation by our youth in events like Ironman 70.3 which was held in Goa today. Such events contribute towards #FitIndia movement. Congratulations to everyone who took part. Delighted that two of our young Party colleagues, Annamalai and Tejasvi Surya are among those who have successfully completed the Ironman Triathlon.

@annamalai_k 

@Tejasvi_Surya","['FitIndia']",143,True,"No","Yes",False,"en",81.474,"<a href=""https://x.com/twitter/status/1987540095868829886"" target=""_blank"">Tweet Link</a>","Positive","BJP","",False,312,2048,10494,"No","narendramodi","","Pro-party","","","","",49297,1987540095868829886,"2026-01-24T05:36:32.934885Z","[]","Prime Minister of India",18839785,"India","Narendra Modi",False,5071961
172,"3","2026-01-24T05:39:26.362249Z",814,82506,146,"‘ஆளுநர் மாளிகை, தமிழ்நாடு’ என்பது ‘மக்கள் மாளிகை, தமிழ்நாடு' எனப் பெயர் மாற்றம்.
செய்தி வெளியீடு எண்: 43

#செய்திவெளியீடு #மக்கள்மாளிகை #ஆளுநர்ரவி <a href=""https://t.co/J9wdDXVtqn"">https://t.co/J9wdDXVtqn</a>","['செய்திவெளியீடு', 'மக்கள்மாளிகை', 'ஆளுநர்ரவி']",144,True,"No","Yes",False,"ta",170.532,"<a href=""https://x.com/twitter/status/1995437493903372417"" target=""_blank"">Tweet Link</a>","Positive","BJP","",False,16,58,256,"No","lokbhavan_tn","","Pro-party","","","","",6299,1995437493903372417,"2026-01-24T05:39:26.362275Z","[]","Official Twitter Account of Lok Bhavan, Tamil Nadu.",1449331892537348096,"Lok Bhavan, Chennai","LOK BHAVAN, TAMIL NADU",False,14042
173,"3","2026-01-24T05:43:55.799196Z",136,31408,9,"ஸ்டாலின் ஆட்சிக்கு வந்தால் தமிழ்நாடு இனி தாங்காது என்று உண்மையை உரக்கச் சொல்லும் சாமானியர்! <a href=""https://t.co/XRCVOUeRix"">https://t.co/XRCVOUeRix</a>","[]",145,True,"No","Yes",False,"ta",267.512,"<a href=""https://x.com/twitter/status/2005119013668749690"" target=""_blank"">Tweet Link</a>","Negative","DMK","",False,2,0,82,"Yes","EnMannEnMakkal","","","","Anti-party","","",6153,2005119013668749690,"2026-01-24T05:43:55.799216Z","[]","My Land, My People | Official Handle of Thalaivar Thiru K Annamalai’s Yatra | Come, let us ignite a political revolution in Tamil Nadu! | #VendumMeendumModi",1627576116616765442,"Tamilnadu","En Mann En Makkal",False,1320
174,"3","2026-01-24T05:45:03.414385Z",154,82506,146,"ஆளுநர் ரவி அவர்கள், பாரதியார் மண்டபத்தில் நடைபெற்ற பாரதிய மொழிகள் தின கொண்டாட்டங்களில் உரையாற்றியபோது, பாரத மொழிகள் எவ்வாறு பாரதத்தை ஒரே தேசமாக வளப்படுத்தியுள்ளன என்பதை அடிக்கோடிட்டுக் காட்டினார். ஆயிரக்கணக்கான ஆண்டுகளாக இந்த மொழிகள் ஒன்றுக்கொன்று தொடர்பைக்கொண்டும், வளப்படுத்தியும், நமது நாகரிக பாரம்பரியத்தை தடையின்றி இணைத்து ஆழப்படுத்தி வருகின்றன என்று அவர் குறிப்பிட்டார்.

நமது சுயத்தையும் அடையாளத்தையும் அழிக்கும் நோக்கில், பிரிட்டிஷ் காலனித்துவ ஆட்சி நமது மொழிகளை இடைவிடாமல் இலக்கு வைத்தது—அவற்றை வெறும் ""வட்டார மொழிகள்"", அதாவது அடிமைகளின் பேச்சு என்று இழிவுபடுத்தியது. மகாகவி பாரதியார் போன்ற மாபெரும் ஆளுமைகள் இத்தகைய முயற்சிகளை எதிர்த்து உறுதியாக நின்று, பாரத மொழிகளின் பெருமையை நிலைநிறுத்திப் பேணிக்காத்தனர்.

துரதிருஷ்டவசமாக, சுதந்திரத்துக்குப் பிறகு பிற்போக்குத்தனமான அரசியல், போலி தடங்கல்களை ஏற்படுத்தி, பல நூற்றாண்டுகளாக நமது சமூகங்களை இணைத்து வந்த மொழிகளைத் தவறாகப் பயன்படுத்தி, நமது அற்புதமான மொழி பன்முகத்தன்மையை பிளவுகளாக மாற்றியது. பிரதமர் திரு @narendramodi அவர்களின் பாரதிய மொழிகள் தினத்தைக் கொண்டாடும் முன்முயற்சி, மொழிகளின் உண்மையான பிணைப்புப் பாத்திரத்தை மீட்டெடுத்திருக்கிறது—இது புதிய பாரதத்தின் தேசிய உணர்வையும் நாகரிக பெருமையையும் புத்துயிர் பெறச் செய்கிறது.

நாம் 'வேற்றுமையில் ஒற்றுமை' என அழைப்பது, உண்மையில் ஒரே ஒருமையின் பல்வேறு வெளிப்பாடுகளே என்று ஆளுநர் ரவி குறிப்பிட்டார். மெக்காலேயின் 1835 ஆம் ஆண்டு மொழி ஏகாதிபத்திய திட்டத்தின் இரு நூற்றாண்டுகள் நிறைவடையும் 2035-ஆம் ஆண்டுக்குள் நமது மொழி மனப்பான்மையை முழுமையாக காலனித்துவமற்றதாக்கி, ஒவ்வொரு பாரத மொழியையும் ஒரே தேசிய ஒற்றுமையின் ஒளிரும் வெளிப்பாடாக மீட்டெடுக்கும் ஒரு உறுதியான பத்தாண்டு கால முயற்சிக்கு ஆளுநர் அழைப்பு விடுத்தார்.","[]",146,True,"No","Yes",False,"ta",65.641,"<a href=""https://x.com/twitter/status/1999154715968569412"" target=""_blank"">Tweet Link</a>","Positive","BJP","",False,1,2,39,"No","lokbhavan_tn","","Pro-party","","","","",6299,1999154715968569412,"2026-01-24T05:45:03.414417Z","[]","Official Twitter Account of Lok Bhavan, Tamil Nadu.",1449331892537348096,"Lok Bhavan, Chennai","LOK BHAVAN, TAMIL NADU",False,2180
175,"3","2026-01-24T05:46:17.685038Z",20461,1011790,886,"Attending a private school event in Gudalur, Tamil Nadu, Thiru @RahulGandhi avl said education should not be extremely expensive and should not be privatised (a moment later, he course-corrected upon realising the setting was a private institution, not a party platform). 

A self-goal of sorts; delivering sermons against privatisation from a private school stage, in a state where the ruling DMK’s own leaders run and profit from a flourishing network of private educational institutions.","[]",147,True,"No","Yes",False,"en",72.288,"<a href=""https://x.com/twitter/status/2011083867990691902"" target=""_blank"">Tweet Link</a>","Negative","{""choices"":[""DMK"",""Congress""]}","",False,106,415,5371,"Yes","annamalai_k","","","Anti-party","Neutral","","",18286,2011083867990691902,"2026-01-24T05:46:17.685061Z","[]","அறம் செய்ய விரும்பு. BJP Karyakartha.",61121030,"India","K.Annamalai",False,453757
176,"3","2026-01-24T05:47:47.523954Z",318,31703,4442,"ஸ்டாலின் தலைமையிலான இந்து விரோத திமுக அரசை கிழித்து தொங்கவிட்ட சென்னை உயர்நீதிமன்ற நீதிபதிகள் 🔥🔥🔥🔥

சென்னை உயர்நீதிமன்றம் மதுரை கிளை திருப்பரங்குன்றம் பிரச்சனையில் திமுக தேவையில்லாமல் உள்நோக்கத்துடன் அரசியல் ஆதாயம் தேடுகிறது என்று சொல்லி தமிழக அரசு சென்னை உயர் நீதிமன்ற மதுரை கிளை தனி நீதிபதி ஜி ஆர் சுவாமிநாதன் அவர்கள் பிறப்பித்த உத்தரவுக்கு எதிராக பாப்பிள்ஸ் செய்யப்பட்ட மனுவை நிராகரித்துள்ளது. மேலும் தீபத்தோன் எந்த களுக்கு தான் சொந்தம் என்று திட்டவட்டமாக தீர்ப்பளித்துள்ளது. 🔥🔥🔥

 இந்தத் தீர்ப்பை கொண்டாடிய திருப்பரங்குன்றம் மக்கள் அங்கு பாதுகாப்பில் ஈடுபடுத்தப்பட்டிருக்கும் தமிழக காவல்துறையின் காவலர்களுக்கு இனிப்புகளை வழங்கினர். 🔥🔥🔥

 திருப்பரங்குன்றம் மலை இந்துக்களுக்கே என்று மீண்டும் உறுதி செய்திருக்கிறது இந்த வரலாற்று சிறப்புமிக்க சென்னை உயர்நீதிமன்ற தீர்ப்பு 🧡🧡🧡 

@annamalai_k #Annamalai","['Annamalai']",148,True,"No","Yes",False,"ta",87.943,"<a href=""https://x.com/twitter/status/2008469286520754302"" target=""_blank"">Tweet Link</a>","Positive","{""choices"":[""DMK"",""BJP""]}","",False,2,9,101,"No","Johni_raja","","Pro-party","","Anti-party","","",245473,2008469286520754302,"2026-01-24T05:47:47.523982Z","[]","Follower of Guru NAMO Ji,Proud Hindu, Ayyappa Swamy Devotee,Extreme Patriot,Proud Member Of RSS,Def Enthusiast,Anti DMK",90805156,"தொண்டை நாடு/வேலூர், Las Vegas ","Johny Bhai(அண்ணாமலையின் வார் ரூம்)🇮🇳",False,3857
177,"3","2026-01-24T05:48:21.213814Z",82140,106079264,2681,"A memorable day in Tamil Nadu, dedicated to the great Chola culture! Here are the highlights… <a href=""https://t.co/p0HTrKbDaA"">https://t.co/p0HTrKbDaA</a>","[]",149,True,"No","No",False,"en",32.082,"<a href=""https://x.com/twitter/status/1949499746642534824"" target=""_blank"">Tweet Link</a>","","","",False,226,2581,12859,"","narendramodi","","","","","","",49297,1949499746642534824,"2026-01-24T05:48:21.213844Z","[]","Prime Minister of India",18839785,"India","Narendra Modi",False,2403346
178,"3","2026-01-24T05:49:20.539438Z",314,31408,9,"பக்தர்களின் கோரிக்கைகளை புறக்கணித்து மத அரசியல் செய்வதே திமுக அரசின் நோக்கமா? <a href=""https://t.co/zypJrlWmty"">https://t.co/zypJrlWmty</a>","[]",150,True,"No","Yes",False,"ta",57.664,"<a href=""https://x.com/twitter/status/1997222077091533071"" target=""_blank"">Tweet Link</a>","Negative","DMK","",False,2,5,112,"Yes","EnMannEnMakkal","","","","Anti-party","","",6153,1997222077091533071,"2026-01-24T05:49:20.539463Z","[]","My Land, My People | Official Handle of Thalaivar Thiru K Annamalai’s Yatra | Come, let us ignite a political revolution in Tamil Nadu! | #VendumMeendumModi",1627576116616765442,"Tamilnadu","En Mann En Makkal",False,2506
179,"3","2026-01-24T05:50:22.651141Z",563,99593,419,"Why we, the people of Tamil Nadu, love @narendramodi ji unconditionally…

@narendramodi @AmitShah
@rajnathsingh @myogiadityanath @AshwiniVaishnaw @nsitharaman 
@JPNadda @NitinNabin @blsanthosh @MenonArvindBJP @ReddySudhakar21 @NainarBJP @KesavaVinayakan @annamalai_k <a href=""https://t.co/0Jg8vLOVMi"">https://t.co/0Jg8vLOVMi</a>","[]",151,True,"No","Yes",False,"en",60.278,"<a href=""https://x.com/twitter/status/2012013658759708728"" target=""_blank"">Tweet Link</a>","Positive","BJP","",False,4,11,166,"No","asuvathaman","","Pro-party","","","","",8057,2012013658759708728,"2026-01-24T05:50:22.651162Z","[]","State Secretary TN BJP, founder Project TamilAi, founder Integral Humanism Foundation, Partner Ashvathaman Associates, director-ledge & law, Director-DEFFO TECH",428095455,"Tamil Nadu, India","Ashvathaman Allimuthu",False,3735
180,"3","2026-01-24T05:52:06.383805Z",3146,1011790,886,"தமிழகத்தில் திமுக ஆட்சிக்கு வந்து ஐந்து ஆண்டுகள் முடிவடையும் நிலையில், தனது அரசு எத்தனை வாக்குறுதிகளை நிறைவேற்றியிருக்கிறது என்பதே முதலமைச்சர் திரு @mkstalin அவர்களுக்கு தெரியவில்லை. யார் எதை எழுதிக் கொடுத்தாலும், அதை மேடையில் வாசிப்பது மட்டுமே அவரது வேலையாக இருக்கிறது.

கடந்த 2023 செப்டம்பரில், 99% வாக்குறுதிகள் நிறைவேற்றப்பட்டதாக கூறினார். கடந்த வாரம், அது 72% ஆனது.  இன்று, 80% வாக்குறுதிகள் நிறைவேற்றியுள்ளோம் எனக் கூறுகிறார். இது முழுக்க முழுக்க, மக்களை ஏமாற்றும் நாடகம்.

போலியான வாக்குறுதிகளால் மீண்டும் தமிழக மக்களை ஏமாற்றலாம் என்ற திமுகவின் கனவு, ஒருபோதும் பலிக்காது.","[]",152,True,"No","Yes",False,"ta",102.051,"<a href=""https://x.com/twitter/status/2009567940526686410"" target=""_blank"">Tweet Link</a>","Negative","DMK","",False,27,122,1387,"Yes","annamalai_k","","","","Anti-party","","",18286,2009567940526686410,"2026-01-24T05:52:06.383826Z","[]","அறம் செய்ய விரும்பு. BJP Karyakartha.",61121030,"India","K.Annamalai",False,50970
181,"3","2026-01-24T05:52:45.310364Z",169,82506,146,"#கடற்படைதினத்தில் அனைத்து இந்திய கடற்படை வீரர்களுக்கும் அவர்களது குடும்பத்தினருக்கும் மனமார்ந்த வாழ்த்துக்கள்!

அசாதாரண துணிச்சல், கண்காணிப்பு மற்றும் தொழில்முறை செயல்பாடுகள் மூலம் இந்திய கடற்படை நமது கடல்சார் எல்லைகளையும் தேசிய நலன்களையும் பாதுகாக்கிறது. சுயசார்பு பாரதத்தின் உணர்வால் வழிநடத்தப்படும் நமது கடற்படை உள்நாட்டுமயமாக்கல் மற்றும் நவீனமயமாக்கலைத் தொடர்ந்து கடைப்பிடித்து வருகிறது. இந்தியாவின் கடல்சார் திறனை வலுப்படுத்தி பாதுகாப்பு கட்டமைப்பை மேம்படுத்துகிறது.

முக்கியமான கடல் பாதைகளை காவல் காப்பது மற்றும் கடல்சார் சொத்துக்களைப் பாதுகாப்பது முதல் பேரிடர் நிவாரணம் மற்றும் பிராந்திய ஒத்துழைப்பை வழிநடத்துவது வரை, இந்திய கடற்படை ஒழுக்கம், இரக்கம் மற்றும் தேசிய உறுதிப்பாட்டின் திடமான அடையாளமாக விளங்கி, கடல்சார் பாதுகாப்பை உறுதி செய்கிறது, பொறுப்புடைமையுடன் இந்திய-பசிஃபிக் ஆளுமையாக இந்தியாவின் பங்களிப்பை வலுப்படுத்துகிறது.

தேசத்துக்காக உச்சபட்ச தியாகம் புரிந்த துணிச்சலான வீரர்களுக்கு இந்நாளில் பணிவுடன் அஞ்சலி செலுத்துகிறோம்.

@IndianNavy @IN_HQENC @IN_HQTNP","['கடற்படைதினத்தில்']",153,True,"No","No",False,"ta",37.048,"<a href=""https://x.com/twitter/status/1996441938338394464"" target=""_blank"">Tweet Link</a>","","","",False,0,3,39,"","lokbhavan_tn","","","","","","",6299,1996441938338394464,"2026-01-24T05:52:45.310383Z","[]","Official Twitter Account of Lok Bhavan, Tamil Nadu.",1449331892537348096,"Lok Bhavan, Chennai","LOK BHAVAN, TAMIL NADU",False,1682
182,"3","2026-01-24T05:54:06.239467Z",12221,1011790,886,"A common citizen has every right to question the Member of Parliament of his constituency on what tangible contributions have been made, beyond empty political rhetoric.

Why should such a basic, democratic question invite intimidation? This is not a question limited to the Karur MP alone. For the past six years, MPs of the I.N.D.I. Alliance have remained in a deep slumber. 

When questions are met with fists & intimidation rather than facts, it is a clear admission of failure.","[]",154,True,"No","Yes",False,"en",79.399,"<a href=""https://x.com/twitter/status/2008782156982874285"" target=""_blank"">Tweet Link</a>","Negative","DMK","",False,45,173,4011,"No","annamalai_k","","","","Anti-party","","",18286,2008782156982874285,"2026-01-24T05:54:06.239490Z","[]","அறம் செய்ய விரும்பு. BJP Karyakartha.",61121030,"India","K.Annamalai",False,285848
183,"3","2026-01-24T05:55:08.177815Z",837,31703,4442,"மதுரையாக இருந்தாலும் சரி புதுக்கோட்டையாக இருந்தாலும் சரி தமிழகத்தில் எந்த பகுதியாக இருந்தாலும் சரி அண்ணாமலை என்ற பெயரை சொன்னாலே மாஸ் தான் 🔥🔥🔥

@annamalai_k
#TNWelcomesAmitsha #Annamalai <a href=""https://t.co/UvNLWIvbQs"">https://t.co/UvNLWIvbQs</a>","['TNWelcomesAmitsha', 'Annamalai']",155,True,"No","Yes",False,"ta",60.231,"<a href=""https://x.com/twitter/status/2007926524029395039"" target=""_blank"">Tweet Link</a>","Positive","BJP","",False,1,11,207,"No","Johni_raja","","Pro-party","","","","",245473,2007926524029395039,"2026-01-24T05:55:08.177843Z","[]","Follower of Guru NAMO Ji,Proud Hindu, Ayyappa Swamy Devotee,Extreme Patriot,Proud Member Of RSS,Def Enthusiast,Anti DMK",90805156,"தொண்டை நாடு/வேலூர், Las Vegas ","Johny Bhai(அண்ணாமலையின் வார் ரூம்)🇮🇳",False,7209
184,"3","2026-01-24T05:57:49.593331Z",184,31703,4442,"உங்களுக்கு பாஜக கோவில்களை அரசு பிடியிலிருந்து விடுவிக்கும் விஷயத்தில் பாஜகவை விமர்சனம் செய்ய வேண்டும் என்றால் அதை தாராளமாக செய்யுங்கள் ஆனால் இந்த அரசியலில் மதம் கலக்க வேண்டாம் என்ற வெங்காயத்தைச் எல்லாம் வேண்டாம். 😡😡😡

60 ஆண்டு காலமாக திராவிட கட்சிகள் இதை தான் செய்து கொண்டிருக்கிறது. மற்ற மதங்கள் மட்டும் அரசியல் படுத்தப்பட்டு வாக்கு வங்கிகளாக உருவாகி இங்கு ஆட்சியாளர்களை ஆட்டி  படைக்கும்பொழுது இந்துக்கள் மட்டும் கையாலாகாதவர்களாக அவர்களின் அடிப்படை உரிமைகளுக்கு பிச்சை எடுத்துட்டு இருக்காங்க. 😡😡😡

தமிழகத்தை தவிர இந்தியாவில் உள்ள அனைத்து மாநிலங்களும் தங்கள் மதத்திற்காக ஒன்றிணை ஆரம்பித்து விட்டார்கள் அதன் எதிரொலி தான் கேரளா வரைக்கும் நடந்து முடிந்த தேர்தலில் ஒலித்துக் கொண்டிருக்கிறது. எனக்கு மோடிஜி மீது மிகுந்த நம்பிக்கை இருக்கு கோவில்களை அரசு கட்டுப்பாட்டில் இருந்து விடுவிக்க சரியான நேரத்தில் முடிவெடுப்பார் என்று.

#இந்துஒற்றுமை #HinduUnity #Vivekananda @annamalai_k #Annamalai","['இந்துஒற்றுமை', 'HinduUnity', 'Vivekananda', 'Annamalai']",156,True,"No","Yes",False,"ta",159.809,"<a href=""https://x.com/twitter/status/2005161860191092954"" target=""_blank"">Tweet Link</a>","Negative","{""choices"":[""DMK"",""BJP""]}","",False,4,8,40,"No","Johni_raja","","Pro-party","","Anti-party","","",245473,2005161860191092954,"2026-01-24T05:57:49.593355Z","[]","Follower of Guru NAMO Ji,Proud Hindu, Ayyappa Swamy Devotee,Extreme Patriot,Proud Member Of RSS,Def Enthusiast,Anti DMK",90805156,"தொண்டை நாடு/வேலூர், Las Vegas ","Johny Bhai(அண்ணாமலையின் வார் ரூம்)🇮🇳",False,8969
185,"3","2026-01-24T07:08:29.314492Z",511,4840,565,"கம்ப்யூட்டர் சாம்பிராணி திமுக 😆

@Ibrahim_0369 👌👌

#தீயசக்திதிமுக #DmkFailesTN <a href=""https://t.co/QMzxkQxr6D"">https://t.co/QMzxkQxr6D</a>","['தீயசக்திதிமுக', 'DmkFailesTN']",157,False,"No","Yes",False,"ta",4238.142,"<a href=""https://x.com/twitter/status/2011813792183959742"" target=""_blank"">Tweet Link</a>","Negative","DMK","",False,0,1,218,"Yes","BossTVK","","","","Anti-party","","",9996,2011813792183959742,"2026-01-24T07:08:29.314512Z","[]","சமூக ஊடக அணி வேலூர் மண்டல இணை ஒருங்கிணைப்பாளர் |
பிறப்பொக்கும் எல்லா உயிர்க்கும் |மதசார்பற்ற சமூகநீதி|
#TVK  | என்றும் தலைவர் விஜய் வழியில்|
அரசியல் பழகு",633760630,"Tamilnadu","BOSS TVK ❤️💛❤️",False,4558
186,"3","2026-01-24T07:09:44.063826Z",184,82506,146,"நாகாலாந்து மற்றும் அஸ்ஸாம் மாநிலங்கள் உருவான தினத்தை தமிழ்நாட்டில் வசிக்கும் இரு மாநில மக்களின் துடிப்பான பங்கேற்புடன் மக்கள் மாளிகை கொண்டாடியது. நாகாலாந்து மற்றும் அஸ்ஸாமின் வளமான பழங்குடி நடனங்களை வெளிப்படுத்தும் அற்புதமான கலாசார நிகழ்ச்சிகளால் இக்கொண்டாட்டம் சிறப்புற்றது.

ஆளுநர் ரவி அவர்கள் தனது உரையில், மாநிலங்கள் உருவான தின கொண்டாட்டம் எந்தவொரு குறிப்பிட்ட மாநில மக்களுக்கும் மட்டுமல்ல என்றும், பாரதத்தின் அசாதாரண பன்முகத்தன்மையின் துடிப்பான கொண்டாட்டமாகும் என்றும் வலியுறுத்தினார். மகாபுருஷர் ஸ்ரீமந்த சங்கரதேவ், டாக்டர் பூபன் ஹசாரிகா ஆகியோரின் நாகரிக மரபை விவரித்த அவர், நீடித்த பிரம்மபுத்ரா-காவிரி கலாசாரம் மற்றும் நாகரிக தொடர்பு குறித்தும் தமது உரையில்  பிரதிபலித்து இதுவே ஒரே பாரதம் உன்னத பாரதம் என்ற உணர்வில் நங்கூரமிட்டுள்ளதாக குறிப்பிட்டார்.

மக்கள் மாளிகை, தமிழ்நாட்டுக்கு வெளியே தமிழை ஊக்குவிக்க கொண்டுள்ள நோக்கத்தின் ஒரு பகுதியாக, குவாஹட்டி பல்கலைக்கழகத்தில் தமிழ் பட்டய படிப்புகள் மூலம் வடகிழக்கு மாணவர்கள் ஆர்வத்துடன் தமிழைக் கற்று வருகின்றனர் என்பதையும் ஆளுநர் எடுத்துரைத்தார்.

ஆளுநர் ரவி அவர்கள், சிறந்து விளங்கும் மக்கள் மற்றும் கலைஞர்களை அவர்களின் கண்கவர் நிகழ்ச்சிகளுக்காக சிறப்பித்தார்.
#நாகாலாந்து #அஸ்ஸாம் #ஒரேபாரதம்உன்னதபாரதம்","['நாகாலாந்து', 'அஸ்ஸாம்', 'ஒரேபாரதம்உன்னதபாரதம்']",158,True,"No","Yes",False,"ta",72.888,"<a href=""https://x.com/twitter/status/1995548120961433861"" target=""_blank"">Tweet Link</a>","Positive","BJP","",False,0,8,40,"No","lokbhavan_tn","","Pro-party","","","","",6299,1995548120961433861,"2026-01-24T07:09:44.063848Z","[]","Official Twitter Account of Lok Bhavan, Tamil Nadu.",1449331892537348096,"Lok Bhavan, Chennai","LOK BHAVAN, TAMIL NADU",False,1634
187,"3","2026-01-24T07:10:51.973828Z",4628,1011790,886,"Tamil Nadu has been gripped by an alarming surge of violence over the past five years, coinciding with the DMK’s return to power in the State.

Now, the DMK appears determined to push this culture of lawlessness to an even more dangerous level. The arrest of DMK Youth Wing functionary Rathina Balan and his accomplice Aamer Suhail for attempting to sell firearms through social media is a chilling reminder of how deep the rot has set in.

From rowdy elements, ganja peddlers and international drug traffickers to illegal gun runners, the DMK has increasingly turned into a safe haven for every unlawful element plaguing our society.","[]",159,True,"No","Yes",False,"en",65.505,"<a href=""https://x.com/twitter/status/2011376257309749607"" target=""_blank"">Tweet Link</a>","Negative","DMK","",False,17,40,1436,"No","annamalai_k","","","","Anti-party","","",18286,2011376257309749607,"2026-01-24T07:10:51.973851Z","[]","அறம் செய்ய விரும்பு. BJP Karyakartha.",61121030,"India","K.Annamalai",False,104146
188,"3","2026-01-24T07:11:55.522008Z",3306,1011790,886,"The wounds from the brutal attack on Suraj have not yet healed, and even before the conscience of the state could recover, Thiruttani witnessed yet another act of senseless violence yesterday. A local businessman, Jamal, was attacked by a group without provocation or cause.

This is no longer an isolated incident, it has become a disturbing pattern in TN over the past few years. Lawlessness is being normalised, criminal elements are encouraged, and ordinary citizens are left to defend themselves. Under the DMK’s watch, public safety has collapsed.

How many more Surajs and Jamals must suffer before the DMK acknowledges its complete failure in maintaining law and order?","[]",160,True,"No","Yes",False,"en",61.766,"<a href=""https://x.com/twitter/status/2006240021721014482"" target=""_blank"">Tweet Link</a>","Negative","DMK","",False,48,114,1447,"No","annamalai_k","","","","Anti-party","","",18286,2006240021721014482,"2026-01-24T07:11:55.522036Z","[]","அறம் செய்ய விரும்பு. BJP Karyakartha.",61121030,"India","K.Annamalai",False,64036
189,"3","2026-01-24T07:13:04.991019Z",892,14771,145,"திமுக வேட்டி கட்டும் போது பொட்டு வைக்காதீங்க - திமுக எம்.பி. ஆ. ராசா <a href=""https://t.co/kQ93rxKGHX"">https://t.co/kQ93rxKGHX</a>","[]",161,True,"No","Yes",False,"ta",67.491,"<a href=""https://x.com/twitter/status/1907273670541676592"" target=""_blank"">Tweet Link</a>","Negative","DMK","",False,9,8,397,"Yes","jegantoons","","","","Anti-party","","",1096,1907273670541676592,"2026-01-24T07:13:04.991045Z","[]","🇮🇳 Cartoonist, Mechanical Engineering😎",3614324658,"kanyakumari","Jegan",False,11152
190,"3","2026-01-24T07:18:05.634688Z",2336,1536,757,"ஒரு பக்கம் bhai Dmk va Bjp ah பொளக்குறாரு.. 🔥😂👌

இன்னொரு பக்கம் நம்ப @LoyolaMani அண்ணே Dmk va Admk பொளக்குறாரு... 😂🔥👌

இன்னைக்கு Day தெரிக்குது போங்க... 🔥🔥

#தமிழகவெற்றிக்கழகம்‌
@TVKVijayHQ
#TVKForTN <a href=""https://t.co/cl3eKhf8Fb"">https://t.co/cl3eKhf8Fb</a>","['தமிழகவெற்றிக்கழகம்\u200c', 'TVKForTN']",162,False,"No","Yes",False,"ta",298.976,"<a href=""https://x.com/twitter/status/2011819758329675902"" target=""_blank"">Tweet Link</a>","Neutral","{""choices"":[""DMK"",""ADMK"",""TVK"",""BJP""]}","",False,1,2,627,"Yes","itz_Koduva_OG25","Anti-party","Anti-party","","Anti-party","","Pro-party",26758,2011819758329675902,"2026-01-24T07:18:05.634710Z","[]","#TVK @TVKVijayHQ....யின் போர்வீரன்.🤺🤺🤺 இனிமே தான் 🔥 ஆட்டமே ஆரம்பம்🔥 60K Id suspend ) New backup ID @Jd_Ranjith_Tvk",1562640927344037888,"Klang Valley (Selangor)","K o d u v a :)",False,24548
191,"3","2026-01-24T07:20:22.607151Z",178,82506,146,"ஆளுநர் திரு. ஆர்.என். ரவி அவர்கள், சென்னையில் நடைபெற்ற ஸ்ரீ கிருஷ்ண கான சபையின் நாம சங்கீர்த்தன வெள்ளி விழா தொடக்க நிகழ்வில், சங்கீதத்தில் சிறந்த பங்களிப்பை வழங்கி வருவதற்காக சங்கீர்த்தன கலாநிதி விருதை திரு. யக்ஞராம சர்மாவுக்கும், சங்கீர்த்தன சூடாமணி விருதை திரு. கடலூர் கோபி பாகவதருக்கும்    வழங்கினார்.

பக்தி எவ்வாறு சனாதன தர்மத்தை அமைப்புகளின் இருப்புகளுக்கு அப்பால் மக்களின் இதயங்களில் கொண்டு சென்றது என்பதை ஆளுநர் ரவி பிரதிபலித்தார். நாயன்மார்கள், ஆழ்வார்கள் மற்றும் எண்ணற்ற துறவிகள் மூலம் தமிழ்நாட்டின் புனித மண்ணில் தோன்றிய இந்த ஆன்மிக இயக்கம், பாரதம் முழுவதும், பல்வேறு மொழிகளின் ஊடாக, சனாதன தர்மத்தை வளர்த்து, பாதுகாத்து, பல நூற்றாண்டுகளாக அடிமைப்பட்டு, காலனித்துவத்தின் பிடியில் இருந்த போதும் பாரதத்தை ஒரே தேசமாக நிலைநிறுத்தியது.

கடந்த தசாப்தத்தில் பாரதம் எவ்வாறு குறிப்பிடத்தக்க அனைத்திலும் மாற்றம் கண்டுள்ளது என்பதையும், 2047 -ஆம் ஆண்டுக்குள் முழுமையாக வளர்ச்சியடைந்து தன்னிறைவு பெறும் இலக்கை நோக்கி முன்னேறி வருகிறது என்பதையும் ஆளுநர் எடுத்துரைத்தார். இந்த தேசிய மாற்றத்தில், இந்த பாரம்பரியத்தை இளைய தலைமுறையினருக்கு எடுத்துச் சென்று, மோதல்கள் மற்றும் ஏற்றத்தாழ்வுகளால் முடங்கிப்போன இன்றைய உலகிற்கு அதன் ஒளியை விரிவுபடுத்துவதும், பாரதத்தையும் சனாதன தர்மத்தையும் அழிக்க சதி செய்யும் சக்திகளுக்கு எதிராக விழிப்புடன் இருப்பதும் நமது கூட்டுப் பொறுப்பாகும் என அவர் வலியுறுத்தினார்.","[]",163,True,"No","Yes",False,"ta",134.091,"<a href=""https://x.com/twitter/status/1994460803551170848"" target=""_blank"">Tweet Link</a>","Positive","BJP","",False,0,2,43,"No","lokbhavan_tn","","Pro-party","","","","",6299,1994460803551170848,"2026-01-24T07:20:22.607179Z","[]","Official Twitter Account of Lok Bhavan, Tamil Nadu.",1449331892537348096,"Lok Bhavan, Chennai","LOK BHAVAN, TAMIL NADU",False,2013
192,"3","2026-01-24T07:22:17.238644Z",673,14771,145,"BJP will not grow in Tamilnadu - Anwar Raja (AIADMK) <a href=""https://t.co/dvT4XdKgme"">https://t.co/dvT4XdKgme</a>","[]",164,True,"No","Yes",False,"en",111.629,"<a href=""https://x.com/twitter/status/1942132703157010809"" target=""_blank"">Tweet Link</a>","Negative","{""choices"":[""ADMK"",""BJP""]}","",False,1,6,171,"No","jegantoons","Pro-party","Anti-party","","","","",1096,1942132703157010809,"2026-01-24T07:22:17.238669Z","[]","🇮🇳 Cartoonist, Mechanical Engineering😎",3614324658,"kanyakumari","Jegan",False,12520
193,"3","2026-01-24T07:28:49.132895Z",446,14771,145,"அதிமுகவை கபளீகரம் செய்து விட்டது பாஜக- கம்யூனிஸ்ட் கட்சி குற்றச்சாட்டு… <a href=""https://t.co/F2vA9iL6O8"">https://t.co/F2vA9iL6O8</a>","[]",165,True,"No","Yes",False,"ta",389.019,"<a href=""https://x.com/twitter/status/1909271615646413109"" target=""_blank"">Tweet Link</a>","Negative","{""choices"":[""ADMK"",""BJP""]}","",False,1,5,118,"No","jegantoons","Neutral","Anti-party","","","","",1096,1909271615646413109,"2026-01-24T07:28:49.132916Z","[]","🇮🇳 Cartoonist, Mechanical Engineering😎",3614324658,"kanyakumari","Jegan",False,5819
194,"3","2026-01-24T07:29:57.407528Z",789,14771,145,"NEET Ban Drama... #AllPartyMeeting #DMK <a href=""https://t.co/xgzQk72V1J"">https://t.co/xgzQk72V1J</a>","['AllPartyMeeting', 'DMK']",166,True,"No","Yes",False,"en",66.539,"<a href=""https://x.com/twitter/status/1909972711830401480"" target=""_blank"">Tweet Link</a>","Negative","DMK","",False,2,4,234,"Yes","jegantoons","","","","Anti-party","","",1096,1909972711830401480,"2026-01-24T07:29:57.407547Z","[]","🇮🇳 Cartoonist, Mechanical Engineering😎",3614324658,"kanyakumari","Jegan",False,11369
195,"3","2026-01-24T07:30:58.334212Z",462,99593,419,"பண்ருட்டி மக்களின் பயணத்தை மேலும் எளிதாக்கிய பாஜக அரசு ! 

நன்றி @AshwiniVaishnaw அவர்கள் ,

@narendramodi @AmitShah
@AshwiniVaishnaw @rajnathsingh @myogiadityanath 
@nsitharaman

@blsanthosh @MenonArvindBJP @ReddySudhakar21 @NainarBJP @KesavaVinayakan @annamalai_k <a href=""https://t.co/MZVjFfdW4p"">https://t.co/MZVjFfdW4p</a>","[]",167,True,"No","Yes",False,"ta",59.195,"<a href=""https://x.com/twitter/status/1993133485209665563"" target=""_blank"">Tweet Link</a>","Positive","BJP","",False,2,12,98,"No","asuvathaman","","Pro-party","","","","",8057,1993133485209665563,"2026-01-24T07:30:58.334237Z","[]","State Secretary TN BJP, founder Project TamilAi, founder Integral Humanism Foundation, Partner Ashvathaman Associates, director-ledge & law, Director-DEFFO TECH",428095455,"Tamil Nadu, India","Ashvathaman Allimuthu",False,4688
196,"3","2026-01-24T07:32:00.427117Z",156,82506,146,"பொங்கல் பெருவிழா – 2026, சென்னை மக்கள் மாளிகையில் விழாக்கோலத்துடனும் கலாசாரப் பெருமிதத்துடனும் கொண்டாடப்பட்டது. இதில் விவசாயிகள், மீனவர்கள், நெசவாளர்கள், தமிழறிஞர்கள், ஆன்மிக தலைவர்கள், இளைஞர்கள், சமூக ஆர்வலர்கள் மற்றும் பழங்குடியின சமூகங்களின் பிரதிநிதிகள் உள்பட சமூகத்தின் அனைத்துத் தரப்பினரும் பங்கேற்றனர். பாரம்பரிய கலை, நாட்டுப்புற இசை மற்றும் நடனங்கள், பொங்கலின் மகிழ்ச்சியையும், நமது காலத்தால் அழியாத தமிழ்ப் பாரம்பரியங்களின் செழுமையையும், தலைமுறை தலைமுறையாகக் கொண்டாடப்படும் நமது கூட்டுப் பாரம்பரியத்தையும் எதிரொலித்தன.
#பொங்கல் #ஒரேபாரதம்உன்னதபாரதம் #ஆளுநர்ரவி #மக்கள்மாளிகை #தமிழ்நாடு","['பொங்கல்', 'ஒரேபாரதம்உன்னதபாரதம்', 'ஆளுநர்ரவி', 'மக்கள்மாளிகை', 'தமிழ்நாடு']",168,True,"No","Yes",False,"ta",60.189,"<a href=""https://x.com/twitter/status/2009313342968746133"" target=""_blank"">Tweet Link</a>","Positive","BJP","",False,0,2,46,"No","lokbhavan_tn","","Pro-party","","","","",6299,2009313342968746133,"2026-01-24T07:32:00.427137Z","[]","Official Twitter Account of Lok Bhavan, Tamil Nadu.",1449331892537348096,"Lok Bhavan, Chennai","LOK BHAVAN, TAMIL NADU",False,1853
197,"3","2026-01-24T07:33:06.915013Z",496,14771,145,"கோவில் திருவிழாவிற்கு அதிகளவில் கூட்டம் செல்வது உண்மையிலேயே நாகரீக சமூகத்திற்கு நல்ல அடையாளமாக பார்க்க முடியாது - திமுக அமைச்சர் மனோ தங்கராஜ் #dravidamodel <a href=""https://t.co/k77dfkLgMQ"">https://t.co/k77dfkLgMQ</a>","['dravidamodel']",169,True,"No","Yes",False,"ta",63.607,"<a href=""https://x.com/twitter/status/1930868659855237287"" target=""_blank"">Tweet Link</a>","Negative","DMK","",False,4,7,199,"Yes","jegantoons","","","","Anti-party","","",1096,1930868659855237287,"2026-01-24T07:33:06.915035Z","[]","🇮🇳 Cartoonist, Mechanical Engineering😎",3614324658,"kanyakumari","Jegan",False,5319
198,"3","2026-01-24T07:34:05.217339Z",204,38277,288,"அன்னைத் தமிழ்நாட்டின் 
அறுவடைத் திருநாளில்..

நலமும், வளமும் பெற்று 
நற்றமிழர் வாழ்வு சிறக்க
நாளும் உழைத்திடும்
தித்திக்கும் #திராவிடமாடல் அரசின் மாண்புமிகு முதலமைச்சர்; திராவிட பேரரசர் @mkstalin அவர்களை நேரில் சந்தித்து வாழ்த்து பெற்ற பொன்னான தருணம்…

🙏💐♥️🌾🌅

@Udhaystalin

#திராவிடப்_பொங்கல்
#Pongal2026
#வெல்வோம்_ஒன்றாக","['திராவிடமாடல்', 'திராவிடப்_பொங்கல்', 'Pongal2026', 'வெல்வோம்_ஒன்றாக']",170,True,"No","Yes",False,"ta",55.934,"<a href=""https://x.com/twitter/status/2011835602174689339"" target=""_blank"">Tweet Link</a>","Positive","DMK","",False,0,8,60,"No","Joel_Dmk","","","","Pro-party","","",13434,2011835602174689339,"2026-01-24T07:34:05.217370Z","[]","State Deputy Secretary- #DMK Youth Wing | தூத்துக்குடி - #திமுக | Belongs to the Dravidian stock",1073990402422669312,"தூத்துக்குடி, TN","Thoothukudi S.Joel",False,2321
239,"4","2026-01-26T07:42:52.814281Z",166,82506,146,"பரதவர்ம பாண்டியபதியின் பிறந்தநாளில் தேசம் அவருக்கு மரியாதை செலுத்துகிறது. தீரமிக்க சுதந்திர போராட்ட வீரரான  அவரது துணிச்சல், தொலைநோக்குப் பார்வை மற்றும் நிர்வாக நுண்ணறிவு ஆகியவை இந்திய விடுதலை போராட்டத்தின் ஆரம்ப கட்டத்தை வடிவமைத்தன. வீரபாண்டிய கட்டபொம்மனுடன் சேர்ந்து, பிரிட்டிஷ் காலனித்துவ ஆட்சிக்கு எதிரான தீர்க்கமான எதிர்ப்பை அவர் வழிநடத்தினார், வரலாற்று சிறப்புமிக்க பாஞ்சாலங்குறிச்சி போர் உள்பட, ஏகாதிபத்திய ஆதிக்கத்தை  திடத்துடன் எதிர்கொண்டார். அந்நிய ஆதிக்கம்/காலனித்துவ ஒடுக்குமுறைக்கு எதிராக மக்களை ஒன்றிணைத்து ஊக்குவிப்பதன் மூலம், அவர் தேசிய சுதந்திர போராட்டத்தில் ஒரு முக்கிய பங்கைக் கொண்டிருந்தார். அவரது துணிச்சலும் தொலைநோக்கும் 2047 -ஆம் ஆண்டுக்குள் வலுவான மற்றும் தன்னம்பிக்கை கொண்ட #வளர்ச்சியடைந்தபாரதத்தை நோக்கிய நமது தேசிய பயணத்தைத் தொடர்ந்து ஊக்குவிக்கின்றன.","['வளர்ச்சியடைந்தபாரதத்தை']",171,True,"No","No",False,"ta",82.535,"<a href=""https://x.com/twitter/status/1999763131640480034"" target=""_blank"">Tweet Link</a>","","","",False,0,2,38,"","lokbhavan_tn","","","","","","",6299,1999763131640480034,"2026-01-26T07:42:52.814298Z","[]","Official Twitter Account of Lok Bhavan, Tamil Nadu.",1449331892537348096,"Lok Bhavan, Chennai","LOK BHAVAN, TAMIL NADU",False,2462
200,"3","2026-01-24T07:42:11.087196Z",417,72496,9,"இனி இந்த மாதிரி யாருமே பேசக்கூடாது அப்படி பேசினால் அதற்கு இதுதான் பதில் அடி 
@Ibrahim_0369👌🏻 <a href=""https://t.co/l2HUAWq7kj"">https://t.co/l2HUAWq7kj</a>","[]",172,True,"No","No",False,"ta",32.32,"<a href=""https://x.com/twitter/status/2011846732590788837"" target=""_blank"">Tweet Link</a>","","","",False,0,9,114,"","TVK_WORLD","","","","","","",8047,2011846732590788837,"2026-01-24T07:42:11.087222Z","[]","#தமிழகவெற்றிக்கழகம்  maintaining by @official_Tvmp Team | Admin - @Eniyavan_offi26",875024842814242816,"India","TVK WORLD",False,4488
201,"3","2026-01-24T07:43:22.609591Z",514,103676,481,"சிரிப்பதற்கும்… சிந்திப்பதற்கும்…
#rss
#dmk
#bjp <a href=""https://t.co/dfudZd8E90"">https://t.co/dfudZd8E90</a>","['rss', 'dmk', 'bjp']",173,False,"No","Yes",False,"ta",69.504,"<a href=""https://x.com/twitter/status/1981555693825191988"" target=""_blank"">Tweet Link</a>","Negative","{""choices"":[""DMK"",""BJP""]}","",False,3,12,186,"Yes","ProfessorBJP","","Anti-party","","Anti-party","","",4436,1981555693825191988,"2026-01-24T07:43:22.609618Z","[]","State General Secretary - BJP Tamil Nadu",1174692144411566081,"Madurai, Tamilnadu","Raama Sreenivasan",False,10194
202,"3","2026-01-24T07:44:30.575490Z",1362,14771,145,"TN BJP Chief Annamalai Exposes Massive MGNREGA Fraud Under DMK Govt... #Dravidamodel <a href=""https://t.co/jMjmaf53u9"">https://t.co/jMjmaf53u9</a>","['Dravidamodel']",174,True,"No","Yes",False,"en",66.079,"<a href=""https://x.com/twitter/status/1907104623128961383"" target=""_blank"">Tweet Link</a>","Negative","{""choices"":[""DMK"",""BJP""]}","",False,7,14,454,"No","jegantoons","","Pro-party","","Anti-party","","",1096,1907104623128961383,"2026-01-24T07:44:30.575519Z","[]","🇮🇳 Cartoonist, Mechanical Engineering😎",3614324658,"kanyakumari","Jegan",False,24984
203,"3","2026-01-24T07:45:31.995433Z",153,82506,146,"ஆளுநர் ரவி அவர்கள், ராமேஸ்வரத்தில் உள்ள ஸ்ரீ குருநானக் தாம் குருத்வாராவில் நடைபெற்ற ஸ்ரீ குருநானக் சத்சங் சபாவின் ஆண்டு விழாவில் பங்கேற்று, ஸ்ரீ குருகிராந்த் சாஹிப்பிற்கு நெஞ்சார்ந்து மரியாதை செலுத்தினார். ஐநூறு ஆண்டுகளுக்கு முன்பு, பாரதம் அந்நிய ஆக்கிரமிப்பாளர்களின் அட்டூழியங்களால் துன்புற்றுக் கொண்டிருந்தபோதும், 'இந்திய பண்பாடு' இருத்தலியல் அச்சுறுத்தலுக்கு உள்ளாகியிருந்தபோதும், ஸ்ரீ குருநானக் தேவ் அவர்கள், சமூகத்தையும் நாகரிகத்தையும் காப்பதற்காக சுமார் 14 ஆண்டுகள் பாரதம் முழுவதும் பயணம் செய்தார். அந்தப் பயணத்தின்போது ராமேஸ்வரத்தில் சுமார் ஆறு மாதங்கள் தங்கியிருந்தார் என்று எடுத்துரைத்தார். நமது கலாசாரம் மற்றும் அடையாளத்தைக் காப்பதற்காக நமது சீக்கிய குருக்களும் வீரமிக்க சாஹிப்ஸாதாக்களும் செய்த அளப்பரிய தியாகங்களை ஆளுநர் நினைவு கூர்ந்ததுடன், அவை தற்போதைய காலத்துடன் எவ்வாறு  பொருந்துகிறது என்பதையும் வலியுறுத்தினார். அந்தத் தியாகங்களிலிருந்து நமது இளைஞர்கள் உத்வேகம் பெற்று, புத்துணர்ச்சியுடனும் உறுதியான சங்கல்பத்துடனும் 'விக்ஸித் பாரத் 2047' (வளர்ச்சியடைந்த பாரதம் 2047) என்ற இலக்கை உருவாக்க வேண்டும் என்றும் ஆளுநர் கேட்டுக்கொண்டார்.","[]",175,True,"No","Yes",False,"ta",59.423,"<a href=""https://x.com/twitter/status/2011740127706694137"" target=""_blank"">Tweet Link</a>","Positive","BJP","",False,0,4,30,"No","lokbhavan_tn","","Pro-party","","","","",6299,2011740127706694137,"2026-01-24T07:45:31.995454Z","[]","Official Twitter Account of Lok Bhavan, Tamil Nadu.",1449331892537348096,"Lok Bhavan, Chennai","LOK BHAVAN, TAMIL NADU",False,1352
204,"3","2026-01-24T07:46:35.010190Z",571,14771,145,"“போராட்டம் எதற்கு என்று தெரியாத கட்சி தவெக"" - அண்ணாமலை #Annamalai #TVK #WaqfAmendmentBill <a href=""https://t.co/ukfOuzgwia"">https://t.co/ukfOuzgwia</a>","['Annamalai', 'TVK', 'WaqfAmendmentBill']",176,True,"No","Yes",False,"ta",61.178,"<a href=""https://x.com/twitter/status/1908177246751264818"" target=""_blank"">Tweet Link</a>","Negative","BJP","",False,1,4,201,"Yes","jegantoons","","Pro-party","","","","",1096,1908177246751264818,"2026-01-24T07:46:35.010225Z","[]","🇮🇳 Cartoonist, Mechanical Engineering😎",3614324658,"kanyakumari","Jegan",False,7686
205,"3","2026-01-24T07:47:30.855401Z",1904,1011790,886,"பகுதி நேர ஆசிரியர்களைப் பணி நிரந்தரம் செய்வோம் என, கடந்த இரண்டு சட்டமன்றத் தேர்தல்களாக திமுக கொடுத்த தேர்தல் வாக்குறுதியை நிறைவேற்றக் கோரி, தற்கொலை முயற்சியில் ஈடுபட்ட, திரு. கண்ணன் என்ற ஆசிரியர், சிகிச்சை பலனின்றி உயிரிழந்தார் என்ற செய்தி மிகுந்த வருத்தமளிக்கிறது. அவரது குடும்பத்தினருக்கு, ஆழ்ந்த இரங்கல்களைத் தெரிவித்துக் கொள்கிறேன்.

எத்தனை கடினமான சூழலில் வாழ்க்கை இருந்திருந்தால், தற்கொலை என்ற மிக மோசமான முடிவை எடுக்கும் சூழலுக்கு, ஆசிரியர் திரு. கண்ணன் தள்ளப்பட்டிருப்பார் என்பது குறித்து, முதலமைச்சர் திரு @mkstalin அவர்களுக்கு, எந்தக் கவலையும் இல்லை. 

பணி நிரந்தரம் கோரிப் போராடும் ஆசிரியர்களுடன் பேச்சுவார்த்தை நடத்துகிறோம் என்ற பெயரில், வெறும் ₹2,500 ஊதிய உயர்வு வழங்குவதாக அறிவித்திருக்கிறது திமுக அரசு. பகுதி நேர ஆசிரியர்களின் ஒரே கோரிக்கை பணி நிரந்தரம் மட்டுமே. ஆனால், அதைக் குறித்து, எந்த அறிவிப்பும் வெளியிடவில்லை. வாக்குறுதியை நிறைவேற்றுவார்கள் என்ற நம்பிக்கையில் இத்தனை ஆண்டு காலம் காத்திருந்த ஆசிரியப் பெருமக்களுக்கு, திமுக செய்திருப்பது மிகப்பெரிய நம்பிக்கைத் துரோகம். 

ஊழல் பணத்தில் கொழுத்துத் திரியும் திமுகவினருக்கு, சாதாரண பொதுமக்களின் வலியும், வாழ்க்கையும் எப்படிப் புரியும்?","[]",177,True,"No","Yes",False,"ta",54.212,"<a href=""https://x.com/twitter/status/2011401318339108992"" target=""_blank"">Tweet Link</a>","Negative","DMK","","",9,35,629,"Yes","annamalai_k","","","","Anti-party","","",18286,2011401318339108992,"2026-01-24T07:47:30.855428Z","[]","அறம் செய்ய விரும்பு. BJP Karyakartha.",61121030,"India","K.Annamalai",False,29935
206,"3","2026-01-24T07:48:09.693356Z",685,82506,146,"லோஹ்ரி, மகர சங்கராந்தி, மகா பிஹு, உத்தராயண் மற்றும் நாடு முழுவதும் கொண்டாடப்படும் பிற அறுவடை பண்டிகைகளின் விசேஷமிக்க நிகழ்வில் இந்தியாவிலும் வெளிநாட்டிலும் உள்ள அனைத்து பாரதியர்களுக்கும் அன்பான நல்வாழ்த்துக்கள்.

பல்வேறு பெயர்கள் மற்றும் மரபுகளில் வெவ்வேறு பகுதிகளில் கொண்டாடப்படும் இந்த திருவிழாக்கள், அறுவடை காலத்தைக் குறிப்பதுடன் நமது பாரதிய நாகரிக நெறிமுறைகளை பிரதிபலிக்கின்றன. இயற்கை, சமூகம் மற்றும் மனிதகுலத்தின் பிரிக்க முடியாத ஒற்றுமையால் வாழும் ஒரு உலகக் கண்ணோட்டம் இவை. நமது காலத்தால் அழியாத பாரம்பரியத்தில் வேரூன்றிய இந்த விழாக்கள், பூமித்தாய்க்கு நமது ஆழ்ந்த நன்றியைத் தெரிவிக்கவும், ஒரே தேசமாக நம்மை ஒன்றிணைக்கும் உள்ளார்ந்த ஒற்றுமை உணர்வை மீண்டும் உறுதிப்படுத்தவும் நம்மைத் தூண்டுகின்றன.

இந்த விழாக்கள் மூலம், நமது விவசாய சமூகத்தின் விலைமதிப்பற்ற பங்களிப்புகளை நாம் கொண்டாடுகிறோம். அவர்களின் அயராத அர்ப்பணிப்பும் ஞானமும் தலைமுறை தலைமுறையாக தேசத்தை நிலைப்படுத்தி, சமூகத்தைத் தொடர்ந்து வளர்த்தெடுத்து வருகின்றன.

இந்த விசேஷமிக்க பண்டிகை காலம் ஒவ்வொரு குடும்பத்துக்கும் புதிய ஆற்றல், மகிழ்ச்சி மற்றும் நல்ல ஆரோக்கியத்தைக் கொண்டு வரட்டும், அன்பு, இரக்கம் மற்றும் ஒற்றுமையை வளர்க்கட்டும், மேலும் வளமான, உள்ளடக்கிய மற்றும் வலுவான பாரதத்தை உருவாக்குவதற்கான நமது உறுதிப்பாட்டை வலுப்படுத்தட்டும்.
#லோஹ்ரி #மகரசங்கராந்தி #மகாபிஹு #போகலிபிஹு #உத்தராயண் #ஒரேபாரதம்உன்னதபாரதம்","['லோஹ்ரி', 'மகரசங்கராந்தி', 'மகாபிஹு', 'போகலிபிஹு', 'உத்தராயண்', 'ஒரேபாரதம்உன்னதபாரதம்']",178,True,"No","No",False,"ta",37.07,"<a href=""https://x.com/twitter/status/2011138215143751819"" target=""_blank"">Tweet Link</a>","","","",False,26,90,193,"","lokbhavan_tn","","","","","","",6299,2011138215143751819,"2026-01-24T07:48:09.693379Z","[]","Official Twitter Account of Lok Bhavan, Tamil Nadu.",1449331892537348096,"Lok Bhavan, Chennai","LOK BHAVAN, TAMIL NADU",False,25355
207,"3","2026-01-24T07:50:51.092441Z",219,31408,9,"சபரிமலை - திருப்பரங்குன்றம் விவகாரங்களில் எங்களின் நிலைபாடு எப்போதும் சமமாக தான் உள்ளது - முன்னாள் மாநிலத் தலைவர் திரு.@annamalai_kuppusamy அவர்கள்! <a href=""https://t.co/UTqwE2I6Z1"">https://t.co/UTqwE2I6Z1</a>","[]",179,True,"No","Yes",False,"ta",159.807,"<a href=""https://x.com/twitter/status/1996924358833721682"" target=""_blank"">Tweet Link</a>","Positive","BJP","",False,1,3,93,"No","EnMannEnMakkal","","Pro-party","","","","",6153,1996924358833721682,"2026-01-24T07:50:51.092466Z","[]","My Land, My People | Official Handle of Thalaivar Thiru K Annamalai’s Yatra | Come, let us ignite a political revolution in Tamil Nadu! | #VendumMeendumModi",1627576116616765442,"Tamilnadu","En Mann En Makkal",False,1088
220,"3","2026-01-24T13:25:54.816714Z",565,2058,2541,"#VIjay Fans கிட்ட நம்ம சொல்ல நினைச்சத தெளிவா சொல்லிட்டா JK 🫡 #Parasakthi
<a href=""https://t.co/1mSUWWGgEH"">https://t.co/1mSUWWGgEH</a>","['VIjay', 'Parasakthi']",180,False,"No","Yes",False,"ta",64.89,"<a href=""https://x.com/twitter/status/2011847491428442534"" target=""_blank"">Tweet Link</a>","Positive","TVK","",False,3,9,145,"No","itz_local_","","","","","","Pro-party",77691,2011847491428442534,"2026-01-24T13:25:54.816740Z","[]","SK Fan ❣️",721258644612988928,"","ALONE 🚶",False,8417
221,"3","2026-01-25T09:14:02.244608Z",459,4995,1756,"மும்பை மாநகராட்சி கைப்பற்றுகிறது பாஜக கூட்டணி :-
 அருமையாக வேலை செய்து அண்ணாமலை மேஜிக்...
 👉ட்ரிபிள் என்ஜின் சர்க்கார் 
 மத்தியில் மோடி அரசாங்கம், மாநிலத்தில் தேவேந்திரபட்னாவிஸ்  அரசாங்கம்,
 மும்பை மாநகராட்சியிலும் பிஜேபி வந்தால் மும்பை வளம் பெறும் என்ற பேச்சு பெரிய அளவில் எடுபட்டது. 
 👉மும்பையில் உள்ள தென் மாநிலத்தவர், குஜராத்திகள், ராஜஸ்தானி மக்கள் வடஇந்திய மக்கள் அனைவருக்கும் அண்ணாமலைக்கு எதிராக ராஜ் தாக்கரே சொன்ன வார்த்தை நேரிடலை ஏற்படுத்தியது. 
 இதன் விளைவு மும்பை வாக்காளர்களில் 45 சதவீத வெளி மாநில வாக்காளர்கள் பாஜக பக்கம் திரும்பினார்கள். 
 வாழ்த்துக்கள் 
@annamalai_k","[]",181,True,"No","Yes",False,"ta",132.929,"<a href=""https://x.com/twitter/status/2011816718386282844"" target=""_blank"">Tweet Link</a>","Positive","BJP","",False,2,5,108,"No","rajsd_bjp","","Pro-party","","","","",20051,2011816718386282844,"2026-01-25T09:14:02.244638Z","[]","saffron stock..
State secretary
IT & SM
Tamil Nadu",1306634705455009798,"","Rajbjp",False,16174
212,"2","2026-01-24T10:34:40.335362Z",5675,16888,204,"எங்கள் தளபதி விஜய் அவர்களை தொட்டா இதுதான் உங்க நிலைமை🔥
@actorvijay <a href=""https://t.co/2WMYFH1euM"">https://t.co/2WMYFH1euM</a>","[]",182,True,"Yes","Yes",False,"ta",48.33,"<a href=""https://x.com/twitter/status/2011844541507399909"" target=""_blank"">Tweet Link</a>","Positive","TVK","",False,22,2,1560,"No","Ibrahim_0369","","","","","","Pro-party",1562,2011844541507399909,"2026-01-24T10:34:40.335384Z","[]","🇮🇳 TVK -மாநிலச் செய்தித் தொடர்பாளர்🇮🇳",1607237195248668673,"","Rawther Ibrahimm",False,42227
240,"4","2026-01-26T07:43:55.669909Z",632,1872,5363,"இவருடைய எந்த போட்டோவையும் பார்த்தாலும்,

ஒரு விஷயம் மட்டும் என்னை ஆச்சரியப்படுத்திட்டே இருக்கும்...

பந்தா, பகட்டு, தோரணை எதுவும் கிடையாது. 

இந்த மாநிலத்தை ஆட்சி செய்த முதல்வர் என்ற தலைக்கனம் இவருடைய பாடி லாங்குவேஜ்ல பார்க்கவே முடியாது.

எப்படி இவரால் இப்படி சாதாரண சராசரி மனிதனோட மனநிலையில் இருக்க முடியுது?🤔","[]",183,False,"Yes","Yes",False,"ta",60.635,"<a href=""https://x.com/twitter/status/2011804933947798014"" target=""_blank"">Tweet Link</a>","Negative","","",False,5,50,135,"No","Kamalstwitt","","","","","","",24137,2011804933947798014,"2026-01-26T07:43:55.669934Z","[]","",825255762,"","Kamal (Save TN. Bring back EPS as CM 🙏)",False,21160
223,"3","2026-01-25T10:50:37.565505Z",980,37821,3480,"இதுதான் எங்கள் மனிதநேய தமிழ்நாடு 

இது போல் இது போல் இதுபோல் மதநல்லிணக்கத்தோடு ஒட்டி உறவாடி வாழ்வதாக இருந்தால் மதத்தை பின்பற்றுங்கள் இல்லை என்றால் மதத்தை எல்லாம் தூங்கி எறிந்து விட்டு மனிதநேயத்துடன் பண்டிகைகளை கொண்டாடுங்கள்.. <a href=""https://t.co/k30XW80Nfg"">https://t.co/k30XW80Nfg</a>","[]",184,True,"No","No",False,"ta",72.024,"<a href=""https://x.com/twitter/status/2011854766314340722"" target=""_blank"">Tweet Link</a>","","","",False,7,16,340,"","im_inba1","","","","","","",137374,2011854766314340722,"2026-01-25T10:50:37.565525Z","[]","https://t.co/mCoD9YcneT",1667805038172082176,"𝐊𝐮𝐦𝐛𝐚𝐤𝐨𝐧𝐚𝐦 𝐈𝐍𝐃","𝙄𝙣𝙗𝙖 𝐌𝐫 𝙃𝙪𝙢𝙖𝙣𝙞𝙨𝙩",False,12494
215,"2","2026-01-24T10:36:44.240344Z",381,1973,1,"அடையாளத்திற்கும் திறமைக்கும் மரியாதை 🙌

50 திருநங்கைகளை Home Guards-ஆக இணைத்த தமிழ்நாடு அரசு ❤️

#tamilnadu #No1TamilNadu #TNgovt #MKStalin #MKStalinGovt #TransgenderRights #SocialJustice #InclusiveGovernance <a href=""https://t.co/ARdxouKdvM"">https://t.co/ARdxouKdvM</a>","['tamilnadu', 'No1TamilNadu', 'TNgovt', 'MKStalin', 'MKStalinGovt', 'TransgenderRights', 'SocialJustice', 'InclusiveGovernance']",185,False,"Yes","Yes",False,"ta",61.783,"<a href=""https://x.com/twitter/status/2011800541140242769"" target=""_blank"">Tweet Link</a>","Positive","DMK","",False,2,11,152,"No","No_1TamilNadu","","","","Pro-party","","",1299,2011800541140242769,"2026-01-24T10:36:44.240365Z","[]","தமிழ்நாட்டு மக்களின் வாழ்வை முன்னேற்றி, சமூக பொருளாதார வளர்ச்சியில் No.1 மாநிலமாக உயர்ந்து நிற்கும் தமிழ்நாடு அரசின் செயல்பாடுகள் பற்றி அறிய இணைந்திருங்கள்",1898024897873428480,"","No.1 Tamil Nadu",False,2106
216,"2","2026-01-24T10:40:06.478769Z",256,11463,1584,"பார்ப்பனீய கடப்பாரையா?
திராவிட புல்டோசரா? <a href=""https://t.co/ZgFOqurEW2"">https://t.co/ZgFOqurEW2</a>","[]",186,True,"No","Yes",False,"ta",200.546,"<a href=""https://x.com/twitter/status/2011841156150411396"" target=""_blank"">Tweet Link</a>","Negative","{""choices"":[""DMK"",""NTK""]}","",False,1,4,95,"No","jayaraman418","","","","Anti-party","Pro-party","",29226,2011841156150411396,"2026-01-24T10:40:06.478796Z","[]","சுயமரியாதையுள்ள திமுக தொண்டன்.",2918809411,"ramanathapuram","ஜெயராமன் திமுக",False,4059
217,"2","2026-01-24T10:41:18.758440Z",155,24639,8189,"மாற்றத்தை விரும்பும் சாமானிய மக்களின் குரல்✅

எது எப்படியோ திமுக அழிந்து போகட்டும்.. 

திமுக நாசமா போனா நமக்கு சந்தோஷம் தான். 

#தீ_பரவட்டும் 🔥🔥

 <a href=""https://t.co/pJN5a5DApv"">https://t.co/pJN5a5DApv</a>","['தீ_பரவட்டும்']",187,True,"No","Yes",False,"ta",70.612,"<a href=""https://x.com/twitter/status/2011820288938557499"" target=""_blank"">Tweet Link</a>","Negative","DMK","",False,1,2,52,"No","TheEagle3_0","","","","Anti-party","","",61194,2011820288938557499,"2026-01-24T10:41:18.758461Z","[]","The True Indian 🇮🇳  🕉️Hindu",1182218259300356096,"Bharat 🇮🇳","கழுகுப்பார்வை 🦅🇮🇳",False,1301
218,"2","2026-01-24T10:41:55.535412Z",342,11463,1584,"சீமான் எதுக்கு கட்சி நடத்துறான்? <a href=""https://t.co/Ka1lyGeBIy"">https://t.co/Ka1lyGeBIy</a>","[]",188,True,"No","Yes",False,"ta",35.435,"<a href=""https://x.com/twitter/status/2011825101394886700"" target=""_blank"">Tweet Link</a>","Negative","NTK","",False,6,19,121,"Yes","jayaraman418","","","","","Anti-party","",29226,2011825101394886700,"2026-01-24T10:41:55.535434Z","[]","சுயமரியாதையுள்ள திமுக தொண்டன்.",2918809411,"ramanathapuram","ஜெயராமன் திமுக",False,15310
224,"3","2026-01-25T10:51:33.581916Z",4221,1011790,886,"அறம், பொருள், இன்பம் என, வாழ்க்கைக்கான நெறிகளைப் போதிக்கும் திருக்குறளைத் தந்த திருவள்ளுவர் தினமான இன்று, தமிழக மக்கள் அனைவருக்கும் நல்வாழ்த்துக்களைத் தெரிவித்துக் கொள்கிறேன்.

காலங்களைக் கடந்து வழிகாட்டும் திருக்குறள், அனைவரின் வாழ்விலும் ஒளிவிளக்காகத் திகழட்டும். தமிழின் பெருமையும், திருக்குறளின் புகழும், உலகெங்கும் பரவட்டும்.","[]",189,True,"No","No",False,"ta",54.079,"<a href=""https://x.com/twitter/status/2011998417845961218"" target=""_blank"">Tweet Link</a>","","","",False,26,160,1034,"","annamalai_k","","","","","","",18286,2011998417845961218,"2026-01-25T10:51:33.581938Z","[]","அறம் செய்ய விரும்பு. BJP Karyakartha.",61121030,"India","K.Annamalai",False,46373
225,"3","2026-01-25T10:53:01.534019Z",208,31408,9,"கரூரில் நடந்துள்ள துயரமான சம்பவத்திற்கு திமுக அரசின் அலட்சியமே காரணம்!! முன்னாள் மாநிலத் தலைவர் திரு.@annamalai_k அவர்கள்! <a href=""https://t.co/bgNY9WQZrd"">https://t.co/bgNY9WQZrd</a>","[]",190,True,"No","Yes",False,"ta",86.134,"<a href=""https://x.com/twitter/status/1972314859653243351"" target=""_blank"">Tweet Link</a>","Negative","{""choices"":[""DMK"",""BJP""]}","",False,1,1,58,"No","EnMannEnMakkal","","Pro-party","","Anti-party","","",6153,1972314859653243351,"2026-01-25T10:53:01.534046Z","[]","My Land, My People | Official Handle of Thalaivar Thiru K Annamalai’s Yatra | Come, let us ignite a political revolution in Tamil Nadu! | #VendumMeendumModi",1627576116616765442,"Tamilnadu","En Mann En Makkal",False,1565
231,"2","2026-01-25T15:50:53.503437Z",1335,1531075,36,"பாடப்படாத தமிழ்த்தாய் வாழ்த்து; பாடவைத்த குடியரசு துணைத் தலைவர்!

#VicePresident #News18Tamilnadu | <a href=""https://t.co/3v5L32pLWJ"">https://t.co/3v5L32pLWJ</a> <a href=""https://t.co/xl7EMzBI5u"">https://t.co/xl7EMzBI5u</a>","['VicePresident', 'News18Tamilnadu']",191,True,"Yes","Yes",False,"ta",213.166,"<a href=""https://x.com/twitter/status/2011862965432233990"" target=""_blank"">Tweet Link</a>","Positive","BJP","",False,5,21,219,"No","News18TamilNadu","","Pro-party","","","","",364563,2011862965432233990,"2026-01-25T15:50:53.503467Z","['http://News18Tamil.com']","மின்னல் வேகத்தில் பிரேக்கிங் நியூஸ்  #நியூஸ்18தமிழ்நாடு 

News18 Tamil Nadu, Network18 Group caters to News & information to the Tamil viewers.",739042814755901440,"Chennai, India","News18 Tamil Nadu",False,43077
227,"3","2026-01-25T10:56:03.295055Z",322,31408,9,"பாஜக சமத்துவ கட்சி! திமுக தான் மதவாத கட்சி! - முன்னாள் மாநில தலைவர் திரு. @annamalai_k அவர்கள் அதிரடி! <a href=""https://t.co/KB187Yggq1"">https://t.co/KB187Yggq1</a>","[]",192,True,"No","Yes",False,"ta",94.426,"<a href=""https://x.com/twitter/status/2005297688758067238"" target=""_blank"">Tweet Link</a>","Positive","{""choices"":[""DMK"",""BJP""]}","",False,0,5,106,"No","EnMannEnMakkal","","Pro-party","","Anti-party","","",6153,2005297688758067238,"2026-01-25T10:56:03.295083Z","[]","My Land, My People | Official Handle of Thalaivar Thiru K Annamalai’s Yatra | Come, let us ignite a political revolution in Tamil Nadu! | #VendumMeendumModi",1627576116616765442,"Tamilnadu","En Mann En Makkal",False,2173
228,"3","2026-01-25T10:58:31.882796Z",211,175168,561,"Humility is the answer to building a great nation!

Thiru @RahulGandhi 

#RahulGandhi <a href=""https://t.co/EAtkupOGUJ"">https://t.co/EAtkupOGUJ</a>","['RahulGandhi']",193,True,"No","Yes",False,"en",146.577,"<a href=""https://x.com/twitter/status/2011849028456366283"" target=""_blank"">Tweet Link</a>","Positive","Congress","",False,0,4,76,"No","INCTamilNadu","","","Pro-party","","","",71815,2011849028456366283,"2026-01-25T10:58:31.882839Z","[]","Official Twitter Handle of Tamil Nadu Congress Committee. Retweets are not endorsements.",1332272064,"","Tamil Nadu Congress Committee",False,2616
229,"3","2026-01-25T11:03:03.010125Z",256,1657,182,"எங்கள் ஐயா 🙏🙏
@EPSTamilNadu 

தை பிறந்து விட்டது; தமிழகத்துக்கு நல்லது நடக்கவிருக்கிறது! <a href=""https://t.co/PKaDKd7wrD"">https://t.co/PKaDKd7wrD</a>","[]",194,False,"No","Yes",False,"ta",269.034,"<a href=""https://x.com/twitter/status/2011774121194172923"" target=""_blank"">Tweet Link</a>","Positive","ADMK","",False,2,9,85,"No","prof_vinodkumar","Pro-party","","","","","",14144,2011774121194172923,"2026-01-25T11:03:03.010147Z","[]","Live a Protagonist!! Sow the best Seeds!",620778939,"","Prof Vinod - Say No To Drugs & DMK",False,1757
230,"3","2026-01-25T11:05:09.291428Z",402,15195,2518,"திமுகவை விட அதிக ஆண்டு ஆட்சி செய்த அதிமுக மங்குனிகளுக்கு இதெல்லாம் தோணவே இல்ல..!

காமராஜ் ஐயா உதவியால் நம்மிடமிருந்து மூனாறை கைப்பற்றிய கேரளா இது மாதிரி 2 விட்டு செமத்தயா கல்லா கட்டுது

வால்பாறை, ஏற்காடு, கொடைக்கானல், என ஊருக்கு ஒன்னு ஏன் நம்ம விடக்கூடாது <a href=""https://t.co/1LRIHo8u8N"">https://t.co/1LRIHo8u8N</a>","[]",195,False,"No","Yes",False,"ta",124.335,"<a href=""https://x.com/twitter/status/2011820632644993231"" target=""_blank"">Tweet Link</a>","Negative","{""choices"":[""DMK"",""ADMK""]}","",False,0,2,140,"No","TNEXPLORE","Anti-party","","","Anti-party","","",138952,2011820632644993231,"2026-01-25T11:05:09.291452Z","[]","",1316922660618719233,"Pudukkottai ","VISWA NATHAN",False,20958
232,"2","2026-01-25T15:52:50.255036Z",639,99593,419,"SIR பற்றி @mkstalin அவர்கள் வெளியிட்ட காமெடி வீடியோ 😆

@narendramodi @AmitShah @rajnathsingh @nsitharaman @AshwiniVaishnaw

@blsanthosh @MenonArvindBJP @ReddySudhakar21 @NainarBJP @KesavaVinayakan @annamalai_k <a href=""https://t.co/tCMttrqnv4"">https://t.co/tCMttrqnv4</a>","[]",196,True,"No","Yes",False,"ta",114.93,"<a href=""https://x.com/twitter/status/1987919275756298541"" target=""_blank"">Tweet Link</a>","Negative","{""choices"":[""DMK"",""BJP""]}","",False,1,42,228,"No","asuvathaman","","Pro-party","","Anti-party","","",8057,1987919275756298541,"2026-01-25T15:52:50.255056Z","[]","State Secretary TN BJP, founder Project TamilAi, founder Integral Humanism Foundation, Partner Ashvathaman Associates, director-ledge & law, Director-DEFFO TECH",428095455,"Tamil Nadu, India","Ashvathaman Allimuthu",False,6165
235,"3","2026-01-25T17:00:57.581129Z",5383,1011790,886,"Heartfelt birthday wishes & greetings to our Hon EAM Thiru @DrSJaishankar avl. 

Under his able leadership, the Ministry of External Affairs has been instrumental in elevating India's position on the global stage, and our nation's diplomatic initiatives have reflected strength, clarity, and unwavering commitment to India's national interests, setting new benchmarks in international relations.

Wishing him a wonderful year ahead filled with continued success and good health.","[]",197,True,"No","Yes",False,"en",74.622,"<a href=""https://x.com/twitter/status/2009482092875563058"" target=""_blank"">Tweet Link</a>","Positive","BJP","",False,10,77,929,"No","annamalai_k","","Pro-party","","","","",18286,2009482092875563058,"2026-01-25T17:00:57.581151Z","[]","அறம் செய்ய விரும்பு. BJP Karyakartha.",61121030,"India","K.Annamalai",False,34783
236,"3","2026-01-25T17:01:58.255346Z",627,103676,481,"மதுரையில் இன்று ஜூன் 22 முருகன் பக்தர் மாநாடு நடைபெறுகிறது

 இத்தருணத்தில் தன் வாழ்நாள் எல்லாம் முருக பக்தி பாடல்களை பாடி  தமிழ்நாட்டில் பெரும் ஆன்மீகப் புரட்சி செய்தவர் ஐயா டி எம் சௌந்தரராஜன் அவர்கள் 

அவர் திரையுலகுக்கு பின்னணி பாட வருவதற்கு முன்பு கூட தமிழகம் முழுக்க முருக பஜன் செய்து கொண்டிருந்தவர் இம்மாநாடு நடைபெறும் இந்த நேரத்தில் அவருக்கு மரியாதை செய்ய வேண்டியது நமது கடமை என்று நினைத்தோம்

 எனவே பாஜக தொண்டர்களுடன் மதுரையில் முனிச்சாலை அருகில் உள்ள டி எம் எஸ் சிலைக்கு மாலை அணிவித்து மரியாதை செய்தோம்

இராம ஸ்ரீநிவாசன்","[]",198,False,"No","Yes",False,"ta",58.665,"<a href=""https://x.com/twitter/status/1936607751222018472"" target=""_blank"">Tweet Link</a>","Positive","BJP","",False,2,17,122,"No","ProfessorBJP","","Pro-party","","","","",4436,1936607751222018472,"2026-01-25T17:01:58.255369Z","[]","State General Secretary - BJP Tamil Nadu",1174692144411566081,"Madurai, Tamilnadu","Raama Sreenivasan",False,6633
241,"4","2026-01-26T07:59:26.321699Z",4298,1011790,886,"தமிழகத்தில் எங்கேயுமே கஞ்சா நடமாட்டமே இல்லை என்று கொஞ்சம் கூடக் கூச்சமே இல்லாமல் பேசியிருக்கிறார் திமுக அமைச்சர் திரு. மா.சுப்பிரமணியன் அவர்கள். முதலமைச்சர் திரு @mkstalin நடத்தும் நடைபயிற்சி ஷூட்டிங்கிற்கான ஏற்பாட்டிலேயே தனது முழு நேரத்தையும் செலவிடுவதால், அமைச்சருக்கு உண்மை நிலை தெரிந்திருக்க வாய்ப்பில்லை.

நேற்றைய தினம், திருத்தணியில், 17 வயது சிறுவர்கள், கஞ்சா போதையில் ஒரு வடமாநில இளைஞரை அரிவாளால் கடுமையாக வெட்டிய காணொளியை, அமைச்சர் பொய் என்கிறாரா? தமிழகத்தின் பல பகுதிகளில் கஞ்சா விற்பனை, கடத்தல் மற்றும் வைத்திருப்பு தொடர்பான வழக்குகள் தொடர்ந்து பதிவாகி வருகின்றன. இந்த ஆண்டில் மட்டுமே, தூத்துக்குடியில் திமுக கவுன்சிலரின் மகன் கஞ்சா வழக்கில் கைது செய்யப்பட்ட சம்பவம், சென்னை, ஆவடி பகுதியில் ஆயிரக்கணக்கான கிலோ கஞ்சா பறிமுதல் செய்யப்பட்டது, ராமநாதபுரம், திண்டுக்கல் மற்றும் மதுரை மாவட்டங்களில், கஞ்சா விற்பனை மற்றும் கடத்தல் வழக்குகளில் நூற்றுக்கணக்கான கிலோ கஞ்சா பறிமுதல் செய்யப்பட்டு பலர் கைது செய்யப்பட்டுள்ளது, கஞ்சா விற்பனை வழக்குகளில் சிறை தண்டனை விதித்து நீதிமன்றமே தீர்ப்பளித்துள்ளது என, இவை அனைத்தும் நாம் நாள்தோறும் படிக்கும் செய்திகள். 

கோவையில் கல்லூரி மாணவர் விடுதிகளில் போலீசார் நடத்திய சோதனையில் கஞ்சா உள்ளிட்ட போதைப்பொருட்களும் ஆயுதங்களும் பறிமுதல் செய்யப்பட்டுள்ளன. மாணவர் விடுதிகள் வரை கஞ்சா விற்பனை ஊடுருவியிருப்பது, போதைப்பொருள் எவ்வளவு ஆழமாக தமிழகத்தில் பரவியுள்ளது என்பதற்கான நேரடி சாட்சி. கல்வி வளாகங்களே பாதுகாப்பற்ற நிலையில் இருக்கும்போது, கஞ்சா புழக்கம் இல்லை என்று பேசுவது பொதுமக்களுக்குச் செய்யும் துரோகம். கஞ்சா விற்பனை மற்றும் புழக்கத்தைக் கட்டுப்படுத்த முடியாமல் தோல்வியடைந்த திமுக அரசு, இன்று உண்மையை மறைத்து தப்பிக்க முயல்கிறது.

போதைப்பொருள் சட்ட ஒழுங்கு பிரச்சினை மட்டும் அல்ல. அது தமிழக இளைஞர்களின் எதிர்காலத்தை சிதைக்கும் சமூகப் பேரழிவு. கஞ்சா கடத்துபவர்கள் மீதும் விற்பனை செய்பவர்கள் மீதும் கடுமையான நடவடிக்கை எடுப்பதை விட்டுவிட்டு, முழு பூசணிக்காயைச் சோற்றில் மறைக்க அமைச்சர் திரு மா.சுப்பிரமணியன் முயற்சிப்பது வெட்கக்கேடு.","[]",199,True,"No","Yes",False,"ta",928.406,"<a href=""https://x.com/twitter/status/2005963685899215138"" target=""_blank"">Tweet Link</a>","Negative","{""choices"":[""DMK"",""BJP""]}","","",14,109,1502,"No","annamalai_k","","Pro-party","","Anti-party","","",18286,2005963685899215138,"2026-01-26T07:59:26.321728Z","[]","அறம் செய்ய விரும்பு. BJP Karyakartha.",61121030,"India","K.Annamalai",False,72695
242,"4","2026-01-26T07:59:53.123086Z",128,28063,47,"#Erode_Welcomes_Thalapathy 

கொங்கு மண்டலத்தில் இன்று மக்கள் சந்திப்பு நிகழ்ச்சியில் தலைவர் தளபதி அவர்களின் எழுச்சி உரை !

#தமிழகவெற்றிக்கழகம் 
#tamilagavettrikazhagam
| #Erode| #tvk | #TVKCampaign | #Perundurai |#vijaythalapathy #Meeting | #TVKMeeting | #TVKForTN2026 | 🇪🇦 <a href=""https://t.co/BJpOJbrAkp"">https://t.co/BJpOJbrAkp</a>","['Erode_Welcomes_Thalapathy', 'தமிழகவெற்றிக்கழகம்', 'tamilagavettrikazhagam', 'Erode', 'tvk', 'TVKCampaign', 'Perundurai', 'vijaythalapathy', 'Meeting', 'TVKMeeting', 'TVKForTN2026']",200,False,"No","Yes",False,"ta",24.286,"<a href=""https://x.com/twitter/status/2001640560285929810"" target=""_blank"">Tweet Link</a>","Positive","TVK","",False,0,4,57,"No","V_SathyaBama","","","","","","Pro-party",4175,2001640560285929810,"2026-01-26T07:59:53.123107Z","[]","Ex Member Of Parliament | 16th Lok Sabha | Tiruppur | Tamil Nadu | TVK | TVKForTN2026 | தமிழக வெற்றிக் கழகம் |",4000947339,"Tamil Nadu, Tiruppur","V Sathyabama",False,381
243,"4","2026-01-26T08:00:10.348946Z",109,1082843,10,"#OruPereVaralaaru Lyric Video 
▶️ <a href=""https://t.co/VHJ2uEtsYc"">https://t.co/VHJ2uEtsYc</a> <a href=""https://t.co/lbGKI0RIp3"">https://t.co/lbGKI0RIp3</a>","['OruPereVaralaaru']",201,True,"Yes","No",False,"en",14.763,"<a href=""https://x.com/twitter/status/2001638999186940158"" target=""_blank"">Tweet Link</a>","","","",False,1,0,47,"","Actor_Vijay","","","","","","",38608,2001638999186940158,"2026-01-26T08:00:10.348967Z","['http://youtu.be/ip8o5hDFLhI']","Fan page of @actorvijay | #ThalapathyVijay | #Thalapathy69 | #JanaNayagan | #TVKVijay | #தமிழகவெற்றிக்கழகம் | @tvkvijayhq",132267828,"Chennai, India","Actor Vijay Fans",False,932
244,"4","2026-01-26T08:00:42.535815Z",69,106574,1,"இடுவாய் மக்களின் உரிமை காக்கும் எல்லைச்சாமி ❣️ <a href=""https://t.co/wrhNtd0CV0"">https://t.co/wrhNtd0CV0</a>","[]",202,True,"No","Yes",False,"ta",30.048,"<a href=""https://x.com/twitter/status/2001637130389643356"" target=""_blank"">Tweet Link</a>","Positive","BJP","",False,0,0,21,"No","annamalai_chap2","","Pro-party","","","","",58564,2001637130389643356,"2026-01-26T08:00:42.535834Z","[]","தீரன் அண்ணாமலை தோழர் படை Chapter 1 - SP, DCP, Karnataka Singham Chapter 2 - Social Worker Tamil Nadu",1260082355924074496,"Tamil Nadu, India","Army of Dheeran Annamalai",False,370
245,"4","2026-01-26T08:01:15.871652Z",71,254282,226,"Bro still using old Gimmicks to try and make people dislike Vijay with  fake narratives &amp; morphed pics 😃

<a href=""https://t.co/T6MySy6B13"">https://t.co/T6MySy6B13</a>","[]",203,True,"Yes","Yes",True,"en",31.088,"<a href=""https://x.com/twitter/status/2001634856430899652"" target=""_blank"">Tweet Link</a>","Negative","TVK","",False,1,2,36,"Yes","LetsXOtt","","","","","","Pro-party",19204,2001634856430899652,"2026-01-26T08:01:15.871671Z","[]","Official account of @LetsXOtt Reviews , Exclusive Updates  & Box Office Numbers.",1384732692437102597,"Worldwide","Let's X OTT GLOBAL",False,1574
246,"4","2026-01-26T08:01:51.662088Z",118,3985,195,"வென்றே தீருவோம்.✊🏼🔥

#JusticeForIduvai | #Annamalai <a href=""https://t.co/yhnLEcvs9Y"">https://t.co/yhnLEcvs9Y</a>","['JusticeForIduvai', 'Annamalai']",204,True,"No","Yes",False,"ta",33.671,"<a href=""https://x.com/twitter/status/2001634530734780808"" target=""_blank"">Tweet Link</a>","Negative","BJP","",False,1,1,37,"No","TwitzKarthi","","Pro-party","","","","",4625,2001634530734780808,"2026-01-26T08:01:51.662113Z","[]","Modi’s Vision & Annamalai’s Mission | Anti DMK | Views are Personal.",1885955664540729344,"🇮🇳","ᴋᴀʀᴛʜɪ",False,1440
247,"4","2026-01-26T08:02:06.442616Z",485,91586,43,"How many Vijay fans ONLINE? 👀 

Hit the RETWEET button and mark your attendance. 

#OruPereVaralaaru #JanaNayagan 

 <a href=""https://t.co/TFiNmRXH0v"">https://t.co/TFiNmRXH0v</a>","['OruPereVaralaaru', 'JanaNayagan']",205,True,"Yes","No",False,"en",12.482,"<a href=""https://x.com/twitter/status/2001633352940712421"" target=""_blank"">Tweet Link</a>","","","",False,0,0,207,"","ActorVijayTeam","","","","","","",25712,2001633352940712421,"2026-01-26T08:02:06.442638Z","[]","Actor Vijay Team Providing Latest News, Information And Pictures. Connecting Thalapathy Vijay Fans Everywhere With Love! Upcoming Film: #JanaNayagan",837957053083611136,"Kentucky, USA","Actor Vijay Team",False,5439
248,"4","2026-01-26T08:02:42.369911Z",104,124158,3537,"Fascist mindset of  the DMK government at full display . Arresting Annan @annamalai_k avl for standing with the people of Tirupur shows their intolerance. Strongly condemn this action.","[]",206,True,"No","Yes",True,"en",33.73,"<a href=""https://x.com/twitter/status/2001632923406209189"" target=""_blank"">Tweet Link</a>","Negative","{""choices"":[""DMK"",""BJP""]}","","",0,1,26,"No","karthikgnath","","Pro-party","","Anti-party","","",18589,2001632923406209189,"2026-01-26T08:02:42.369938Z","[]","BJP Thondan/karyakarta, founder Ilaya Bharatham.",1200257327338680321,"Chennai, India","karthik gopinath",False,895
249,"4","2026-01-26T08:03:27.414018Z",190,8955,383,"அதிகாரத்தை கொண்டு இடுவாய் மக்களை முடக்கினால், அதை உடைக்க ஆளுமை கொண்ட ஒருவன் வருவான். 🔥

#Annamalai #Iduvai <a href=""https://t.co/jAvLnl54Jl"">https://t.co/jAvLnl54Jl</a>","['Annamalai', 'Iduvai']",207,True,"No","Yes",False,"ta",42.606,"<a href=""https://x.com/twitter/status/2001631703081828610"" target=""_blank"">Tweet Link</a>","Positive","BJP","",False,2,0,81,"No","Bagavathprathee","","Pro-party","","","","",28548,2001631703081828610,"2026-01-26T08:03:27.414040Z","[]","Politics | Tamil | Observer | Tweets & RT Strictly Personal 🙏🏻",2173591035,"நாஞ்சில் நாடு","Bagavath Pratheep",False,1682
250,"4","2026-01-26T08:03:49.483190Z",88,254282,226,"Director Vijay Kartikeyaa says that Kiccha Sudeep is a very special star.

 Most famous actors want to be the only important person in a movie, but Sudeep is different. In his new movie Mark, he is happy to work with many other talented actors and several different villains at the same time. This shows he cares more about making the story better than just being the only person on screen.

#MarkTheFilm  @KicchaSudeep","['MarkTheFilm']",208,True,"Yes","No",False,"en",19.946,"<a href=""https://x.com/twitter/status/2001628264562073682"" target=""_blank"">Tweet Link</a>","","","",False,1,3,30,"","LetsXOtt","","","","","","",19204,2001628264562073682,"2026-01-26T08:03:49.483213Z","[]","Official account of @LetsXOtt Reviews , Exclusive Updates  & Box Office Numbers.",1384732692437102597,"Worldwide","Let's X OTT GLOBAL",False,2491
251,"4","2026-01-26T08:04:34.090875Z",78,157234,4377,"The incompetent DMK Government has arrested Thiru @annamalai_k avl for protesting against the decision to dump garbage in Iduvai.

First, they turn people’s land into a garbage yard. Now, they arrest those who raise their voice against this insensitive and unjust decision.

Is this the Dravidian Model of governance @mkstalin?","[]",209,True,"No","Yes",False,"en",42.575,"<a href=""https://x.com/twitter/status/2001627377856885053"" target=""_blank"">Tweet Link</a>","Positive","{""choices"":[""DMK"",""BJP""]}","",False,0,1,30,"No","amarprasadreddy","","Pro-party","","Anti-party","","",58735,2001627377856885053,"2026-01-26T08:04:34.090901Z","[]","State Secretary TN BJP | Ex Advisor, MOH&FW, Govt. of India | Fr. Chairman, Special Olympics Int. Football Championship & TN Paralympics | Cyber Security | AI",2167816332,"India","APR",False,808
252,"4","2026-01-26T08:05:24.247084Z",58,40369,2815,"Vijay : மக்களுக்கு ஒன்னுனா விஜய் வந்து நிப்பான் 
மக்கள் : 41 பேர கொன்னுட்டு 40 நாள் வீட்ல  ஒளிஞ்சு கிடத்த பொட்ட பேசுற Dialogue 🤭

#TVKVijay 🤡

<a href=""https://t.co/2tgjDZv7TW"">https://t.co/2tgjDZv7TW</a>","['TVKVijay']",210,False,"No","Yes",False,"ta",47.833,"<a href=""https://x.com/twitter/status/2001626840843325782"" target=""_blank"">Tweet Link</a>","Negative","TVK","",False,0,0,36,"Yes","aravinth43AK","","","","","","Anti-party",36059,2001626840843325782,"2026-01-26T08:05:24.247107Z","[]","தமிழன் 🐯 
Heaven must be really small because I can see it on my mummy eyes #AK இதயமாக வச்சிருக்கும் கோடி ரசிகர்களில் நானும் ஒருவன் jaffna.

உலகத்தை நேசி .....",1142364385144426496,"","தல அரவிந்த்",False,545
253,"4","2026-01-26T08:05:39.652032Z",1149,91586,43,"15 MILLION views and 2.1 MILLION likes for Thalapathy Vijay’s Erode Selfie Video on Instagram <a href=""https://t.co/DImVi6ZQ9T"">https://t.co/DImVi6ZQ9T</a>","[]",211,True,"Yes","No",False,"en",13.052,"<a href=""https://x.com/twitter/status/2001626397484421200"" target=""_blank"">Tweet Link</a>","","","",False,0,0,343,"","ActorVijayTeam","","","","","","",25712,2001626397484421200,"2026-01-26T08:05:39.652054Z","[]","Actor Vijay Team Providing Latest News, Information And Pictures. Connecting Thalapathy Vijay Fans Everywhere With Love! Upcoming Film: #JanaNayagan",837957053083611136,"Kentucky, USA","Actor Vijay Team",False,6970
254,"4","2026-01-26T08:06:01.565300Z",126,2748842,1,"#JUSTIN | தூய அன்பின் துணையோடு... - விஜய் 

  #Erode | #TVK | #Vijay | #TVKVijay <a href=""https://t.co/valrOjbrtF"">https://t.co/valrOjbrtF</a>","['JUSTIN', 'Erode', 'TVK', 'Vijay', 'TVKVijay']",212,True,"Yes","Yes",False,"ta",19.854,"<a href=""https://x.com/twitter/status/2001625348786757677"" target=""_blank"">Tweet Link</a>","Positive","TVK","",False,0,2,41,"No","PttvNewsX","","","","","","Pro-party",548091,2001625348786757677,"2026-01-26T08:06:01.565323Z","[]","Puthiya Thalaimurai TV (Tamil: புதிய தலைமுறை டிவி) is a 24x7 live news channel",622872390,"Chennai","PttvOnlinenews",False,2863
255,"4","2026-01-26T08:06:24.922184Z",423,8188,3852,"Now I understood why DMK is afraid of Thalapathy. 

He is 3x powerful than MGR 🫡

Not even 10 years, He will rule another 30 years in political for sure 💯📈

 <a href=""https://t.co/2iig5lKuaY"">https://t.co/2iig5lKuaY</a>","[]",213,False,"No","Yes",False,"en",21.147,"<a href=""https://x.com/twitter/status/2001625272601411750"" target=""_blank"">Tweet Link</a>","Positive","{""choices"":[""DMK"",""TVK""]}","",False,0,3,135,"No","Mr_Perfecttwitz","","","","Anti-party","","Pro-party",120331,2001625272601411750,"2026-01-26T08:06:24.922213Z","[]","Pray for the best, Prepare for the worst ♏",1176870155713839104,"","ஆதித்யா ஜனநாயகன் 💥",False,3602
256,"4","2026-01-26T08:06:48.717503Z",171,254282,226,"New Title Card of Dileep in #BhaBhaBa × Thalapathy Vijay 's G.O.A.T Title Card 🔥👌 <a href=""https://t.co/ABoRS5IkFP"">https://t.co/ABoRS5IkFP</a>","['BhaBhaBa']",214,True,"Yes","No",False,"en",21.538,"<a href=""https://x.com/twitter/status/2001625045941293296"" target=""_blank"">Tweet Link</a>","","","",False,0,2,27,"","LetsXOtt","","","","","","",19204,2001625045941293296,"2026-01-26T08:06:48.717523Z","[]","Official account of @LetsXOtt Reviews , Exclusive Updates  & Box Office Numbers.",1384732692437102597,"Worldwide","Let's X OTT GLOBAL",False,7570
257,"4","2026-01-26T08:07:16.707629Z",89,22037,1680,"பொதுமக்கள் வாழ்விடங்களை குப்பை கிடங்காக மாற்றும் அரசை எதிர்த்து போராடினால் தன் சர்வாதிகாரத்தை ஏவுகிறது திமுக அரசு..திரு.அண்ணாமலை அவர்களின் கைது வன்மையாக கண்டிக்கத்தக்கது.. தன் அந்திமத்தை நெருங்குகிறது இந்த ஆட்சி..

#Annamalai <a href=""https://t.co/wNGD5IOtsI"">https://t.co/wNGD5IOtsI</a>","['Annamalai']",215,True,"No","Yes",False,"ta",25.883,"<a href=""https://x.com/twitter/status/2001624900788982200"" target=""_blank"">Tweet Link</a>","Positive","{""choices"":[""DMK"",""BJP""]}","",False,0,0,24,"No","sundarrajachola","","Pro-party","","Anti-party","","",45686,2001624900788982200,"2026-01-26T08:07:16.707659Z","[]","வல்லமை தாராயோ-மாநிலம் பயனுற வாழ்வதற்கே. . #Bharathiyan #nationalist🇮🇳 #ThamizhHindu🌟

Chozha Nadu (TamizHagam)",313255248," India","SundarRajaCholan☀𑌸𑍁𑌨𑍍𑌦𑌰𑍍 𑌰𑌾𑌜 𑌚𑍋𑌳𑌼𑌨☀",False,947
258,"4","2026-01-26T08:08:43.137262Z",75,9777,851,"Tamilnadu assembly elections 2026.

1. Met three more voters.
2.  First two around 30 and driving private cars.
3. 1st guy voting DMK in Ponneri.
4. 2nd guy voting TVK in Tambaram. Hails from Pollachi but votes in Tambaram.
5. 3rd guy aged 35 traveling to Kumbakonam by train. Met him in bus. Voting Admk/Bjp. He votes in Kumbakonam.
6. Vijay has a big public meeting in Erode. Good arrangements. Well attended.
7. Calls DMK an evil force.
8. Seng Sir almost says CM will be MGR or JJ, stops himself in time and says Vijay.  I like him.
9. Seng Sir adds value, experience to TVK. 
10. Vijay says more prominent people will join TVK.
11. TVK expected to win Tamilnadu with 160 to 200 seats.
12. Whole day DMK X IT guys ran Spaces pouring hate and scorn on Vijay. It is extreme vanmam. Not unexpected. An entire Samarajyam is being demolished by Vijay brick by brick. Even Humpty Dumpty will seem pretty on counting day as the ruling govt gets ousted in spectacular fashion. Expect whole of India to be shocked at the result.","[]",216,True,"No","Yes",False,"en",84.047,"<a href=""https://x.com/twitter/status/2001624096539619659"" target=""_blank"">Tweet Link</a>","Positive","{""choices"":[""DMK"",""TVK""]}","","",0,2,19,"No","vyasa1968","","","","Anti-party","","Pro-party",125113,2001624096539619659,"2026-01-26T08:08:43.137284Z","[]","Nationalist. BJP / Modi supporter. Politics and Election analysis. Witty and sarcastic. Humorous election/political stories. If you like my tweet, do follow me.",4548382813,"Bharat","AwakeHindu (Top gun Pollster)",False,1554
259,"3","2026-01-27T02:33:40.894827Z",125,23052,325,"இரண்டாக உடைந்த தவெக!

தமிழ்நாட்டு அரசியலில் அதிர்ச்சிகர திருப்பம்! <a href=""https://t.co/r5EijZilOL"">https://t.co/r5EijZilOL</a>","[]",217,False,"No","Yes",False,"ta",218.227,"<a href=""https://x.com/twitter/status/2001623739738526206"" target=""_blank"">Tweet Link</a>","Negative","TVK","",False,5,13,40,"No","Adv_Abubacker","","","","","","Neutral",6849,2001623739738526206,"2026-01-27T02:33:40.894846Z","[]","Advocate | Orator | Activist | politician | State Coordinator @ntkmaanavar |",2760378021,"முத்து நகர்","Adv. Abubacker ⚖️",False,1145
260,"3","2026-01-27T02:34:57.470055Z",64,1458,540,"திருப்பூரில் பாஜக முன்னாள் மாநில தலைவர் அண்ணாமலை கைது 
@annamalai_k <a href=""https://t.co/xUBjPkX1if"">https://t.co/xUBjPkX1if</a>","[]",218,False,"Yes","Yes",False,"ta",74.545,"<a href=""https://x.com/twitter/status/2001623617621364746"" target=""_blank"">Tweet Link</a>","Neutral","BJP","",False,0,2,17,"No","kani_twitz24","","Neutral","","","","",4545,2001623617621364746,"2026-01-27T02:34:57.470077Z","[]","ll  Journalist ll Tweets & RTs are My Personal 

'நேர்மையாக  இருந்து பார், எதற்கும் அச்சப்பட தேவையில்லை'",1418199683885719566,"Chennai / Chidambaram ","Thamaraikani",False,871
261,"3","2026-01-27T02:39:26.880744Z",53,174214,211,"கழக இளைஞர் அணியின் வடக்கு மண்டல நிர்வாகிகள் சந்திப்பில் கூடிய கொள்கைக் கூட்டம்! 

2026ல் கழகமே மீண்டும் வெல்லும்! 🖤❤️

@Udhaystalin #Youth4DMK2026","['Youth4DMK2026']",219,True,"No","Yes",False,"ta",267.561,"<a href=""https://x.com/twitter/status/2001623112358797547"" target=""_blank"">Tweet Link</a>","Positive","DMK","",False,0,3,37,"No","dmk_youthwing","","","","Pro-party","","",14700,2001623112358797547,"2026-01-27T02:39:26.880767Z","[]","The Official DMK Youth Wing, Twitter Account | தி.மு.க. இளைஞர் அணி",1157307407384473600,"Teynampet, Chennai","DMK Youth Wing",False,466
262,"3","2026-01-27T02:40:24.593583Z",597,144922,3724,"பத்திரிக்கை காரங்கள கைக்குள்ள வச்சிட்டு நீ கேட்க வைக்கிற கேள்விக்கு பதில் சொல்லனுமா 😋

நீ தான் தைரியமான ஆளாச்சே , முடிஞ்சா திமுக மேடையில பதில் சொல்லு.","[]",220,True,"No","Yes",True,"ta",55.878,"<a href=""https://x.com/twitter/status/2001622249011581403"" target=""_blank"">Tweet Link</a>","Negative","DMK","","",3,8,245,"Yes","OGprasanna","","","","Anti-party","","",68771,2001622249011581403,"2026-01-27T02:40:24.593614Z","[]","Remember my Name 🕴
                                                           Joint Coordinator - TVK Social Media Wing , Thanjavur Zone",3883231259,"India","Prasanna OG",False,8223
263,"3","2026-01-27T02:41:42.759964Z",49,5799,901,"உண்மையை சொன்ன அரெஸ்ட் பண்ணி இருகாங்க DMK அரசு

#Annamalai 🔥

 <a href=""https://t.co/G8rROq3BPq"">https://t.co/G8rROq3BPq</a>","['Annamalai']",221,True,"No","Yes",False,"ta",76.5,"<a href=""https://x.com/twitter/status/2001621882521739684"" target=""_blank"">Tweet Link</a>","Negative","{""choices"":[""DMK"",""BJP""]}","",False,1,0,20,"No","MuraliS27","","Pro-party","","Anti-party","","",62674,2001621882521739684,"2026-01-27T02:41:42.759993Z","[]","Nationalist",587058490,"London","Murali",False,409
264,"3","2026-01-27T03:03:24.655939Z",198,2748842,1,"#JUSTIN | வாழ்நாளில் இதுவரை இல்லாத வகையில்... - விஜய் 

#Erode | #TVK | #Vijay | #TVKVijay <a href=""https://t.co/D5mHAoWfuC"">https://t.co/D5mHAoWfuC</a>","['JUSTIN', 'Erode', 'TVK', 'Vijay', 'TVKVijay']",222,True,"Yes","Yes",False,"ta",1299.947,"<a href=""https://x.com/twitter/status/2001621788149846290"" target=""_blank"">Tweet Link</a>","Neutral","TVK","",False,0,0,57,"No","PttvNewsX","","","","","","Neutral",548091,2001621788149846290,"2026-01-27T03:03:24.655969Z","[]","Puthiya Thalaimurai TV (Tamil: புதிய தலைமுறை டிவி) is a 24x7 live news channel",622872390,"Chennai","PttvOnlinenews",False,2709
265,"3","2026-01-27T03:05:54.126019Z",173,5277,846,"Tamilnadu news ‼

BJP Ex President Annamalai anna detained in Tiruppur
<a href=""https://t.co/7Xf5XpexJs"">https://t.co/7Xf5XpexJs</a>","[]",223,False,"Yes","Yes",False,"en",114.195,"<a href=""https://x.com/twitter/status/2001621631958220835"" target=""_blank"">Tweet Link</a>","Neutral","BJP","",False,1,1,40,"No","JBtwet","","Neutral","","","","",30010,2001621631958220835,"2026-01-27T03:05:54.126039Z","[]","Proud Hindu 
🚩

alternative ID @jb0tweet",1483316019326492673,"","JB",False,1290
266,"3","2026-01-27T03:07:02.243809Z",130,4247,1415,"Condemn the Arrest of Thalaivar #Annamalai avl,  DMK its your last 170 days start counting!
@annamalai_k <a href=""https://t.co/xhlOpe5y7T"">https://t.co/xhlOpe5y7T</a>","['Annamalai']",224,False,"No","Yes",False,"en",66.221,"<a href=""https://x.com/twitter/status/2001621402097717753"" target=""_blank"">Tweet Link</a>","Negative","{""choices"":[""DMK"",""BJP""]}","",False,0,1,34,"Yes","MVinothOffl","","Pro-party","","Anti-party","","",22565,2001621402097717753,"2026-01-27T03:07:02.243837Z","[]","#BJP Karyakarta 
 #CentralChennai #Annanagar #RSS #EnmannEnMakkal https://t.co/oy8Z9x11MT",196182238,"Central Chennai, Bharat","M.Vinoth 🇮🇳",False,850
267,"3","2026-01-27T03:07:56.914300Z",345,106574,1,"திருப்பூர் மாவட்டம் இடுவாய் ஊராட்சிக்குட்பட்ட சின்னக்காளிபாளையத்தில் பொதுமக்களுக்கு இடையூறான வகையில் தமிழக அரசு அமைக்கும் குப்பைக் கிடங்கிற்கு எதிரான போராட்டத்தில் கிராம மக்களுடன் களத்தில் தலைவர் <a href=""https://t.co/52PBTieyOb"">https://t.co/52PBTieyOb</a>","[]",225,True,"No","Yes",False,"ta",52.684,"<a href=""https://x.com/twitter/status/2001621138246713419"" target=""_blank"">Tweet Link</a>","Negative","DMK","",False,0,5,130,"No","annamalai_chap2","","","","Anti-party","","",58564,2001621138246713419,"2026-01-27T03:07:56.914323Z","[]","தீரன் அண்ணாமலை தோழர் படை Chapter 1 - SP, DCP, Karnataka Singham Chapter 2 - Social Worker Tamil Nadu",1260082355924074496,"Tamil Nadu, India","Army of Dheeran Annamalai",False,2114
268,"3","2026-01-27T03:09:36.717720Z",111,27016,4397,"நாங்க வேலை வெட்டிக்கே போகமாட்டோம் 

விஜய்னா எங்கெல்லாம் கூட்டம் போடுறாப்லயோ அங்கெல்லாம் போய்டுவோம் 

இதையவே தொழிலா வச்சிட்டு இருக்கோம் 

ஏன்னா ? 

நாங்க தவெக தொண்டர்கள் 

- JD பாசறை <a href=""https://t.co/VUK9eCxz2O"">https://t.co/VUK9eCxz2O</a>","[]",226,True,"No","Yes",False,"ta",97.954,"<a href=""https://x.com/twitter/status/2001620937079427195"" target=""_blank"">Tweet Link</a>","Positive","TVK","",False,2,1,44,"No","SiluvaM_","","","","","","Pro-party",213675,2001620937079427195,"2026-01-27T03:09:36.717741Z","[]","மதியாதார் தலைவாசல் மிதியாதே ..!!!

D-Stock 🖤❤ தல தோனி ❤ #DravidianAlgorithm",2478324450,"சென்னை ","சிலுவை",False,1767
269,"3","2026-01-27T03:10:36.718058Z",130,19549,1514,"நீயே ஒரு கேடுகெட்ட கேரக்ட்டர்டா விஜய்

அதாவது CM அமித்ஷாவை பார்த்து சொன்னா இந்த விஜய் ஏன் கூவுறான்...

இதுக்கு பேர் தான் வாங்குன காசுக்கு மேல கூவுறான் கொய்யா.. <a href=""https://t.co/mDL9dXywuv"">https://t.co/mDL9dXywuv</a>","[]",227,True,"No","Yes",False,"ta",58.283,"<a href=""https://x.com/twitter/status/2001620705969098979"" target=""_blank"">Tweet Link</a>","Negative","{""choices"":[""TVK"",""BJP""]}","",False,3,4,62,"Yes","madraspaiyan_","","Anti-party","","","","Anti-party",97732,2001620705969098979,"2026-01-27T03:10:36.718078Z","[]","என்றும் ஒரே தல அஜித் 🔥",244059328,"Tamil Nadu,","மெட்ராஸ் பையன்",False,1621
270,"3","2026-01-27T03:29:01.238272Z",426,144058,613,"விவசாய நிலங்களுக்கு அருகே குப்பைகளைக் கொட்டி, மக்களின் வாழ்வாதாரத்தை அழிக்கும் திருப்பூர் மாநகராட்சியை எதிர்த்து, இடுவாய் மக்களுக்காகக் களம் கண்ட திரு.@annamalai_k அவர்கள் கைது செய்யப்பட்டிருப்பதை வன்மையாகக் கண்டிக்கிறேன்.

மக்களின் நியாயமான போராட்டத்தை ஒடுக்க நினைக்கும் தி.மு.க அரசின் சர்வாதிகாரப் போக்கு கண்டிக்கத்தக்கது. விவசாயிகளின் நலன் காக்கத் துணிந்து நிற்கும் ஒரு தலைவரின் குரலை, காவல்துறையை ஏவி முடக்கிவிடலாம் என்று கனவு காண வேண்டாம். அடக்குமுறைகளைத் தாண்டி மக்கள் பணி தொடரும்.

#Annamalai #DMKFails","['Annamalai', 'DMKFails']",228,True,"No","Yes",False,"ta",112.829,"<a href=""https://x.com/twitter/status/2001620076257251440"" target=""_blank"">Tweet Link</a>","Negative","{""choices"":[""DMK"",""ADMK""]}","",False,1,9,153,"No","SuryahSG","","","","","","",119202,2001620076257251440,"2026-01-27T03:29:01.238292Z","[]","🚩RSS Bal Swayamsevak 🚩| President - BJP Youth Wing(@BJYMinTN), Tamil Nadu | Leading the Youth of Tamil Nadu towards a developed India | #NationFirst |",46427326,"Velachery, South Chennai","Dr.SG Suryah",False,4381
