tweet_text,Party,is_mentioned
"திருப்பூர் மாவட்டம் இடுவாய் கிராமத்தில் , பொதுமக்கள் விருப்பத்திற்கு எதிராக குப்பைக்கிடங்கு அமைக்கும் பணியை நிறுத்தக் கோரி , பொதுமக்களோடு இணைந்து ஆர்ப்பாட்டம் நடத்த , திமுக அரசு அனுமதி மறுத்ததோடு மட்டுமல்லாமல் , @ bjp4tamilnadu திருப்பூர் வடக்கு மாவட்டத் தலைவர் திரு @ kcmb_srinivasan மற்றும் நான் உட்பட பாஜக தொண்டர்களைக் கைது செய்திருக்கிறது காவல்துறை . நாட்டிலேயே , தூய்மையான பெருநகரங்களில் , சென்னை , மதுரை , கோவை மற்றும் சிறு நகரங்களில் ஈரோடு , திருப்பூர் உள்ளிட்டவை கடைசி இடங்களில் இருக்கின்றன . கமிஷன் வாங்குவதற்காக மட்டுமே , திருப்பூர் மாநகரத்தையே குப்பைக்கிடங்காக்கி வைத்திருக்கிறது திருப்பூர் மாநகராட்சி . திருப்பூர் மாநகர திமுக மேயர் , இதற்காக மட்டுமே பதவியில் இருக்கிறார் . பொதுமக்கள் எத்தனை போராட்டம் நடத்தினாலும் , திருப்பூருக்கான நிரந்தரத் தீர்வு , தேர்தலில் மக்கள் அளிக்கப் போகும் வாக்குகள்தான் . வரும் தேர்தலில் , இந்த மக்கள் விரோத திமுக அரசை வீட்டுக்கு அனுப்ப வேண்டும் . ஜனநாயக முறைப்படி , இடுவாய் கிராம பொதுமக்கள் பிரச்சினைக்காகக் குரல் கொடுக்க அனுமதி தர மறுத்து , எங்களைக் கைது செய்து அடக்குமுறையைக் கையாளும் திமுக அரசும் , காவல்துறையும் , நாளை முதல் வேறு வேறு வடிவங்களில் பொதுமக்களின் போராட்டத்தைச் சந்திப்பார்கள் என்பதைக் கூறிக் கொள்கிறேன் . திமுக அரசின் ஒடுக்குமுறைக்கும் கைது நடவடிக்கைகளுக்கும் என்றும் அஞ்சோம் . இடுவாய் மக்களின் குரலாக எங்கள் குரல் என்றும் ஒலிக்கும் . ( 1/2 )",ADMK,0
"திருப்பூர் மாவட்டம் இடுவாய் கிராமத்தில் , பொதுமக்கள் விருப்பத்திற்கு எதிராக குப்பைக்கிடங்கு அமைக்கும் பணியை நிறுத்தக் கோரி , பொதுமக்களோடு இணைந்து ஆர்ப்பாட்டம் நடத்த , திமுக அரசு அனுமதி மறுத்ததோடு மட்டுமல்லாமல் , @ bjp4tamilnadu திருப்பூர் வடக்கு மாவட்டத் தலைவர் திரு @ kcmb_srinivasan மற்றும் நான் உட்பட பாஜக தொண்டர்களைக் கைது செய்திருக்கிறது காவல்துறை . நாட்டிலேயே , தூய்மையான பெருநகரங்களில் , சென்னை , மதுரை , கோவை மற்றும் சிறு நகரங்களில் ஈரோடு , திருப்பூர் உள்ளிட்டவை கடைசி இடங்களில் இருக்கின்றன . கமிஷன் வாங்குவதற்காக மட்டுமே , திருப்பூர் மாநகரத்தையே குப்பைக்கிடங்காக்கி வைத்திருக்கிறது திருப்பூர் மாநகராட்சி . திருப்பூர் மாநகர திமுக மேயர் , இதற்காக மட்டுமே பதவியில் இருக்கிறார் . பொதுமக்கள் எத்தனை போராட்டம் நடத்தினாலும் , திருப்பூருக்கான நிரந்தரத் தீர்வு , தேர்தலில் மக்கள் அளிக்கப் போகும் வாக்குகள்தான் . வரும் தேர்தலில் , இந்த மக்கள் விரோத திமுக அரசை வீட்டுக்கு அனுப்ப வேண்டும் . ஜனநாயக முறைப்படி , இடுவாய் கிராம பொதுமக்கள் பிரச்சினைக்காகக் குரல் கொடுக்க அனுமதி தர மறுத்து , எங்களைக் கைது செய்து அடக்குமுறையைக் கையாளும் திமுக அரசும் , காவல்துறையும் , நாளை முதல் வேறு வேறு வடிவங்களில் பொதுமக்களின் போராட்டத்தைச் சந்திப்பார்கள் என்பதைக் கூறிக் கொள்கிறேன் . திமுக அரசின் ஒடுக்குமுறைக்கும் கைது நடவடிக்கைகளுக்கும் என்றும் அஞ்சோம் . இடுவாய் மக்களின் குரலாக எங்கள் குரல் என்றும் ஒலிக்கும் . ( 1/2 )",BJP,1
"திருப்பூர் மாவட்டம் இடுவாய் கிராமத்தில் , பொதுமக்கள் விருப்பத்திற்கு எதிராக குப்பைக்கிடங்கு அமைக்கும் பணியை நிறுத்தக் கோரி , பொதுமக்களோடு இணைந்து ஆர்ப்பாட்டம் நடத்த , திமுக அரசு அனுமதி மறுத்ததோடு மட்டுமல்லாமல் , @ bjp4tamilnadu திருப்பூர் வடக்கு மாவட்டத் தலைவர் திரு @ kcmb_srinivasan மற்றும் நான் உட்பட பாஜக தொண்டர்களைக் கைது செய்திருக்கிறது காவல்துறை . நாட்டிலேயே , தூய்மையான பெருநகரங்களில் , சென்னை , மதுரை , கோவை மற்றும் சிறு நகரங்களில் ஈரோடு , திருப்பூர் உள்ளிட்டவை கடைசி இடங்களில் இருக்கின்றன . கமிஷன் வாங்குவதற்காக மட்டுமே , திருப்பூர் மாநகரத்தையே குப்பைக்கிடங்காக்கி வைத்திருக்கிறது திருப்பூர் மாநகராட்சி . திருப்பூர் மாநகர திமுக மேயர் , இதற்காக மட்டுமே பதவியில் இருக்கிறார் . பொதுமக்கள் எத்தனை போராட்டம் நடத்தினாலும் , திருப்பூருக்கான நிரந்தரத் தீர்வு , தேர்தலில் மக்கள் அளிக்கப் போகும் வாக்குகள்தான் . வரும் தேர்தலில் , இந்த மக்கள் விரோத திமுக அரசை வீட்டுக்கு அனுப்ப வேண்டும் . ஜனநாயக முறைப்படி , இடுவாய் கிராம பொதுமக்கள் பிரச்சினைக்காகக் குரல் கொடுக்க அனுமதி தர மறுத்து , எங்களைக் கைது செய்து அடக்குமுறையைக் கையாளும் திமுக அரசும் , காவல்துறையும் , நாளை முதல் வேறு வேறு வடிவங்களில் பொதுமக்களின் போராட்டத்தைச் சந்திப்பார்கள் என்பதைக் கூறிக் கொள்கிறேன் . திமுக அரசின் ஒடுக்குமுறைக்கும் கைது நடவடிக்கைகளுக்கும் என்றும் அஞ்சோம் . இடுவாய் மக்களின் குரலாக எங்கள் குரல் என்றும் ஒலிக்கும் . ( 1/2 )",Congress,0
"திருப்பூர் மாவட்டம் இடுவாய் கிராமத்தில் , பொதுமக்கள் விருப்பத்திற்கு எதிராக குப்பைக்கிடங்கு அமைக்கும் பணியை நிறுத்தக் கோரி , பொதுமக்களோடு இணைந்து ஆர்ப்பாட்டம் நடத்த , திமுக அரசு அனுமதி மறுத்ததோடு மட்டுமல்லாமல் , @ bjp4tamilnadu திருப்பூர் வடக்கு மாவட்டத் தலைவர் திரு @ kcmb_srinivasan மற்றும் நான் உட்பட பாஜக தொண்டர்களைக் கைது செய்திருக்கிறது காவல்துறை . நாட்டிலேயே , தூய்மையான பெருநகரங்களில் , சென்னை , மதுரை , கோவை மற்றும் சிறு நகரங்களில் ஈரோடு , திருப்பூர் உள்ளிட்டவை கடைசி இடங்களில் இருக்கின்றன . கமிஷன் வாங்குவதற்காக மட்டுமே , திருப்பூர் மாநகரத்தையே குப்பைக்கிடங்காக்கி வைத்திருக்கிறது திருப்பூர் மாநகராட்சி . திருப்பூர் மாநகர திமுக மேயர் , இதற்காக மட்டுமே பதவியில் இருக்கிறார் . பொதுமக்கள் எத்தனை போராட்டம் நடத்தினாலும் , திருப்பூருக்கான நிரந்தரத் தீர்வு , தேர்தலில் மக்கள் அளிக்கப் போகும் வாக்குகள்தான் . வரும் தேர்தலில் , இந்த மக்கள் விரோத திமுக அரசை வீட்டுக்கு அனுப்ப வேண்டும் . ஜனநாயக முறைப்படி , இடுவாய் கிராம பொதுமக்கள் பிரச்சினைக்காகக் குரல் கொடுக்க அனுமதி தர மறுத்து , எங்களைக் கைது செய்து அடக்குமுறையைக் கையாளும் திமுக அரசும் , காவல்துறையும் , நாளை முதல் வேறு வேறு வடிவங்களில் பொதுமக்களின் போராட்டத்தைச் சந்திப்பார்கள் என்பதைக் கூறிக் கொள்கிறேன் . திமுக அரசின் ஒடுக்குமுறைக்கும் கைது நடவடிக்கைகளுக்கும் என்றும் அஞ்சோம் . இடுவாய் மக்களின் குரலாக எங்கள் குரல் என்றும் ஒலிக்கும் . ( 1/2 )",DMK,1
"திருப்பூர் மாவட்டம் இடுவாய் கிராமத்தில் , பொதுமக்கள் விருப்பத்திற்கு எதிராக குப்பைக்கிடங்கு அமைக்கும் பணியை நிறுத்தக் கோரி , பொதுமக்களோடு இணைந்து ஆர்ப்பாட்டம் நடத்த , திமுக அரசு அனுமதி மறுத்ததோடு மட்டுமல்லாமல் , @ bjp4tamilnadu திருப்பூர் வடக்கு மாவட்டத் தலைவர் திரு @ kcmb_srinivasan மற்றும் நான் உட்பட பாஜக தொண்டர்களைக் கைது செய்திருக்கிறது காவல்துறை . நாட்டிலேயே , தூய்மையான பெருநகரங்களில் , சென்னை , மதுரை , கோவை மற்றும் சிறு நகரங்களில் ஈரோடு , திருப்பூர் உள்ளிட்டவை கடைசி இடங்களில் இருக்கின்றன . கமிஷன் வாங்குவதற்காக மட்டுமே , திருப்பூர் மாநகரத்தையே குப்பைக்கிடங்காக்கி வைத்திருக்கிறது திருப்பூர் மாநகராட்சி . திருப்பூர் மாநகர திமுக மேயர் , இதற்காக மட்டுமே பதவியில் இருக்கிறார் . பொதுமக்கள் எத்தனை போராட்டம் நடத்தினாலும் , திருப்பூருக்கான நிரந்தரத் தீர்வு , தேர்தலில் மக்கள் அளிக்கப் போகும் வாக்குகள்தான் . வரும் தேர்தலில் , இந்த மக்கள் விரோத திமுக அரசை வீட்டுக்கு அனுப்ப வேண்டும் . ஜனநாயக முறைப்படி , இடுவாய் கிராம பொதுமக்கள் பிரச்சினைக்காகக் குரல் கொடுக்க அனுமதி தர மறுத்து , எங்களைக் கைது செய்து அடக்குமுறையைக் கையாளும் திமுக அரசும் , காவல்துறையும் , நாளை முதல் வேறு வேறு வடிவங்களில் பொதுமக்களின் போராட்டத்தைச் சந்திப்பார்கள் என்பதைக் கூறிக் கொள்கிறேன் . திமுக அரசின் ஒடுக்குமுறைக்கும் கைது நடவடிக்கைகளுக்கும் என்றும் அஞ்சோம் . இடுவாய் மக்களின் குரலாக எங்கள் குரல் என்றும் ஒலிக்கும் . ( 1/2 )",NTK,0
"திருப்பூர் மாவட்டம் இடுவாய் கிராமத்தில் , பொதுமக்கள் விருப்பத்திற்கு எதிராக குப்பைக்கிடங்கு அமைக்கும் பணியை நிறுத்தக் கோரி , பொதுமக்களோடு இணைந்து ஆர்ப்பாட்டம் நடத்த , திமுக அரசு அனுமதி மறுத்ததோடு மட்டுமல்லாமல் , @ bjp4tamilnadu திருப்பூர் வடக்கு மாவட்டத் தலைவர் திரு @ kcmb_srinivasan மற்றும் நான் உட்பட பாஜக தொண்டர்களைக் கைது செய்திருக்கிறது காவல்துறை . நாட்டிலேயே , தூய்மையான பெருநகரங்களில் , சென்னை , மதுரை , கோவை மற்றும் சிறு நகரங்களில் ஈரோடு , திருப்பூர் உள்ளிட்டவை கடைசி இடங்களில் இருக்கின்றன . கமிஷன் வாங்குவதற்காக மட்டுமே , திருப்பூர் மாநகரத்தையே குப்பைக்கிடங்காக்கி வைத்திருக்கிறது திருப்பூர் மாநகராட்சி . திருப்பூர் மாநகர திமுக மேயர் , இதற்காக மட்டுமே பதவியில் இருக்கிறார் . பொதுமக்கள் எத்தனை போராட்டம் நடத்தினாலும் , திருப்பூருக்கான நிரந்தரத் தீர்வு , தேர்தலில் மக்கள் அளிக்கப் போகும் வாக்குகள்தான் . வரும் தேர்தலில் , இந்த மக்கள் விரோத திமுக அரசை வீட்டுக்கு அனுப்ப வேண்டும் . ஜனநாயக முறைப்படி , இடுவாய் கிராம பொதுமக்கள் பிரச்சினைக்காகக் குரல் கொடுக்க அனுமதி தர மறுத்து , எங்களைக் கைது செய்து அடக்குமுறையைக் கையாளும் திமுக அரசும் , காவல்துறையும் , நாளை முதல் வேறு வேறு வடிவங்களில் பொதுமக்களின் போராட்டத்தைச் சந்திப்பார்கள் என்பதைக் கூறிக் கொள்கிறேன் . திமுக அரசின் ஒடுக்குமுறைக்கும் கைது நடவடிக்கைகளுக்கும் என்றும் அஞ்சோம் . இடுவாய் மக்களின் குரலாக எங்கள் குரல் என்றும் ஒலிக்கும் . ( 1/2 )",TVK,0
thank erode : folded_hands_light_skin_tone :,ADMK,0
thank erode : folded_hands_light_skin_tone :,BJP,0
thank erode : folded_hands_light_skin_tone :,Congress,0
thank erode : folded_hands_light_skin_tone :,DMK,0
thank erode : folded_hands_light_skin_tone :,NTK,0
thank erode : folded_hands_light_skin_tone :,TVK,1
நடிகனுக்கு ஜால்ரா அடித்து வாங்கும் பதவி என் மயிருக்கு சமம் ... @ annamalai_k தர்மம் காக்க ... அதர்மம் அழிக்க ... @ hindumunnani_tn @ elangovan_hm @ bjp4tamilnadu @ amarprasadreddy,ADMK,0
நடிகனுக்கு ஜால்ரா அடித்து வாங்கும் பதவி என் மயிருக்கு சமம் ... @ annamalai_k தர்மம் காக்க ... அதர்மம் அழிக்க ... @ hindumunnani_tn @ elangovan_hm @ bjp4tamilnadu @ amarprasadreddy,BJP,1
நடிகனுக்கு ஜால்ரா அடித்து வாங்கும் பதவி என் மயிருக்கு சமம் ... @ annamalai_k தர்மம் காக்க ... அதர்மம் அழிக்க ... @ hindumunnani_tn @ elangovan_hm @ bjp4tamilnadu @ amarprasadreddy,Congress,0
நடிகனுக்கு ஜால்ரா அடித்து வாங்கும் பதவி என் மயிருக்கு சமம் ... @ annamalai_k தர்மம் காக்க ... அதர்மம் அழிக்க ... @ hindumunnani_tn @ elangovan_hm @ bjp4tamilnadu @ amarprasadreddy,DMK,0
நடிகனுக்கு ஜால்ரா அடித்து வாங்கும் பதவி என் மயிருக்கு சமம் ... @ annamalai_k தர்மம் காக்க ... அதர்மம் அழிக்க ... @ hindumunnani_tn @ elangovan_hm @ bjp4tamilnadu @ amarprasadreddy,NTK,0
நடிகனுக்கு ஜால்ரா அடித்து வாங்கும் பதவி என் மயிருக்கு சமம் ... @ annamalai_k தர்மம் காக்க ... அதர்மம் அழிக்க ... @ hindumunnani_tn @ elangovan_hm @ bjp4tamilnadu @ amarprasadreddy,TVK,1
"hon'ble pm thiru . @ narendramodi , tamil nadu backbone india ’ export economy . punitive us tariffs hitting bedrock hard , disrupting production , orders livelihoods across industrial regions . urging immediate bilateral resolution protect tamil nadu ’ exporters india ’ global manufacturing strength .",ADMK,0
"hon'ble pm thiru . @ narendramodi , tamil nadu backbone india ’ export economy . punitive us tariffs hitting bedrock hard , disrupting production , orders livelihoods across industrial regions . urging immediate bilateral resolution protect tamil nadu ’ exporters india ’ global manufacturing strength .",BJP,1
"hon'ble pm thiru . @ narendramodi , tamil nadu backbone india ’ export economy . punitive us tariffs hitting bedrock hard , disrupting production , orders livelihoods across industrial regions . urging immediate bilateral resolution protect tamil nadu ’ exporters india ’ global manufacturing strength .",Congress,0
"hon'ble pm thiru . @ narendramodi , tamil nadu backbone india ’ export economy . punitive us tariffs hitting bedrock hard , disrupting production , orders livelihoods across industrial regions . urging immediate bilateral resolution protect tamil nadu ’ exporters india ’ global manufacturing strength .",DMK,0
"hon'ble pm thiru . @ narendramodi , tamil nadu backbone india ’ export economy . punitive us tariffs hitting bedrock hard , disrupting production , orders livelihoods across industrial regions . urging immediate bilateral resolution protect tamil nadu ’ exporters india ’ global manufacturing strength .",NTK,0
"hon'ble pm thiru . @ narendramodi , tamil nadu backbone india ’ export economy . punitive us tariffs hitting bedrock hard , disrupting production , orders livelihoods across industrial regions . urging immediate bilateral resolution protect tamil nadu ’ exporters india ’ global manufacturing strength .",TVK,0
நாம் தமிழர் பிள்ளைகள் சேலம் மாவட்டம் தரமான சம்பவம் : collision : :collision : இது தற்குறி கூட்டம் அல்ல இது தத்துவ கூட்டம்,ADMK,0
நாம் தமிழர் பிள்ளைகள் சேலம் மாவட்டம் தரமான சம்பவம் : collision : :collision : இது தற்குறி கூட்டம் அல்ல இது தத்துவ கூட்டம்,BJP,0
நாம் தமிழர் பிள்ளைகள் சேலம் மாவட்டம் தரமான சம்பவம் : collision : :collision : இது தற்குறி கூட்டம் அல்ல இது தத்துவ கூட்டம்,Congress,0
நாம் தமிழர் பிள்ளைகள் சேலம் மாவட்டம் தரமான சம்பவம் : collision : :collision : இது தற்குறி கூட்டம் அல்ல இது தத்துவ கூட்டம்,DMK,0
நாம் தமிழர் பிள்ளைகள் சேலம் மாவட்டம் தரமான சம்பவம் : collision : :collision : இது தற்குறி கூட்டம் அல்ல இது தத்துவ கூட்டம்,NTK,1
நாம் தமிழர் பிள்ளைகள் சேலம் மாவட்டம் தரமான சம்பவம் : collision : :collision : இது தற்குறி கூட்டம் அல்ல இது தத்துவ கூட்டம்,TVK,0
"என் நெஞ்சில் குடியிருக்கும் உங்கள் அனைவருக்கும் என் அன்பான வணக்கம் . எப்போதும் , என் வாழ்வின் ஒவ்வொரு நிலையிலும் நீங்கள் உடன் வருகிறீர்கள் . நீங்கள் காட்டும் எல்லையில்லா அன்பினாலும் ஆதரவினாலும் பெரும் உத்வேகம் அடைந்து வருகிறேன் . இந்த உத்வேகமே எனக்கு எப்போதும் மிகப் பெரிய உந்துசக்தியாக இருக்கிறது . எத்தனை அரசியல் கட்சிகள் , எத்தனை ஆண்டுக்காலம் நம்மை ஆண்டாலும் , வறுமையின் பிடியில் சிக்கியுள்ள என் அன்புக்கு உரியவர்களாகிய உங்களுக்கு ஒரு விடிவு காலம் கண்டிப்பாக வரவேண்டும் . ஏக்கத்திலேயே , கனவுகளிலேயே காலங்கள் கடந்து போய்விடக் கூடாது . எனவே தான் , வளர்த்து ஆளாக்கிய உங்களோடு இணைந்து உங்களுக்காக உழைக்கவே நாம் நம் அரசியல் பயணத்தைத் தொடங்கினோம் . அந்தப் பயணத்தில் , உங்களைச் சந்திப்பதற்கு நாம் புறப்பட்டதில் இருந்தே எவ்வளவோ தடைகள் தொடர்ந்து நமக்கு வந்தவண்ணம் இருந்தன . அவற்றில் உங்களுக்குத் தெரிந்தவை பல . உங்களுக்குத் தெரியாதவை பல . ஆனால் , அவற்றையெல்லாம் உங்களின் பேராதரவு மற்றும் தூய அன்பின் துணையோடு முறியடித்து வெற்றி அடைந்து வருகிறோம் . உங்களுடனான சந்திப்பைத் தொடர்ந்து நிகழ்த்தி வருகிறோம் . அந்த வகையில் இன்று மஞ்சள் மாநகரான ஈரோட்டில் நடைபெற்ற நமது சந்திப்பானது , வாழ்நாளில் இதுவரை இல்லாத வகையில் மிகுந்த மகிழ்ச்சியையும் நெகிழ்ச்சியையும் ஏற்படுத்தியது . இந்தச் சந்திப்பில் , அளப்பரிய அன்பும் ஆதரவும் அளித்த , என் நெஞ்சில் குடியிருக்கும் உங்கள் அனைவருக்கும் எவ்வளவு நன்றி சொன்னாலும் போதாது . இந்த நெகிழ்ச்சிமிகு சந்திப்பை , மிகப் பிரம்மாண்டமாகவும் மிகுந்த பாதுகாப்புடனும் மெச்சத் தகுந்த வகையிலும் ஏற்பாடு செய்திருந்த நம் கழகத்தின் நிர்வாகக் குழு ஒருங்கிணைப்பாளர் அண்ணன் திரு . கே.ஏ.செங்கோட்டையன் அவர்களுக்கும் , அவருக்கு உறுதுணையாக இருந்த நம் கழகப் பொதுச் செயலாளர் திரு . ஆனந்த் அவர்களுக்கும் , மாநில நிர்வாகிகளுக்கும் , ஈரோடு மாநகர் மாவட்டக் கழகச் செயலாளர் திரு . m.பாலாஜி ஈரோடு கிழக்கு மாவட்டக் கழகச் செயலாளர் திரு . m.வெங்கடேஷ் b.e. , mba , ஈரோடு மேற்கு மாவட்டக் கழகச் செயலாளர் திரு . a.பிரதீப்குமார் dce ஆகியோருக்கும் கழகத்தின் அனைத்து நிர்வாகிகளுக்கும் , தன்னார்வலர்களுக்கும் போக்குவரத்து மற்றும் பாதுகாப்பு உள்ளிட்டவற்றைச் சிறப்பாக ஏற்பாடு செய்திருந்த காவல் துறைக்கும் எனது மனமார்ந்த நன்றியினைத் தெரிவித்துக்கொள்கிறேன் . மீண்டும் சந்திப்போம் ! வெற்றி நிச்சயம் !",ADMK,0
"என் நெஞ்சில் குடியிருக்கும் உங்கள் அனைவருக்கும் என் அன்பான வணக்கம் . எப்போதும் , என் வாழ்வின் ஒவ்வொரு நிலையிலும் நீங்கள் உடன் வருகிறீர்கள் . நீங்கள் காட்டும் எல்லையில்லா அன்பினாலும் ஆதரவினாலும் பெரும் உத்வேகம் அடைந்து வருகிறேன் . இந்த உத்வேகமே எனக்கு எப்போதும் மிகப் பெரிய உந்துசக்தியாக இருக்கிறது . எத்தனை அரசியல் கட்சிகள் , எத்தனை ஆண்டுக்காலம் நம்மை ஆண்டாலும் , வறுமையின் பிடியில் சிக்கியுள்ள என் அன்புக்கு உரியவர்களாகிய உங்களுக்கு ஒரு விடிவு காலம் கண்டிப்பாக வரவேண்டும் . ஏக்கத்திலேயே , கனவுகளிலேயே காலங்கள் கடந்து போய்விடக் கூடாது . எனவே தான் , வளர்த்து ஆளாக்கிய உங்களோடு இணைந்து உங்களுக்காக உழைக்கவே நாம் நம் அரசியல் பயணத்தைத் தொடங்கினோம் . அந்தப் பயணத்தில் , உங்களைச் சந்திப்பதற்கு நாம் புறப்பட்டதில் இருந்தே எவ்வளவோ தடைகள் தொடர்ந்து நமக்கு வந்தவண்ணம் இருந்தன . அவற்றில் உங்களுக்குத் தெரிந்தவை பல . உங்களுக்குத் தெரியாதவை பல . ஆனால் , அவற்றையெல்லாம் உங்களின் பேராதரவு மற்றும் தூய அன்பின் துணையோடு முறியடித்து வெற்றி அடைந்து வருகிறோம் . உங்களுடனான சந்திப்பைத் தொடர்ந்து நிகழ்த்தி வருகிறோம் . அந்த வகையில் இன்று மஞ்சள் மாநகரான ஈரோட்டில் நடைபெற்ற நமது சந்திப்பானது , வாழ்நாளில் இதுவரை இல்லாத வகையில் மிகுந்த மகிழ்ச்சியையும் நெகிழ்ச்சியையும் ஏற்படுத்தியது . இந்தச் சந்திப்பில் , அளப்பரிய அன்பும் ஆதரவும் அளித்த , என் நெஞ்சில் குடியிருக்கும் உங்கள் அனைவருக்கும் எவ்வளவு நன்றி சொன்னாலும் போதாது . இந்த நெகிழ்ச்சிமிகு சந்திப்பை , மிகப் பிரம்மாண்டமாகவும் மிகுந்த பாதுகாப்புடனும் மெச்சத் தகுந்த வகையிலும் ஏற்பாடு செய்திருந்த நம் கழகத்தின் நிர்வாகக் குழு ஒருங்கிணைப்பாளர் அண்ணன் திரு . கே.ஏ.செங்கோட்டையன் அவர்களுக்கும் , அவருக்கு உறுதுணையாக இருந்த நம் கழகப் பொதுச் செயலாளர் திரு . ஆனந்த் அவர்களுக்கும் , மாநில நிர்வாகிகளுக்கும் , ஈரோடு மாநகர் மாவட்டக் கழகச் செயலாளர் திரு . m.பாலாஜி ஈரோடு கிழக்கு மாவட்டக் கழகச் செயலாளர் திரு . m.வெங்கடேஷ் b.e. , mba , ஈரோடு மேற்கு மாவட்டக் கழகச் செயலாளர் திரு . a.பிரதீப்குமார் dce ஆகியோருக்கும் கழகத்தின் அனைத்து நிர்வாகிகளுக்கும் , தன்னார்வலர்களுக்கும் போக்குவரத்து மற்றும் பாதுகாப்பு உள்ளிட்டவற்றைச் சிறப்பாக ஏற்பாடு செய்திருந்த காவல் துறைக்கும் எனது மனமார்ந்த நன்றியினைத் தெரிவித்துக்கொள்கிறேன் . மீண்டும் சந்திப்போம் ! வெற்றி நிச்சயம் !",BJP,0
"என் நெஞ்சில் குடியிருக்கும் உங்கள் அனைவருக்கும் என் அன்பான வணக்கம் . எப்போதும் , என் வாழ்வின் ஒவ்வொரு நிலையிலும் நீங்கள் உடன் வருகிறீர்கள் . நீங்கள் காட்டும் எல்லையில்லா அன்பினாலும் ஆதரவினாலும் பெரும் உத்வேகம் அடைந்து வருகிறேன் . இந்த உத்வேகமே எனக்கு எப்போதும் மிகப் பெரிய உந்துசக்தியாக இருக்கிறது . எத்தனை அரசியல் கட்சிகள் , எத்தனை ஆண்டுக்காலம் நம்மை ஆண்டாலும் , வறுமையின் பிடியில் சிக்கியுள்ள என் அன்புக்கு உரியவர்களாகிய உங்களுக்கு ஒரு விடிவு காலம் கண்டிப்பாக வரவேண்டும் . ஏக்கத்திலேயே , கனவுகளிலேயே காலங்கள் கடந்து போய்விடக் கூடாது . எனவே தான் , வளர்த்து ஆளாக்கிய உங்களோடு இணைந்து உங்களுக்காக உழைக்கவே நாம் நம் அரசியல் பயணத்தைத் தொடங்கினோம் . அந்தப் பயணத்தில் , உங்களைச் சந்திப்பதற்கு நாம் புறப்பட்டதில் இருந்தே எவ்வளவோ தடைகள் தொடர்ந்து நமக்கு வந்தவண்ணம் இருந்தன . அவற்றில் உங்களுக்குத் தெரிந்தவை பல . உங்களுக்குத் தெரியாதவை பல . ஆனால் , அவற்றையெல்லாம் உங்களின் பேராதரவு மற்றும் தூய அன்பின் துணையோடு முறியடித்து வெற்றி அடைந்து வருகிறோம் . உங்களுடனான சந்திப்பைத் தொடர்ந்து நிகழ்த்தி வருகிறோம் . அந்த வகையில் இன்று மஞ்சள் மாநகரான ஈரோட்டில் நடைபெற்ற நமது சந்திப்பானது , வாழ்நாளில் இதுவரை இல்லாத வகையில் மிகுந்த மகிழ்ச்சியையும் நெகிழ்ச்சியையும் ஏற்படுத்தியது . இந்தச் சந்திப்பில் , அளப்பரிய அன்பும் ஆதரவும் அளித்த , என் நெஞ்சில் குடியிருக்கும் உங்கள் அனைவருக்கும் எவ்வளவு நன்றி சொன்னாலும் போதாது . இந்த நெகிழ்ச்சிமிகு சந்திப்பை , மிகப் பிரம்மாண்டமாகவும் மிகுந்த பாதுகாப்புடனும் மெச்சத் தகுந்த வகையிலும் ஏற்பாடு செய்திருந்த நம் கழகத்தின் நிர்வாகக் குழு ஒருங்கிணைப்பாளர் அண்ணன் திரு . கே.ஏ.செங்கோட்டையன் அவர்களுக்கும் , அவருக்கு உறுதுணையாக இருந்த நம் கழகப் பொதுச் செயலாளர் திரு . ஆனந்த் அவர்களுக்கும் , மாநில நிர்வாகிகளுக்கும் , ஈரோடு மாநகர் மாவட்டக் கழகச் செயலாளர் திரு . m.பாலாஜி ஈரோடு கிழக்கு மாவட்டக் கழகச் செயலாளர் திரு . m.வெங்கடேஷ் b.e. , mba , ஈரோடு மேற்கு மாவட்டக் கழகச் செயலாளர் திரு . a.பிரதீப்குமார் dce ஆகியோருக்கும் கழகத்தின் அனைத்து நிர்வாகிகளுக்கும் , தன்னார்வலர்களுக்கும் போக்குவரத்து மற்றும் பாதுகாப்பு உள்ளிட்டவற்றைச் சிறப்பாக ஏற்பாடு செய்திருந்த காவல் துறைக்கும் எனது மனமார்ந்த நன்றியினைத் தெரிவித்துக்கொள்கிறேன் . மீண்டும் சந்திப்போம் ! வெற்றி நிச்சயம் !",Congress,0
"என் நெஞ்சில் குடியிருக்கும் உங்கள் அனைவருக்கும் என் அன்பான வணக்கம் . எப்போதும் , என் வாழ்வின் ஒவ்வொரு நிலையிலும் நீங்கள் உடன் வருகிறீர்கள் . நீங்கள் காட்டும் எல்லையில்லா அன்பினாலும் ஆதரவினாலும் பெரும் உத்வேகம் அடைந்து வருகிறேன் . இந்த உத்வேகமே எனக்கு எப்போதும் மிகப் பெரிய உந்துசக்தியாக இருக்கிறது . எத்தனை அரசியல் கட்சிகள் , எத்தனை ஆண்டுக்காலம் நம்மை ஆண்டாலும் , வறுமையின் பிடியில் சிக்கியுள்ள என் அன்புக்கு உரியவர்களாகிய உங்களுக்கு ஒரு விடிவு காலம் கண்டிப்பாக வரவேண்டும் . ஏக்கத்திலேயே , கனவுகளிலேயே காலங்கள் கடந்து போய்விடக் கூடாது . எனவே தான் , வளர்த்து ஆளாக்கிய உங்களோடு இணைந்து உங்களுக்காக உழைக்கவே நாம் நம் அரசியல் பயணத்தைத் தொடங்கினோம் . அந்தப் பயணத்தில் , உங்களைச் சந்திப்பதற்கு நாம் புறப்பட்டதில் இருந்தே எவ்வளவோ தடைகள் தொடர்ந்து நமக்கு வந்தவண்ணம் இருந்தன . அவற்றில் உங்களுக்குத் தெரிந்தவை பல . உங்களுக்குத் தெரியாதவை பல . ஆனால் , அவற்றையெல்லாம் உங்களின் பேராதரவு மற்றும் தூய அன்பின் துணையோடு முறியடித்து வெற்றி அடைந்து வருகிறோம் . உங்களுடனான சந்திப்பைத் தொடர்ந்து நிகழ்த்தி வருகிறோம் . அந்த வகையில் இன்று மஞ்சள் மாநகரான ஈரோட்டில் நடைபெற்ற நமது சந்திப்பானது , வாழ்நாளில் இதுவரை இல்லாத வகையில் மிகுந்த மகிழ்ச்சியையும் நெகிழ்ச்சியையும் ஏற்படுத்தியது . இந்தச் சந்திப்பில் , அளப்பரிய அன்பும் ஆதரவும் அளித்த , என் நெஞ்சில் குடியிருக்கும் உங்கள் அனைவருக்கும் எவ்வளவு நன்றி சொன்னாலும் போதாது . இந்த நெகிழ்ச்சிமிகு சந்திப்பை , மிகப் பிரம்மாண்டமாகவும் மிகுந்த பாதுகாப்புடனும் மெச்சத் தகுந்த வகையிலும் ஏற்பாடு செய்திருந்த நம் கழகத்தின் நிர்வாகக் குழு ஒருங்கிணைப்பாளர் அண்ணன் திரு . கே.ஏ.செங்கோட்டையன் அவர்களுக்கும் , அவருக்கு உறுதுணையாக இருந்த நம் கழகப் பொதுச் செயலாளர் திரு . ஆனந்த் அவர்களுக்கும் , மாநில நிர்வாகிகளுக்கும் , ஈரோடு மாநகர் மாவட்டக் கழகச் செயலாளர் திரு . m.பாலாஜி ஈரோடு கிழக்கு மாவட்டக் கழகச் செயலாளர் திரு . m.வெங்கடேஷ் b.e. , mba , ஈரோடு மேற்கு மாவட்டக் கழகச் செயலாளர் திரு . a.பிரதீப்குமார் dce ஆகியோருக்கும் கழகத்தின் அனைத்து நிர்வாகிகளுக்கும் , தன்னார்வலர்களுக்கும் போக்குவரத்து மற்றும் பாதுகாப்பு உள்ளிட்டவற்றைச் சிறப்பாக ஏற்பாடு செய்திருந்த காவல் துறைக்கும் எனது மனமார்ந்த நன்றியினைத் தெரிவித்துக்கொள்கிறேன் . மீண்டும் சந்திப்போம் ! வெற்றி நிச்சயம் !",DMK,0
"என் நெஞ்சில் குடியிருக்கும் உங்கள் அனைவருக்கும் என் அன்பான வணக்கம் . எப்போதும் , என் வாழ்வின் ஒவ்வொரு நிலையிலும் நீங்கள் உடன் வருகிறீர்கள் . நீங்கள் காட்டும் எல்லையில்லா அன்பினாலும் ஆதரவினாலும் பெரும் உத்வேகம் அடைந்து வருகிறேன் . இந்த உத்வேகமே எனக்கு எப்போதும் மிகப் பெரிய உந்துசக்தியாக இருக்கிறது . எத்தனை அரசியல் கட்சிகள் , எத்தனை ஆண்டுக்காலம் நம்மை ஆண்டாலும் , வறுமையின் பிடியில் சிக்கியுள்ள என் அன்புக்கு உரியவர்களாகிய உங்களுக்கு ஒரு விடிவு காலம் கண்டிப்பாக வரவேண்டும் . ஏக்கத்திலேயே , கனவுகளிலேயே காலங்கள் கடந்து போய்விடக் கூடாது . எனவே தான் , வளர்த்து ஆளாக்கிய உங்களோடு இணைந்து உங்களுக்காக உழைக்கவே நாம் நம் அரசியல் பயணத்தைத் தொடங்கினோம் . அந்தப் பயணத்தில் , உங்களைச் சந்திப்பதற்கு நாம் புறப்பட்டதில் இருந்தே எவ்வளவோ தடைகள் தொடர்ந்து நமக்கு வந்தவண்ணம் இருந்தன . அவற்றில் உங்களுக்குத் தெரிந்தவை பல . உங்களுக்குத் தெரியாதவை பல . ஆனால் , அவற்றையெல்லாம் உங்களின் பேராதரவு மற்றும் தூய அன்பின் துணையோடு முறியடித்து வெற்றி அடைந்து வருகிறோம் . உங்களுடனான சந்திப்பைத் தொடர்ந்து நிகழ்த்தி வருகிறோம் . அந்த வகையில் இன்று மஞ்சள் மாநகரான ஈரோட்டில் நடைபெற்ற நமது சந்திப்பானது , வாழ்நாளில் இதுவரை இல்லாத வகையில் மிகுந்த மகிழ்ச்சியையும் நெகிழ்ச்சியையும் ஏற்படுத்தியது . இந்தச் சந்திப்பில் , அளப்பரிய அன்பும் ஆதரவும் அளித்த , என் நெஞ்சில் குடியிருக்கும் உங்கள் அனைவருக்கும் எவ்வளவு நன்றி சொன்னாலும் போதாது . இந்த நெகிழ்ச்சிமிகு சந்திப்பை , மிகப் பிரம்மாண்டமாகவும் மிகுந்த பாதுகாப்புடனும் மெச்சத் தகுந்த வகையிலும் ஏற்பாடு செய்திருந்த நம் கழகத்தின் நிர்வாகக் குழு ஒருங்கிணைப்பாளர் அண்ணன் திரு . கே.ஏ.செங்கோட்டையன் அவர்களுக்கும் , அவருக்கு உறுதுணையாக இருந்த நம் கழகப் பொதுச் செயலாளர் திரு . ஆனந்த் அவர்களுக்கும் , மாநில நிர்வாகிகளுக்கும் , ஈரோடு மாநகர் மாவட்டக் கழகச் செயலாளர் திரு . m.பாலாஜி ஈரோடு கிழக்கு மாவட்டக் கழகச் செயலாளர் திரு . m.வெங்கடேஷ் b.e. , mba , ஈரோடு மேற்கு மாவட்டக் கழகச் செயலாளர் திரு . a.பிரதீப்குமார் dce ஆகியோருக்கும் கழகத்தின் அனைத்து நிர்வாகிகளுக்கும் , தன்னார்வலர்களுக்கும் போக்குவரத்து மற்றும் பாதுகாப்பு உள்ளிட்டவற்றைச் சிறப்பாக ஏற்பாடு செய்திருந்த காவல் துறைக்கும் எனது மனமார்ந்த நன்றியினைத் தெரிவித்துக்கொள்கிறேன் . மீண்டும் சந்திப்போம் ! வெற்றி நிச்சயம் !",NTK,0
"என் நெஞ்சில் குடியிருக்கும் உங்கள் அனைவருக்கும் என் அன்பான வணக்கம் . எப்போதும் , என் வாழ்வின் ஒவ்வொரு நிலையிலும் நீங்கள் உடன் வருகிறீர்கள் . நீங்கள் காட்டும் எல்லையில்லா அன்பினாலும் ஆதரவினாலும் பெரும் உத்வேகம் அடைந்து வருகிறேன் . இந்த உத்வேகமே எனக்கு எப்போதும் மிகப் பெரிய உந்துசக்தியாக இருக்கிறது . எத்தனை அரசியல் கட்சிகள் , எத்தனை ஆண்டுக்காலம் நம்மை ஆண்டாலும் , வறுமையின் பிடியில் சிக்கியுள்ள என் அன்புக்கு உரியவர்களாகிய உங்களுக்கு ஒரு விடிவு காலம் கண்டிப்பாக வரவேண்டும் . ஏக்கத்திலேயே , கனவுகளிலேயே காலங்கள் கடந்து போய்விடக் கூடாது . எனவே தான் , வளர்த்து ஆளாக்கிய உங்களோடு இணைந்து உங்களுக்காக உழைக்கவே நாம் நம் அரசியல் பயணத்தைத் தொடங்கினோம் . அந்தப் பயணத்தில் , உங்களைச் சந்திப்பதற்கு நாம் புறப்பட்டதில் இருந்தே எவ்வளவோ தடைகள் தொடர்ந்து நமக்கு வந்தவண்ணம் இருந்தன . அவற்றில் உங்களுக்குத் தெரிந்தவை பல . உங்களுக்குத் தெரியாதவை பல . ஆனால் , அவற்றையெல்லாம் உங்களின் பேராதரவு மற்றும் தூய அன்பின் துணையோடு முறியடித்து வெற்றி அடைந்து வருகிறோம் . உங்களுடனான சந்திப்பைத் தொடர்ந்து நிகழ்த்தி வருகிறோம் . அந்த வகையில் இன்று மஞ்சள் மாநகரான ஈரோட்டில் நடைபெற்ற நமது சந்திப்பானது , வாழ்நாளில் இதுவரை இல்லாத வகையில் மிகுந்த மகிழ்ச்சியையும் நெகிழ்ச்சியையும் ஏற்படுத்தியது . இந்தச் சந்திப்பில் , அளப்பரிய அன்பும் ஆதரவும் அளித்த , என் நெஞ்சில் குடியிருக்கும் உங்கள் அனைவருக்கும் எவ்வளவு நன்றி சொன்னாலும் போதாது . இந்த நெகிழ்ச்சிமிகு சந்திப்பை , மிகப் பிரம்மாண்டமாகவும் மிகுந்த பாதுகாப்புடனும் மெச்சத் தகுந்த வகையிலும் ஏற்பாடு செய்திருந்த நம் கழகத்தின் நிர்வாகக் குழு ஒருங்கிணைப்பாளர் அண்ணன் திரு . கே.ஏ.செங்கோட்டையன் அவர்களுக்கும் , அவருக்கு உறுதுணையாக இருந்த நம் கழகப் பொதுச் செயலாளர் திரு . ஆனந்த் அவர்களுக்கும் , மாநில நிர்வாகிகளுக்கும் , ஈரோடு மாநகர் மாவட்டக் கழகச் செயலாளர் திரு . m.பாலாஜி ஈரோடு கிழக்கு மாவட்டக் கழகச் செயலாளர் திரு . m.வெங்கடேஷ் b.e. , mba , ஈரோடு மேற்கு மாவட்டக் கழகச் செயலாளர் திரு . a.பிரதீப்குமார் dce ஆகியோருக்கும் கழகத்தின் அனைத்து நிர்வாகிகளுக்கும் , தன்னார்வலர்களுக்கும் போக்குவரத்து மற்றும் பாதுகாப்பு உள்ளிட்டவற்றைச் சிறப்பாக ஏற்பாடு செய்திருந்த காவல் துறைக்கும் எனது மனமார்ந்த நன்றியினைத் தெரிவித்துக்கொள்கிறேன் . மீண்டும் சந்திப்போம் ! வெற்றி நிச்சயம் !",TVK,1
someone crying lot today : grinning_face_with_sweat :,ADMK,0
someone crying lot today : grinning_face_with_sweat :,BJP,0
someone crying lot today : grinning_face_with_sweat :,Congress,0
someone crying lot today : grinning_face_with_sweat :,DMK,1
someone crying lot today : grinning_face_with_sweat :,NTK,0
someone crying lot today : grinning_face_with_sweat :,TVK,1
"ஏழை எளிய மாணவர்களுக்கும் விஞ்ஞானபூர்வ கல்வி கிடைக்க புரட்சித்தலைவி அம்மா அவர்களால் கொண்டுவரப்பட்ட விலையில்லா மடிக்கணினி வழங்கும் திட்டத்தை , கடந்த நான்கு ஆண்டுகாலமாக விடியா திமுக அரசு நிறுத்தியுள்ளது . தேர்தல் நெருங்குவதால் கல்லூரி மாணவர்களுக்கு மட்டும் லேப்டாப் தருவதாக தற்போது அறிவித்துள்ளனர் . நிச்சயமாக , மீண்டும் அஇஅதிமுக ஆட்சி மலர்ந்ததும் மாணவர்களுக்கு லேப்டாப் வழங்கும் திட்டம் தொடரும் . மாண்புமிகு கழகப் பொதுச் செயலாளர் புரட்சித் தமிழர் @ epstamilnadu அவர்கள் # epsfor2026 # whereisourlaptop",ADMK,1
"ஏழை எளிய மாணவர்களுக்கும் விஞ்ஞானபூர்வ கல்வி கிடைக்க புரட்சித்தலைவி அம்மா அவர்களால் கொண்டுவரப்பட்ட விலையில்லா மடிக்கணினி வழங்கும் திட்டத்தை , கடந்த நான்கு ஆண்டுகாலமாக விடியா திமுக அரசு நிறுத்தியுள்ளது . தேர்தல் நெருங்குவதால் கல்லூரி மாணவர்களுக்கு மட்டும் லேப்டாப் தருவதாக தற்போது அறிவித்துள்ளனர் . நிச்சயமாக , மீண்டும் அஇஅதிமுக ஆட்சி மலர்ந்ததும் மாணவர்களுக்கு லேப்டாப் வழங்கும் திட்டம் தொடரும் . மாண்புமிகு கழகப் பொதுச் செயலாளர் புரட்சித் தமிழர் @ epstamilnadu அவர்கள் # epsfor2026 # whereisourlaptop",BJP,0
"ஏழை எளிய மாணவர்களுக்கும் விஞ்ஞானபூர்வ கல்வி கிடைக்க புரட்சித்தலைவி அம்மா அவர்களால் கொண்டுவரப்பட்ட விலையில்லா மடிக்கணினி வழங்கும் திட்டத்தை , கடந்த நான்கு ஆண்டுகாலமாக விடியா திமுக அரசு நிறுத்தியுள்ளது . தேர்தல் நெருங்குவதால் கல்லூரி மாணவர்களுக்கு மட்டும் லேப்டாப் தருவதாக தற்போது அறிவித்துள்ளனர் . நிச்சயமாக , மீண்டும் அஇஅதிமுக ஆட்சி மலர்ந்ததும் மாணவர்களுக்கு லேப்டாப் வழங்கும் திட்டம் தொடரும் . மாண்புமிகு கழகப் பொதுச் செயலாளர் புரட்சித் தமிழர் @ epstamilnadu அவர்கள் # epsfor2026 # whereisourlaptop",Congress,0
"ஏழை எளிய மாணவர்களுக்கும் விஞ்ஞானபூர்வ கல்வி கிடைக்க புரட்சித்தலைவி அம்மா அவர்களால் கொண்டுவரப்பட்ட விலையில்லா மடிக்கணினி வழங்கும் திட்டத்தை , கடந்த நான்கு ஆண்டுகாலமாக விடியா திமுக அரசு நிறுத்தியுள்ளது . தேர்தல் நெருங்குவதால் கல்லூரி மாணவர்களுக்கு மட்டும் லேப்டாப் தருவதாக தற்போது அறிவித்துள்ளனர் . நிச்சயமாக , மீண்டும் அஇஅதிமுக ஆட்சி மலர்ந்ததும் மாணவர்களுக்கு லேப்டாப் வழங்கும் திட்டம் தொடரும் . மாண்புமிகு கழகப் பொதுச் செயலாளர் புரட்சித் தமிழர் @ epstamilnadu அவர்கள் # epsfor2026 # whereisourlaptop",DMK,1
"ஏழை எளிய மாணவர்களுக்கும் விஞ்ஞானபூர்வ கல்வி கிடைக்க புரட்சித்தலைவி அம்மா அவர்களால் கொண்டுவரப்பட்ட விலையில்லா மடிக்கணினி வழங்கும் திட்டத்தை , கடந்த நான்கு ஆண்டுகாலமாக விடியா திமுக அரசு நிறுத்தியுள்ளது . தேர்தல் நெருங்குவதால் கல்லூரி மாணவர்களுக்கு மட்டும் லேப்டாப் தருவதாக தற்போது அறிவித்துள்ளனர் . நிச்சயமாக , மீண்டும் அஇஅதிமுக ஆட்சி மலர்ந்ததும் மாணவர்களுக்கு லேப்டாப் வழங்கும் திட்டம் தொடரும் . மாண்புமிகு கழகப் பொதுச் செயலாளர் புரட்சித் தமிழர் @ epstamilnadu அவர்கள் # epsfor2026 # whereisourlaptop",NTK,0
"ஏழை எளிய மாணவர்களுக்கும் விஞ்ஞானபூர்வ கல்வி கிடைக்க புரட்சித்தலைவி அம்மா அவர்களால் கொண்டுவரப்பட்ட விலையில்லா மடிக்கணினி வழங்கும் திட்டத்தை , கடந்த நான்கு ஆண்டுகாலமாக விடியா திமுக அரசு நிறுத்தியுள்ளது . தேர்தல் நெருங்குவதால் கல்லூரி மாணவர்களுக்கு மட்டும் லேப்டாப் தருவதாக தற்போது அறிவித்துள்ளனர் . நிச்சயமாக , மீண்டும் அஇஅதிமுக ஆட்சி மலர்ந்ததும் மாணவர்களுக்கு லேப்டாப் வழங்கும் திட்டம் தொடரும் . மாண்புமிகு கழகப் பொதுச் செயலாளர் புரட்சித் தமிழர் @ epstamilnadu அவர்கள் # epsfor2026 # whereisourlaptop",TVK,0
"மாண்புமிகு கழகப் பொதுச்செயலாளர் புரட்சித்தமிழர் @ epstamilnadu அவர்களின் ஆணைக்கிணங்க , 11,12 ஆம் வகுப்பு மாணவர்களுக்கும் , விடுபட்ட அனைத்து கல்லூரி மாணவர்களுக்கும் மடிக்கணினி வழங்கக்கோரி @ admkstudentwing சார்பில் மாபெரும் கண்டன ஆர்பாட்டம் இன்று நடைபெற்றது . # whereisourlaptop",ADMK,1
"மாண்புமிகு கழகப் பொதுச்செயலாளர் புரட்சித்தமிழர் @ epstamilnadu அவர்களின் ஆணைக்கிணங்க , 11,12 ஆம் வகுப்பு மாணவர்களுக்கும் , விடுபட்ட அனைத்து கல்லூரி மாணவர்களுக்கும் மடிக்கணினி வழங்கக்கோரி @ admkstudentwing சார்பில் மாபெரும் கண்டன ஆர்பாட்டம் இன்று நடைபெற்றது . # whereisourlaptop",BJP,0
"மாண்புமிகு கழகப் பொதுச்செயலாளர் புரட்சித்தமிழர் @ epstamilnadu அவர்களின் ஆணைக்கிணங்க , 11,12 ஆம் வகுப்பு மாணவர்களுக்கும் , விடுபட்ட அனைத்து கல்லூரி மாணவர்களுக்கும் மடிக்கணினி வழங்கக்கோரி @ admkstudentwing சார்பில் மாபெரும் கண்டன ஆர்பாட்டம் இன்று நடைபெற்றது . # whereisourlaptop",Congress,0
"மாண்புமிகு கழகப் பொதுச்செயலாளர் புரட்சித்தமிழர் @ epstamilnadu அவர்களின் ஆணைக்கிணங்க , 11,12 ஆம் வகுப்பு மாணவர்களுக்கும் , விடுபட்ட அனைத்து கல்லூரி மாணவர்களுக்கும் மடிக்கணினி வழங்கக்கோரி @ admkstudentwing சார்பில் மாபெரும் கண்டன ஆர்பாட்டம் இன்று நடைபெற்றது . # whereisourlaptop",DMK,1
"மாண்புமிகு கழகப் பொதுச்செயலாளர் புரட்சித்தமிழர் @ epstamilnadu அவர்களின் ஆணைக்கிணங்க , 11,12 ஆம் வகுப்பு மாணவர்களுக்கும் , விடுபட்ட அனைத்து கல்லூரி மாணவர்களுக்கும் மடிக்கணினி வழங்கக்கோரி @ admkstudentwing சார்பில் மாபெரும் கண்டன ஆர்பாட்டம் இன்று நடைபெற்றது . # whereisourlaptop",NTK,0
"மாண்புமிகு கழகப் பொதுச்செயலாளர் புரட்சித்தமிழர் @ epstamilnadu அவர்களின் ஆணைக்கிணங்க , 11,12 ஆம் வகுப்பு மாணவர்களுக்கும் , விடுபட்ட அனைத்து கல்லூரி மாணவர்களுக்கும் மடிக்கணினி வழங்கக்கோரி @ admkstudentwing சார்பில் மாபெரும் கண்டன ஆர்பாட்டம் இன்று நடைபெற்றது . # whereisourlaptop",TVK,0
"ஏழை எளிய மாணவர்களுக்கும் அறிவுப்பூர்வமான கல்வி கிடைப்பதை உறுதி செய்த திட்டம் , மாண்புமிகு அம்மா அரசின் விலையில்லா மடிக்கணினி திட்டம் . அரசுப்பள்ளிகள் , அரசுக் கல்லூரிகளைச் சார்ந்த மாணவர்களின் career guide-ஆக , life shaping device-ஆக , கல்விக்கான ஆயுதமாக இருந்த மடிக்கணினியை , மாண்புமிகு அம்மா அவர்கள் வழியில் தொடர்ந்து வழங்கி வந்தது எனது தலைமையிலான @ aiadmkofficial அரசு . இந்த மடிக்கணினிகளால் பயனடைந்த இளைஞர்களை இன்றைய தினம் சந்தித்து , # pricelessscheme_ammalaptop தங்கள் வாழ்வில் ஏற்படுத்திய பெரும் மாற்றத்தினைக் கேட்டு அகமகிழ்ந்தேன் . அதே சமயம் , தற்போதைய அரசுப்பள்ளி மாணவர்களும் , இன்றைய விடியா திமுக ஆட்சியில் லேப்டாப் கிடைக்காமல் , விஞ்ஞானக் கல்வி கிடைப்பது தடைபட்டு , தாங்கள் வஞ்சிக்கப்படுவதை , தங்கள் உள்ளக் குமுறலை வெளிப்படுத்தினார்கள் . ஸ்டாலின் மாடல் அரசு , நான்கரை ஆண்டுகளாக லேப்டாப் வழங்காமல் , தற்போது தேர்தல் வரப்போகிறது எனத் தெரிந்ததும் , ஒரு நாடகத்தை அரங்கேற்றத் தயாராகி விட்டார் இன்றைய பொம்மை முதலமைச்சர் . அரைகுறை ஆயிரம் ரூபாய் போலவே , இதுவும் , சம்மந்தமே இல்லாமல் , கல்வி ஆண்டின் நடுவில் , கடைசி ஆண்டு மாணவர்களுக்கு மட்டும் வழங்குவதன் காரணம் என்ன ? ஏன் அரசுப்பள்ளி மாணவர்களுக்கு லேப்டாப் வழங்கவில்லை ? இன்றைய ai காலத்தில் வளர்ந்து வரும் தொழில்நுட்பத்திற்கு தகவமைத்துக் கொள்ளும் அளவிற்கு இவர்கள் தரும் லேப்டாப் இருக்கிறதா ? என்றால் அதுவும் இல்லை . பொம்மை முதல்வரைப் போன்றே பொம்மை லேப்டாப் கொடுத்து மாணவர்களை ஏமாற்றப் பார்க்கிறதா ஸ்டாலின் மாடல் அரசு ? election eyewash-க்காக லேப்டாப் கொடுப்பது போல drama நடத்தும் உங்களுக்கும் , education elevation-க்காக தொடர்ந்து லேப்டாப் கொடுத்த எங்களுக்கும் நிறைய வித்தியாசம் இருக்கிறது திரு . @ mkstalin அவர்களே ! # whereisourlaptop என்று நான் கேட்கவில்லை ; உங்களால் நான்கரை ஆண்டுகாலமாக வஞ்சிக்கப்பட்ட அரசுப்பள்ளி மாணவர்கள் கேட்கிறார்கள் . உரிய , முறையான பதில் வருமா திரு . ஸ்டாலின் அவர்களே ?",ADMK,1
"ஏழை எளிய மாணவர்களுக்கும் அறிவுப்பூர்வமான கல்வி கிடைப்பதை உறுதி செய்த திட்டம் , மாண்புமிகு அம்மா அரசின் விலையில்லா மடிக்கணினி திட்டம் . அரசுப்பள்ளிகள் , அரசுக் கல்லூரிகளைச் சார்ந்த மாணவர்களின் career guide-ஆக , life shaping device-ஆக , கல்விக்கான ஆயுதமாக இருந்த மடிக்கணினியை , மாண்புமிகு அம்மா அவர்கள் வழியில் தொடர்ந்து வழங்கி வந்தது எனது தலைமையிலான @ aiadmkofficial அரசு . இந்த மடிக்கணினிகளால் பயனடைந்த இளைஞர்களை இன்றைய தினம் சந்தித்து , # pricelessscheme_ammalaptop தங்கள் வாழ்வில் ஏற்படுத்திய பெரும் மாற்றத்தினைக் கேட்டு அகமகிழ்ந்தேன் . அதே சமயம் , தற்போதைய அரசுப்பள்ளி மாணவர்களும் , இன்றைய விடியா திமுக ஆட்சியில் லேப்டாப் கிடைக்காமல் , விஞ்ஞானக் கல்வி கிடைப்பது தடைபட்டு , தாங்கள் வஞ்சிக்கப்படுவதை , தங்கள் உள்ளக் குமுறலை வெளிப்படுத்தினார்கள் . ஸ்டாலின் மாடல் அரசு , நான்கரை ஆண்டுகளாக லேப்டாப் வழங்காமல் , தற்போது தேர்தல் வரப்போகிறது எனத் தெரிந்ததும் , ஒரு நாடகத்தை அரங்கேற்றத் தயாராகி விட்டார் இன்றைய பொம்மை முதலமைச்சர் . அரைகுறை ஆயிரம் ரூபாய் போலவே , இதுவும் , சம்மந்தமே இல்லாமல் , கல்வி ஆண்டின் நடுவில் , கடைசி ஆண்டு மாணவர்களுக்கு மட்டும் வழங்குவதன் காரணம் என்ன ? ஏன் அரசுப்பள்ளி மாணவர்களுக்கு லேப்டாப் வழங்கவில்லை ? இன்றைய ai காலத்தில் வளர்ந்து வரும் தொழில்நுட்பத்திற்கு தகவமைத்துக் கொள்ளும் அளவிற்கு இவர்கள் தரும் லேப்டாப் இருக்கிறதா ? என்றால் அதுவும் இல்லை . பொம்மை முதல்வரைப் போன்றே பொம்மை லேப்டாப் கொடுத்து மாணவர்களை ஏமாற்றப் பார்க்கிறதா ஸ்டாலின் மாடல் அரசு ? election eyewash-க்காக லேப்டாப் கொடுப்பது போல drama நடத்தும் உங்களுக்கும் , education elevation-க்காக தொடர்ந்து லேப்டாப் கொடுத்த எங்களுக்கும் நிறைய வித்தியாசம் இருக்கிறது திரு . @ mkstalin அவர்களே ! # whereisourlaptop என்று நான் கேட்கவில்லை ; உங்களால் நான்கரை ஆண்டுகாலமாக வஞ்சிக்கப்பட்ட அரசுப்பள்ளி மாணவர்கள் கேட்கிறார்கள் . உரிய , முறையான பதில் வருமா திரு . ஸ்டாலின் அவர்களே ?",BJP,0
"ஏழை எளிய மாணவர்களுக்கும் அறிவுப்பூர்வமான கல்வி கிடைப்பதை உறுதி செய்த திட்டம் , மாண்புமிகு அம்மா அரசின் விலையில்லா மடிக்கணினி திட்டம் . அரசுப்பள்ளிகள் , அரசுக் கல்லூரிகளைச் சார்ந்த மாணவர்களின் career guide-ஆக , life shaping device-ஆக , கல்விக்கான ஆயுதமாக இருந்த மடிக்கணினியை , மாண்புமிகு அம்மா அவர்கள் வழியில் தொடர்ந்து வழங்கி வந்தது எனது தலைமையிலான @ aiadmkofficial அரசு . இந்த மடிக்கணினிகளால் பயனடைந்த இளைஞர்களை இன்றைய தினம் சந்தித்து , # pricelessscheme_ammalaptop தங்கள் வாழ்வில் ஏற்படுத்திய பெரும் மாற்றத்தினைக் கேட்டு அகமகிழ்ந்தேன் . அதே சமயம் , தற்போதைய அரசுப்பள்ளி மாணவர்களும் , இன்றைய விடியா திமுக ஆட்சியில் லேப்டாப் கிடைக்காமல் , விஞ்ஞானக் கல்வி கிடைப்பது தடைபட்டு , தாங்கள் வஞ்சிக்கப்படுவதை , தங்கள் உள்ளக் குமுறலை வெளிப்படுத்தினார்கள் . ஸ்டாலின் மாடல் அரசு , நான்கரை ஆண்டுகளாக லேப்டாப் வழங்காமல் , தற்போது தேர்தல் வரப்போகிறது எனத் தெரிந்ததும் , ஒரு நாடகத்தை அரங்கேற்றத் தயாராகி விட்டார் இன்றைய பொம்மை முதலமைச்சர் . அரைகுறை ஆயிரம் ரூபாய் போலவே , இதுவும் , சம்மந்தமே இல்லாமல் , கல்வி ஆண்டின் நடுவில் , கடைசி ஆண்டு மாணவர்களுக்கு மட்டும் வழங்குவதன் காரணம் என்ன ? ஏன் அரசுப்பள்ளி மாணவர்களுக்கு லேப்டாப் வழங்கவில்லை ? இன்றைய ai காலத்தில் வளர்ந்து வரும் தொழில்நுட்பத்திற்கு தகவமைத்துக் கொள்ளும் அளவிற்கு இவர்கள் தரும் லேப்டாப் இருக்கிறதா ? என்றால் அதுவும் இல்லை . பொம்மை முதல்வரைப் போன்றே பொம்மை லேப்டாப் கொடுத்து மாணவர்களை ஏமாற்றப் பார்க்கிறதா ஸ்டாலின் மாடல் அரசு ? election eyewash-க்காக லேப்டாப் கொடுப்பது போல drama நடத்தும் உங்களுக்கும் , education elevation-க்காக தொடர்ந்து லேப்டாப் கொடுத்த எங்களுக்கும் நிறைய வித்தியாசம் இருக்கிறது திரு . @ mkstalin அவர்களே ! # whereisourlaptop என்று நான் கேட்கவில்லை ; உங்களால் நான்கரை ஆண்டுகாலமாக வஞ்சிக்கப்பட்ட அரசுப்பள்ளி மாணவர்கள் கேட்கிறார்கள் . உரிய , முறையான பதில் வருமா திரு . ஸ்டாலின் அவர்களே ?",Congress,0
"ஏழை எளிய மாணவர்களுக்கும் அறிவுப்பூர்வமான கல்வி கிடைப்பதை உறுதி செய்த திட்டம் , மாண்புமிகு அம்மா அரசின் விலையில்லா மடிக்கணினி திட்டம் . அரசுப்பள்ளிகள் , அரசுக் கல்லூரிகளைச் சார்ந்த மாணவர்களின் career guide-ஆக , life shaping device-ஆக , கல்விக்கான ஆயுதமாக இருந்த மடிக்கணினியை , மாண்புமிகு அம்மா அவர்கள் வழியில் தொடர்ந்து வழங்கி வந்தது எனது தலைமையிலான @ aiadmkofficial அரசு . இந்த மடிக்கணினிகளால் பயனடைந்த இளைஞர்களை இன்றைய தினம் சந்தித்து , # pricelessscheme_ammalaptop தங்கள் வாழ்வில் ஏற்படுத்திய பெரும் மாற்றத்தினைக் கேட்டு அகமகிழ்ந்தேன் . அதே சமயம் , தற்போதைய அரசுப்பள்ளி மாணவர்களும் , இன்றைய விடியா திமுக ஆட்சியில் லேப்டாப் கிடைக்காமல் , விஞ்ஞானக் கல்வி கிடைப்பது தடைபட்டு , தாங்கள் வஞ்சிக்கப்படுவதை , தங்கள் உள்ளக் குமுறலை வெளிப்படுத்தினார்கள் . ஸ்டாலின் மாடல் அரசு , நான்கரை ஆண்டுகளாக லேப்டாப் வழங்காமல் , தற்போது தேர்தல் வரப்போகிறது எனத் தெரிந்ததும் , ஒரு நாடகத்தை அரங்கேற்றத் தயாராகி விட்டார் இன்றைய பொம்மை முதலமைச்சர் . அரைகுறை ஆயிரம் ரூபாய் போலவே , இதுவும் , சம்மந்தமே இல்லாமல் , கல்வி ஆண்டின் நடுவில் , கடைசி ஆண்டு மாணவர்களுக்கு மட்டும் வழங்குவதன் காரணம் என்ன ? ஏன் அரசுப்பள்ளி மாணவர்களுக்கு லேப்டாப் வழங்கவில்லை ? இன்றைய ai காலத்தில் வளர்ந்து வரும் தொழில்நுட்பத்திற்கு தகவமைத்துக் கொள்ளும் அளவிற்கு இவர்கள் தரும் லேப்டாப் இருக்கிறதா ? என்றால் அதுவும் இல்லை . பொம்மை முதல்வரைப் போன்றே பொம்மை லேப்டாப் கொடுத்து மாணவர்களை ஏமாற்றப் பார்க்கிறதா ஸ்டாலின் மாடல் அரசு ? election eyewash-க்காக லேப்டாப் கொடுப்பது போல drama நடத்தும் உங்களுக்கும் , education elevation-க்காக தொடர்ந்து லேப்டாப் கொடுத்த எங்களுக்கும் நிறைய வித்தியாசம் இருக்கிறது திரு . @ mkstalin அவர்களே ! # whereisourlaptop என்று நான் கேட்கவில்லை ; உங்களால் நான்கரை ஆண்டுகாலமாக வஞ்சிக்கப்பட்ட அரசுப்பள்ளி மாணவர்கள் கேட்கிறார்கள் . உரிய , முறையான பதில் வருமா திரு . ஸ்டாலின் அவர்களே ?",DMK,1
"ஏழை எளிய மாணவர்களுக்கும் அறிவுப்பூர்வமான கல்வி கிடைப்பதை உறுதி செய்த திட்டம் , மாண்புமிகு அம்மா அரசின் விலையில்லா மடிக்கணினி திட்டம் . அரசுப்பள்ளிகள் , அரசுக் கல்லூரிகளைச் சார்ந்த மாணவர்களின் career guide-ஆக , life shaping device-ஆக , கல்விக்கான ஆயுதமாக இருந்த மடிக்கணினியை , மாண்புமிகு அம்மா அவர்கள் வழியில் தொடர்ந்து வழங்கி வந்தது எனது தலைமையிலான @ aiadmkofficial அரசு . இந்த மடிக்கணினிகளால் பயனடைந்த இளைஞர்களை இன்றைய தினம் சந்தித்து , # pricelessscheme_ammalaptop தங்கள் வாழ்வில் ஏற்படுத்திய பெரும் மாற்றத்தினைக் கேட்டு அகமகிழ்ந்தேன் . அதே சமயம் , தற்போதைய அரசுப்பள்ளி மாணவர்களும் , இன்றைய விடியா திமுக ஆட்சியில் லேப்டாப் கிடைக்காமல் , விஞ்ஞானக் கல்வி கிடைப்பது தடைபட்டு , தாங்கள் வஞ்சிக்கப்படுவதை , தங்கள் உள்ளக் குமுறலை வெளிப்படுத்தினார்கள் . ஸ்டாலின் மாடல் அரசு , நான்கரை ஆண்டுகளாக லேப்டாப் வழங்காமல் , தற்போது தேர்தல் வரப்போகிறது எனத் தெரிந்ததும் , ஒரு நாடகத்தை அரங்கேற்றத் தயாராகி விட்டார் இன்றைய பொம்மை முதலமைச்சர் . அரைகுறை ஆயிரம் ரூபாய் போலவே , இதுவும் , சம்மந்தமே இல்லாமல் , கல்வி ஆண்டின் நடுவில் , கடைசி ஆண்டு மாணவர்களுக்கு மட்டும் வழங்குவதன் காரணம் என்ன ? ஏன் அரசுப்பள்ளி மாணவர்களுக்கு லேப்டாப் வழங்கவில்லை ? இன்றைய ai காலத்தில் வளர்ந்து வரும் தொழில்நுட்பத்திற்கு தகவமைத்துக் கொள்ளும் அளவிற்கு இவர்கள் தரும் லேப்டாப் இருக்கிறதா ? என்றால் அதுவும் இல்லை . பொம்மை முதல்வரைப் போன்றே பொம்மை லேப்டாப் கொடுத்து மாணவர்களை ஏமாற்றப் பார்க்கிறதா ஸ்டாலின் மாடல் அரசு ? election eyewash-க்காக லேப்டாப் கொடுப்பது போல drama நடத்தும் உங்களுக்கும் , education elevation-க்காக தொடர்ந்து லேப்டாப் கொடுத்த எங்களுக்கும் நிறைய வித்தியாசம் இருக்கிறது திரு . @ mkstalin அவர்களே ! # whereisourlaptop என்று நான் கேட்கவில்லை ; உங்களால் நான்கரை ஆண்டுகாலமாக வஞ்சிக்கப்பட்ட அரசுப்பள்ளி மாணவர்கள் கேட்கிறார்கள் . உரிய , முறையான பதில் வருமா திரு . ஸ்டாலின் அவர்களே ?",NTK,0
"ஏழை எளிய மாணவர்களுக்கும் அறிவுப்பூர்வமான கல்வி கிடைப்பதை உறுதி செய்த திட்டம் , மாண்புமிகு அம்மா அரசின் விலையில்லா மடிக்கணினி திட்டம் . அரசுப்பள்ளிகள் , அரசுக் கல்லூரிகளைச் சார்ந்த மாணவர்களின் career guide-ஆக , life shaping device-ஆக , கல்விக்கான ஆயுதமாக இருந்த மடிக்கணினியை , மாண்புமிகு அம்மா அவர்கள் வழியில் தொடர்ந்து வழங்கி வந்தது எனது தலைமையிலான @ aiadmkofficial அரசு . இந்த மடிக்கணினிகளால் பயனடைந்த இளைஞர்களை இன்றைய தினம் சந்தித்து , # pricelessscheme_ammalaptop தங்கள் வாழ்வில் ஏற்படுத்திய பெரும் மாற்றத்தினைக் கேட்டு அகமகிழ்ந்தேன் . அதே சமயம் , தற்போதைய அரசுப்பள்ளி மாணவர்களும் , இன்றைய விடியா திமுக ஆட்சியில் லேப்டாப் கிடைக்காமல் , விஞ்ஞானக் கல்வி கிடைப்பது தடைபட்டு , தாங்கள் வஞ்சிக்கப்படுவதை , தங்கள் உள்ளக் குமுறலை வெளிப்படுத்தினார்கள் . ஸ்டாலின் மாடல் அரசு , நான்கரை ஆண்டுகளாக லேப்டாப் வழங்காமல் , தற்போது தேர்தல் வரப்போகிறது எனத் தெரிந்ததும் , ஒரு நாடகத்தை அரங்கேற்றத் தயாராகி விட்டார் இன்றைய பொம்மை முதலமைச்சர் . அரைகுறை ஆயிரம் ரூபாய் போலவே , இதுவும் , சம்மந்தமே இல்லாமல் , கல்வி ஆண்டின் நடுவில் , கடைசி ஆண்டு மாணவர்களுக்கு மட்டும் வழங்குவதன் காரணம் என்ன ? ஏன் அரசுப்பள்ளி மாணவர்களுக்கு லேப்டாப் வழங்கவில்லை ? இன்றைய ai காலத்தில் வளர்ந்து வரும் தொழில்நுட்பத்திற்கு தகவமைத்துக் கொள்ளும் அளவிற்கு இவர்கள் தரும் லேப்டாப் இருக்கிறதா ? என்றால் அதுவும் இல்லை . பொம்மை முதல்வரைப் போன்றே பொம்மை லேப்டாப் கொடுத்து மாணவர்களை ஏமாற்றப் பார்க்கிறதா ஸ்டாலின் மாடல் அரசு ? election eyewash-க்காக லேப்டாப் கொடுப்பது போல drama நடத்தும் உங்களுக்கும் , education elevation-க்காக தொடர்ந்து லேப்டாப் கொடுத்த எங்களுக்கும் நிறைய வித்தியாசம் இருக்கிறது திரு . @ mkstalin அவர்களே ! # whereisourlaptop என்று நான் கேட்கவில்லை ; உங்களால் நான்கரை ஆண்டுகாலமாக வஞ்சிக்கப்பட்ட அரசுப்பள்ளி மாணவர்கள் கேட்கிறார்கள் . உரிய , முறையான பதில் வருமா திரு . ஸ்டாலின் அவர்களே ?",TVK,0
ஆக மொத்தத்துல யார் பொது கூட்டம் நடத்தினாலும் அது அரசியல் கூட்டம் தவெக பொது கூட்டம் நடத்தினால் அது குடும்ப நிகழ்வு மாதிரி ஆயிடுது : OK_hand_light_skin_tone : :OK_hand_light_skin_tone : :OK_hand_light_skin_tone :,ADMK,0
ஆக மொத்தத்துல யார் பொது கூட்டம் நடத்தினாலும் அது அரசியல் கூட்டம் தவெக பொது கூட்டம் நடத்தினால் அது குடும்ப நிகழ்வு மாதிரி ஆயிடுது : OK_hand_light_skin_tone : :OK_hand_light_skin_tone : :OK_hand_light_skin_tone :,BJP,0
ஆக மொத்தத்துல யார் பொது கூட்டம் நடத்தினாலும் அது அரசியல் கூட்டம் தவெக பொது கூட்டம் நடத்தினால் அது குடும்ப நிகழ்வு மாதிரி ஆயிடுது : OK_hand_light_skin_tone : :OK_hand_light_skin_tone : :OK_hand_light_skin_tone :,Congress,0
ஆக மொத்தத்துல யார் பொது கூட்டம் நடத்தினாலும் அது அரசியல் கூட்டம் தவெக பொது கூட்டம் நடத்தினால் அது குடும்ப நிகழ்வு மாதிரி ஆயிடுது : OK_hand_light_skin_tone : :OK_hand_light_skin_tone : :OK_hand_light_skin_tone :,DMK,0
ஆக மொத்தத்துல யார் பொது கூட்டம் நடத்தினாலும் அது அரசியல் கூட்டம் தவெக பொது கூட்டம் நடத்தினால் அது குடும்ப நிகழ்வு மாதிரி ஆயிடுது : OK_hand_light_skin_tone : :OK_hand_light_skin_tone : :OK_hand_light_skin_tone :,NTK,0
ஆக மொத்தத்துல யார் பொது கூட்டம் நடத்தினாலும் அது அரசியல் கூட்டம் தவெக பொது கூட்டம் நடத்தினால் அது குடும்ப நிகழ்வு மாதிரி ஆயிடுது : OK_hand_light_skin_tone : :OK_hand_light_skin_tone : :OK_hand_light_skin_tone :,TVK,1
"இது வெறும் தவெக அருனுக்கு மட்டமான மெசேஜ் இல்ல சுயநலம் பிடித்த திராவிட பாஜகவுக்கும் , டயர் திராவிடியாக்களுக்கும் சேர்த்து தான் இந்த மெசேஜ் : fire : :fire : :fire : @ annamalai_k # annamalai : orange_heart :",ADMK,1
"இது வெறும் தவெக அருனுக்கு மட்டமான மெசேஜ் இல்ல சுயநலம் பிடித்த திராவிட பாஜகவுக்கும் , டயர் திராவிடியாக்களுக்கும் சேர்த்து தான் இந்த மெசேஜ் : fire : :fire : :fire : @ annamalai_k # annamalai : orange_heart :",BJP,1
"இது வெறும் தவெக அருனுக்கு மட்டமான மெசேஜ் இல்ல சுயநலம் பிடித்த திராவிட பாஜகவுக்கும் , டயர் திராவிடியாக்களுக்கும் சேர்த்து தான் இந்த மெசேஜ் : fire : :fire : :fire : @ annamalai_k # annamalai : orange_heart :",Congress,0
"இது வெறும் தவெக அருனுக்கு மட்டமான மெசேஜ் இல்ல சுயநலம் பிடித்த திராவிட பாஜகவுக்கும் , டயர் திராவிடியாக்களுக்கும் சேர்த்து தான் இந்த மெசேஜ் : fire : :fire : :fire : @ annamalai_k # annamalai : orange_heart :",DMK,1
"இது வெறும் தவெக அருனுக்கு மட்டமான மெசேஜ் இல்ல சுயநலம் பிடித்த திராவிட பாஜகவுக்கும் , டயர் திராவிடியாக்களுக்கும் சேர்த்து தான் இந்த மெசேஜ் : fire : :fire : :fire : @ annamalai_k # annamalai : orange_heart :",NTK,0
"இது வெறும் தவெக அருனுக்கு மட்டமான மெசேஜ் இல்ல சுயநலம் பிடித்த திராவிட பாஜகவுக்கும் , டயர் திராவிடியாக்களுக்கும் சேர்த்து தான் இந்த மெசேஜ் : fire : :fire : :fire : @ annamalai_k # annamalai : orange_heart :",TVK,1
ஈரோடு தவெக பொதுக்கூட்டத்துக்கு காந்தி வேடத்தில் வந்த நபர் # tvkvijay # erode # tvk,ADMK,0
ஈரோடு தவெக பொதுக்கூட்டத்துக்கு காந்தி வேடத்தில் வந்த நபர் # tvkvijay # erode # tvk,BJP,0
ஈரோடு தவெக பொதுக்கூட்டத்துக்கு காந்தி வேடத்தில் வந்த நபர் # tvkvijay # erode # tvk,Congress,0
ஈரோடு தவெக பொதுக்கூட்டத்துக்கு காந்தி வேடத்தில் வந்த நபர் # tvkvijay # erode # tvk,DMK,0
ஈரோடு தவெக பொதுக்கூட்டத்துக்கு காந்தி வேடத்தில் வந்த நபர் # tvkvijay # erode # tvk,NTK,0
ஈரோடு தவெக பொதுக்கூட்டத்துக்கு காந்தி வேடத்தில் வந்த நபர் # tvkvijay # erode # tvk,TVK,1
தற்குறிகளுக்கு மட்டுமே எளிய மக்களின் வெற்றி டிராமாவா தெரியும் ! : man_facepalming : # dmk4tn,ADMK,0
தற்குறிகளுக்கு மட்டுமே எளிய மக்களின் வெற்றி டிராமாவா தெரியும் ! : man_facepalming : # dmk4tn,BJP,0
தற்குறிகளுக்கு மட்டுமே எளிய மக்களின் வெற்றி டிராமாவா தெரியும் ! : man_facepalming : # dmk4tn,Congress,0
தற்குறிகளுக்கு மட்டுமே எளிய மக்களின் வெற்றி டிராமாவா தெரியும் ! : man_facepalming : # dmk4tn,DMK,1
தற்குறிகளுக்கு மட்டுமே எளிய மக்களின் வெற்றி டிராமாவா தெரியும் ! : man_facepalming : # dmk4tn,NTK,0
தற்குறிகளுக்கு மட்டுமே எளிய மக்களின் வெற்றி டிராமாவா தெரியும் ! : man_facepalming : # dmk4tn,TVK,0
இன்று திருப்பூர் மாவட்டம் இடுவாய் மக்களுக்காக போராடிய @ annamalai_k அண்ணா அவர்களை கைது செய்துள்ளது விடியா திமுக அரசு : face_with_symbols_on_mouth : # annamalai | # dmkfailstn | # novotetoedmk,ADMK,0
இன்று திருப்பூர் மாவட்டம் இடுவாய் மக்களுக்காக போராடிய @ annamalai_k அண்ணா அவர்களை கைது செய்துள்ளது விடியா திமுக அரசு : face_with_symbols_on_mouth : # annamalai | # dmkfailstn | # novotetoedmk,BJP,1
இன்று திருப்பூர் மாவட்டம் இடுவாய் மக்களுக்காக போராடிய @ annamalai_k அண்ணா அவர்களை கைது செய்துள்ளது விடியா திமுக அரசு : face_with_symbols_on_mouth : # annamalai | # dmkfailstn | # novotetoedmk,Congress,0
இன்று திருப்பூர் மாவட்டம் இடுவாய் மக்களுக்காக போராடிய @ annamalai_k அண்ணா அவர்களை கைது செய்துள்ளது விடியா திமுக அரசு : face_with_symbols_on_mouth : # annamalai | # dmkfailstn | # novotetoedmk,DMK,1
இன்று திருப்பூர் மாவட்டம் இடுவாய் மக்களுக்காக போராடிய @ annamalai_k அண்ணா அவர்களை கைது செய்துள்ளது விடியா திமுக அரசு : face_with_symbols_on_mouth : # annamalai | # dmkfailstn | # novotetoedmk,NTK,0
இன்று திருப்பூர் மாவட்டம் இடுவாய் மக்களுக்காக போராடிய @ annamalai_k அண்ணா அவர்களை கைது செய்துள்ளது விடியா திமுக அரசு : face_with_symbols_on_mouth : # annamalai | # dmkfailstn | # novotetoedmk,TVK,0
"மங்கலம் பொங்கும் மஞ்சள் மாநகரான ஈரோட்டில் , நம் வெற்றித் தலைவர் அவர்கள் ...",ADMK,0
"மங்கலம் பொங்கும் மஞ்சள் மாநகரான ஈரோட்டில் , நம் வெற்றித் தலைவர் அவர்கள் ...",BJP,0
"மங்கலம் பொங்கும் மஞ்சள் மாநகரான ஈரோட்டில் , நம் வெற்றித் தலைவர் அவர்கள் ...",Congress,0
"மங்கலம் பொங்கும் மஞ்சள் மாநகரான ஈரோட்டில் , நம் வெற்றித் தலைவர் அவர்கள் ...",DMK,0
"மங்கலம் பொங்கும் மஞ்சள் மாநகரான ஈரோட்டில் , நம் வெற்றித் தலைவர் அவர்கள் ...",NTK,0
"மங்கலம் பொங்கும் மஞ்சள் மாநகரான ஈரோட்டில் , நம் வெற்றித் தலைவர் அவர்கள் ...",TVK,1
"தி.மு.க.வை அழித்துவிடுவேன் என வந்தவர்கள் அழிந்து போயிருக்கிறார்களே தவிர தி.மு.க இன்னும் அதே கொள்கை உரத்தோடு , வலுவோடு தான் இருக்கிறது ; என்றும் இருக்கும் ! : collision : # dmk4tn",ADMK,0
"தி.மு.க.வை அழித்துவிடுவேன் என வந்தவர்கள் அழிந்து போயிருக்கிறார்களே தவிர தி.மு.க இன்னும் அதே கொள்கை உரத்தோடு , வலுவோடு தான் இருக்கிறது ; என்றும் இருக்கும் ! : collision : # dmk4tn",BJP,0
"தி.மு.க.வை அழித்துவிடுவேன் என வந்தவர்கள் அழிந்து போயிருக்கிறார்களே தவிர தி.மு.க இன்னும் அதே கொள்கை உரத்தோடு , வலுவோடு தான் இருக்கிறது ; என்றும் இருக்கும் ! : collision : # dmk4tn",Congress,0
"தி.மு.க.வை அழித்துவிடுவேன் என வந்தவர்கள் அழிந்து போயிருக்கிறார்களே தவிர தி.மு.க இன்னும் அதே கொள்கை உரத்தோடு , வலுவோடு தான் இருக்கிறது ; என்றும் இருக்கும் ! : collision : # dmk4tn",DMK,1
"தி.மு.க.வை அழித்துவிடுவேன் என வந்தவர்கள் அழிந்து போயிருக்கிறார்களே தவிர தி.மு.க இன்னும் அதே கொள்கை உரத்தோடு , வலுவோடு தான் இருக்கிறது ; என்றும் இருக்கும் ! : collision : # dmk4tn",NTK,0
"தி.மு.க.வை அழித்துவிடுவேன் என வந்தவர்கள் அழிந்து போயிருக்கிறார்களே தவிர தி.மு.க இன்னும் அதே கொள்கை உரத்தோடு , வலுவோடு தான் இருக்கிறது ; என்றும் இருக்கும் ! : collision : # dmk4tn",TVK,0
"தமிழகத்தில் கிட்டத்தட்ட ஆண்டுதோறும் 3,70,000 அரசு பள்ளி மாணவர்கள் பன்னிரண்டாம் வகுப்பு படிக்கின்றனர் . ஆனால் , அதில் வெறும் சொற்ப எண்ணிக்கையில் தான் மருத்துவ படிப்புக்கு தேர்வாகின்றனர் . இந்நிலையை போக்க வேண்டும் என்பதற்காக எந்த எதிர்க்கட்சிகளும் கோரிக்கை வைக்காமல் , அரசு பள்ளி மாணவர்களுக்கு மருத்துவ படிப்பில் 7.5 % உள் இட ஒதுக்கீடு பல்வேறு சட்டப் போராட்டங்களை தாண்டி நிறைவேற்றி காட்டி சாதனை படைத்தது அம்மாவின் அரசு . இதன் மூலம் ஆண்டுக்கு சராசரியாக 600 அரசு பள்ளி மாணவர்கள் மருத்துவ படிப்புக்கு தேர்வாகின்றனர் . மாண்புமிகு கழகப் பொதுச் செயலாளர் , புரட்சித் தமிழர் , @ epstamilnadu அவர்கள் . # epsfor2026 # whereisourlaptop",ADMK,1
"தமிழகத்தில் கிட்டத்தட்ட ஆண்டுதோறும் 3,70,000 அரசு பள்ளி மாணவர்கள் பன்னிரண்டாம் வகுப்பு படிக்கின்றனர் . ஆனால் , அதில் வெறும் சொற்ப எண்ணிக்கையில் தான் மருத்துவ படிப்புக்கு தேர்வாகின்றனர் . இந்நிலையை போக்க வேண்டும் என்பதற்காக எந்த எதிர்க்கட்சிகளும் கோரிக்கை வைக்காமல் , அரசு பள்ளி மாணவர்களுக்கு மருத்துவ படிப்பில் 7.5 % உள் இட ஒதுக்கீடு பல்வேறு சட்டப் போராட்டங்களை தாண்டி நிறைவேற்றி காட்டி சாதனை படைத்தது அம்மாவின் அரசு . இதன் மூலம் ஆண்டுக்கு சராசரியாக 600 அரசு பள்ளி மாணவர்கள் மருத்துவ படிப்புக்கு தேர்வாகின்றனர் . மாண்புமிகு கழகப் பொதுச் செயலாளர் , புரட்சித் தமிழர் , @ epstamilnadu அவர்கள் . # epsfor2026 # whereisourlaptop",BJP,0
"தமிழகத்தில் கிட்டத்தட்ட ஆண்டுதோறும் 3,70,000 அரசு பள்ளி மாணவர்கள் பன்னிரண்டாம் வகுப்பு படிக்கின்றனர் . ஆனால் , அதில் வெறும் சொற்ப எண்ணிக்கையில் தான் மருத்துவ படிப்புக்கு தேர்வாகின்றனர் . இந்நிலையை போக்க வேண்டும் என்பதற்காக எந்த எதிர்க்கட்சிகளும் கோரிக்கை வைக்காமல் , அரசு பள்ளி மாணவர்களுக்கு மருத்துவ படிப்பில் 7.5 % உள் இட ஒதுக்கீடு பல்வேறு சட்டப் போராட்டங்களை தாண்டி நிறைவேற்றி காட்டி சாதனை படைத்தது அம்மாவின் அரசு . இதன் மூலம் ஆண்டுக்கு சராசரியாக 600 அரசு பள்ளி மாணவர்கள் மருத்துவ படிப்புக்கு தேர்வாகின்றனர் . மாண்புமிகு கழகப் பொதுச் செயலாளர் , புரட்சித் தமிழர் , @ epstamilnadu அவர்கள் . # epsfor2026 # whereisourlaptop",Congress,0
"தமிழகத்தில் கிட்டத்தட்ட ஆண்டுதோறும் 3,70,000 அரசு பள்ளி மாணவர்கள் பன்னிரண்டாம் வகுப்பு படிக்கின்றனர் . ஆனால் , அதில் வெறும் சொற்ப எண்ணிக்கையில் தான் மருத்துவ படிப்புக்கு தேர்வாகின்றனர் . இந்நிலையை போக்க வேண்டும் என்பதற்காக எந்த எதிர்க்கட்சிகளும் கோரிக்கை வைக்காமல் , அரசு பள்ளி மாணவர்களுக்கு மருத்துவ படிப்பில் 7.5 % உள் இட ஒதுக்கீடு பல்வேறு சட்டப் போராட்டங்களை தாண்டி நிறைவேற்றி காட்டி சாதனை படைத்தது அம்மாவின் அரசு . இதன் மூலம் ஆண்டுக்கு சராசரியாக 600 அரசு பள்ளி மாணவர்கள் மருத்துவ படிப்புக்கு தேர்வாகின்றனர் . மாண்புமிகு கழகப் பொதுச் செயலாளர் , புரட்சித் தமிழர் , @ epstamilnadu அவர்கள் . # epsfor2026 # whereisourlaptop",DMK,1
"தமிழகத்தில் கிட்டத்தட்ட ஆண்டுதோறும் 3,70,000 அரசு பள்ளி மாணவர்கள் பன்னிரண்டாம் வகுப்பு படிக்கின்றனர் . ஆனால் , அதில் வெறும் சொற்ப எண்ணிக்கையில் தான் மருத்துவ படிப்புக்கு தேர்வாகின்றனர் . இந்நிலையை போக்க வேண்டும் என்பதற்காக எந்த எதிர்க்கட்சிகளும் கோரிக்கை வைக்காமல் , அரசு பள்ளி மாணவர்களுக்கு மருத்துவ படிப்பில் 7.5 % உள் இட ஒதுக்கீடு பல்வேறு சட்டப் போராட்டங்களை தாண்டி நிறைவேற்றி காட்டி சாதனை படைத்தது அம்மாவின் அரசு . இதன் மூலம் ஆண்டுக்கு சராசரியாக 600 அரசு பள்ளி மாணவர்கள் மருத்துவ படிப்புக்கு தேர்வாகின்றனர் . மாண்புமிகு கழகப் பொதுச் செயலாளர் , புரட்சித் தமிழர் , @ epstamilnadu அவர்கள் . # epsfor2026 # whereisourlaptop",NTK,0
"தமிழகத்தில் கிட்டத்தட்ட ஆண்டுதோறும் 3,70,000 அரசு பள்ளி மாணவர்கள் பன்னிரண்டாம் வகுப்பு படிக்கின்றனர் . ஆனால் , அதில் வெறும் சொற்ப எண்ணிக்கையில் தான் மருத்துவ படிப்புக்கு தேர்வாகின்றனர் . இந்நிலையை போக்க வேண்டும் என்பதற்காக எந்த எதிர்க்கட்சிகளும் கோரிக்கை வைக்காமல் , அரசு பள்ளி மாணவர்களுக்கு மருத்துவ படிப்பில் 7.5 % உள் இட ஒதுக்கீடு பல்வேறு சட்டப் போராட்டங்களை தாண்டி நிறைவேற்றி காட்டி சாதனை படைத்தது அம்மாவின் அரசு . இதன் மூலம் ஆண்டுக்கு சராசரியாக 600 அரசு பள்ளி மாணவர்கள் மருத்துவ படிப்புக்கு தேர்வாகின்றனர் . மாண்புமிகு கழகப் பொதுச் செயலாளர் , புரட்சித் தமிழர் , @ epstamilnadu அவர்கள் . # epsfor2026 # whereisourlaptop",TVK,0
hindu support dmk . repost agree ! ! !,ADMK,0
hindu support dmk . repost agree ! ! !,BJP,0
hindu support dmk . repost agree ! ! !,Congress,0
hindu support dmk . repost agree ! ! !,DMK,1
hindu support dmk . repost agree ! ! !,NTK,0
hindu support dmk . repost agree ! ! !,TVK,0
அசிங்கமா பேசுற அரசியல் நல்லாவே வரும் ! - நடிகர் விஜய் | # tvkmeeting # vijayspeech # tnpolitics # erode # vijay # tvkfails # saattai # tvktroll,ADMK,0
அசிங்கமா பேசுற அரசியல் நல்லாவே வரும் ! - நடிகர் விஜய் | # tvkmeeting # vijayspeech # tnpolitics # erode # vijay # tvkfails # saattai # tvktroll,BJP,0
அசிங்கமா பேசுற அரசியல் நல்லாவே வரும் ! - நடிகர் விஜய் | # tvkmeeting # vijayspeech # tnpolitics # erode # vijay # tvkfails # saattai # tvktroll,Congress,0
அசிங்கமா பேசுற அரசியல் நல்லாவே வரும் ! - நடிகர் விஜய் | # tvkmeeting # vijayspeech # tnpolitics # erode # vijay # tvkfails # saattai # tvktroll,DMK,0
அசிங்கமா பேசுற அரசியல் நல்லாவே வரும் ! - நடிகர் விஜய் | # tvkmeeting # vijayspeech # tnpolitics # erode # vijay # tvkfails # saattai # tvktroll,NTK,0
அசிங்கமா பேசுற அரசியல் நல்லாவே வரும் ! - நடிகர் விஜய் | # tvkmeeting # vijayspeech # tnpolitics # erode # vijay # tvkfails # saattai # tvktroll,TVK,1
"vijay ’ erode rally wherever go tamil nadu , focus local issues ... subsidies , one must understand nothing comes free ... : tvk chief @ actorvijay ( translated @ dharannniii )",ADMK,0
"vijay ’ erode rally wherever go tamil nadu , focus local issues ... subsidies , one must understand nothing comes free ... : tvk chief @ actorvijay ( translated @ dharannniii )",BJP,0
"vijay ’ erode rally wherever go tamil nadu , focus local issues ... subsidies , one must understand nothing comes free ... : tvk chief @ actorvijay ( translated @ dharannniii )",Congress,0
"vijay ’ erode rally wherever go tamil nadu , focus local issues ... subsidies , one must understand nothing comes free ... : tvk chief @ actorvijay ( translated @ dharannniii )",DMK,0
"vijay ’ erode rally wherever go tamil nadu , focus local issues ... subsidies , one must understand nothing comes free ... : tvk chief @ actorvijay ( translated @ dharannniii )",NTK,0
"vijay ’ erode rally wherever go tamil nadu , focus local issues ... subsidies , one must understand nothing comes free ... : tvk chief @ actorvijay ( translated @ dharannniii )",TVK,1
"கொளத்தூர் தொகுதி மக்கள் குறைந்த கட்டணத்தில் தங்களது இல்லத் திருமண நிகழ்வுகளை நடத்திக்கொள்ள , அனைத்து வசதிகளும் கொண்ட ' பேரறிஞர் அண்ணா திருமண மாளிகை ' யைத் திறந்து வைத்து , 15 இணைகளுக்குத் திருமணம் நடத்தியும் வைத்தேன் ! மேலும் , gkm காலனியில் புதிய # modelschool கட்டுவதற்கும் , பெரியார் நகரில் # அமுதம் அங்காடி கட்டுவதற்கும் அடிக்கல் நாட்டினேன் . உயர்தர மருத்துவமனை , பூங்கா , # முதல்வர்_படைப்பகம் , நூலகம் , விளையாட்டு அரங்கங்கள் , தரமான மாநகராட்சிப் பள்ளிகள் என அனைத்திலும் best-ஆகக் கொளத்தூரை உயர்த்தி இருக்கிறோம் ! 234 தொகுதிகளையும் இதேபோல உயர்த்திட உழைத்து வருகிறோம் ! # kolathurvisit",ADMK,0
"கொளத்தூர் தொகுதி மக்கள் குறைந்த கட்டணத்தில் தங்களது இல்லத் திருமண நிகழ்வுகளை நடத்திக்கொள்ள , அனைத்து வசதிகளும் கொண்ட ' பேரறிஞர் அண்ணா திருமண மாளிகை ' யைத் திறந்து வைத்து , 15 இணைகளுக்குத் திருமணம் நடத்தியும் வைத்தேன் ! மேலும் , gkm காலனியில் புதிய # modelschool கட்டுவதற்கும் , பெரியார் நகரில் # அமுதம் அங்காடி கட்டுவதற்கும் அடிக்கல் நாட்டினேன் . உயர்தர மருத்துவமனை , பூங்கா , # முதல்வர்_படைப்பகம் , நூலகம் , விளையாட்டு அரங்கங்கள் , தரமான மாநகராட்சிப் பள்ளிகள் என அனைத்திலும் best-ஆகக் கொளத்தூரை உயர்த்தி இருக்கிறோம் ! 234 தொகுதிகளையும் இதேபோல உயர்த்திட உழைத்து வருகிறோம் ! # kolathurvisit",BJP,0
"கொளத்தூர் தொகுதி மக்கள் குறைந்த கட்டணத்தில் தங்களது இல்லத் திருமண நிகழ்வுகளை நடத்திக்கொள்ள , அனைத்து வசதிகளும் கொண்ட ' பேரறிஞர் அண்ணா திருமண மாளிகை ' யைத் திறந்து வைத்து , 15 இணைகளுக்குத் திருமணம் நடத்தியும் வைத்தேன் ! மேலும் , gkm காலனியில் புதிய # modelschool கட்டுவதற்கும் , பெரியார் நகரில் # அமுதம் அங்காடி கட்டுவதற்கும் அடிக்கல் நாட்டினேன் . உயர்தர மருத்துவமனை , பூங்கா , # முதல்வர்_படைப்பகம் , நூலகம் , விளையாட்டு அரங்கங்கள் , தரமான மாநகராட்சிப் பள்ளிகள் என அனைத்திலும் best-ஆகக் கொளத்தூரை உயர்த்தி இருக்கிறோம் ! 234 தொகுதிகளையும் இதேபோல உயர்த்திட உழைத்து வருகிறோம் ! # kolathurvisit",Congress,0
"கொளத்தூர் தொகுதி மக்கள் குறைந்த கட்டணத்தில் தங்களது இல்லத் திருமண நிகழ்வுகளை நடத்திக்கொள்ள , அனைத்து வசதிகளும் கொண்ட ' பேரறிஞர் அண்ணா திருமண மாளிகை ' யைத் திறந்து வைத்து , 15 இணைகளுக்குத் திருமணம் நடத்தியும் வைத்தேன் ! மேலும் , gkm காலனியில் புதிய # modelschool கட்டுவதற்கும் , பெரியார் நகரில் # அமுதம் அங்காடி கட்டுவதற்கும் அடிக்கல் நாட்டினேன் . உயர்தர மருத்துவமனை , பூங்கா , # முதல்வர்_படைப்பகம் , நூலகம் , விளையாட்டு அரங்கங்கள் , தரமான மாநகராட்சிப் பள்ளிகள் என அனைத்திலும் best-ஆகக் கொளத்தூரை உயர்த்தி இருக்கிறோம் ! 234 தொகுதிகளையும் இதேபோல உயர்த்திட உழைத்து வருகிறோம் ! # kolathurvisit",DMK,1
"கொளத்தூர் தொகுதி மக்கள் குறைந்த கட்டணத்தில் தங்களது இல்லத் திருமண நிகழ்வுகளை நடத்திக்கொள்ள , அனைத்து வசதிகளும் கொண்ட ' பேரறிஞர் அண்ணா திருமண மாளிகை ' யைத் திறந்து வைத்து , 15 இணைகளுக்குத் திருமணம் நடத்தியும் வைத்தேன் ! மேலும் , gkm காலனியில் புதிய # modelschool கட்டுவதற்கும் , பெரியார் நகரில் # அமுதம் அங்காடி கட்டுவதற்கும் அடிக்கல் நாட்டினேன் . உயர்தர மருத்துவமனை , பூங்கா , # முதல்வர்_படைப்பகம் , நூலகம் , விளையாட்டு அரங்கங்கள் , தரமான மாநகராட்சிப் பள்ளிகள் என அனைத்திலும் best-ஆகக் கொளத்தூரை உயர்த்தி இருக்கிறோம் ! 234 தொகுதிகளையும் இதேபோல உயர்த்திட உழைத்து வருகிறோம் ! # kolathurvisit",NTK,0
"கொளத்தூர் தொகுதி மக்கள் குறைந்த கட்டணத்தில் தங்களது இல்லத் திருமண நிகழ்வுகளை நடத்திக்கொள்ள , அனைத்து வசதிகளும் கொண்ட ' பேரறிஞர் அண்ணா திருமண மாளிகை ' யைத் திறந்து வைத்து , 15 இணைகளுக்குத் திருமணம் நடத்தியும் வைத்தேன் ! மேலும் , gkm காலனியில் புதிய # modelschool கட்டுவதற்கும் , பெரியார் நகரில் # அமுதம் அங்காடி கட்டுவதற்கும் அடிக்கல் நாட்டினேன் . உயர்தர மருத்துவமனை , பூங்கா , # முதல்வர்_படைப்பகம் , நூலகம் , விளையாட்டு அரங்கங்கள் , தரமான மாநகராட்சிப் பள்ளிகள் என அனைத்திலும் best-ஆகக் கொளத்தூரை உயர்த்தி இருக்கிறோம் ! 234 தொகுதிகளையும் இதேபோல உயர்த்திட உழைத்து வருகிறோம் ! # kolathurvisit",TVK,0
திராவிட மாடல் ஆட்சியில் நாட்டின் மொத்த உள் மாநில உற்பத்தியில் பெரிய வளர்ச்சிக் கண்டு தனித்துவமாக உயர்ந்து நிற்கிறது தமிழ்நாடு ! : sunrise_over_mountains : :chart_increasing : # risingtamilnadu,ADMK,0
திராவிட மாடல் ஆட்சியில் நாட்டின் மொத்த உள் மாநில உற்பத்தியில் பெரிய வளர்ச்சிக் கண்டு தனித்துவமாக உயர்ந்து நிற்கிறது தமிழ்நாடு ! : sunrise_over_mountains : :chart_increasing : # risingtamilnadu,BJP,0
திராவிட மாடல் ஆட்சியில் நாட்டின் மொத்த உள் மாநில உற்பத்தியில் பெரிய வளர்ச்சிக் கண்டு தனித்துவமாக உயர்ந்து நிற்கிறது தமிழ்நாடு ! : sunrise_over_mountains : :chart_increasing : # risingtamilnadu,Congress,0
திராவிட மாடல் ஆட்சியில் நாட்டின் மொத்த உள் மாநில உற்பத்தியில் பெரிய வளர்ச்சிக் கண்டு தனித்துவமாக உயர்ந்து நிற்கிறது தமிழ்நாடு ! : sunrise_over_mountains : :chart_increasing : # risingtamilnadu,DMK,1
திராவிட மாடல் ஆட்சியில் நாட்டின் மொத்த உள் மாநில உற்பத்தியில் பெரிய வளர்ச்சிக் கண்டு தனித்துவமாக உயர்ந்து நிற்கிறது தமிழ்நாடு ! : sunrise_over_mountains : :chart_increasing : # risingtamilnadu,NTK,0
திராவிட மாடல் ஆட்சியில் நாட்டின் மொத்த உள் மாநில உற்பத்தியில் பெரிய வளர்ச்சிக் கண்டு தனித்துவமாக உயர்ந்து நிற்கிறது தமிழ்நாடு ! : sunrise_over_mountains : :chart_increasing : # risingtamilnadu,TVK,0
மக்களே அண்ணன் உங்களை மட்டும் தான் நம்பி வந்திருக்காரு : red_heart : :folded_hands_light_skin_tone : # thalapathyvijay # tvkvijay # tvk # viral,ADMK,0
மக்களே அண்ணன் உங்களை மட்டும் தான் நம்பி வந்திருக்காரு : red_heart : :folded_hands_light_skin_tone : # thalapathyvijay # tvkvijay # tvk # viral,BJP,0
மக்களே அண்ணன் உங்களை மட்டும் தான் நம்பி வந்திருக்காரு : red_heart : :folded_hands_light_skin_tone : # thalapathyvijay # tvkvijay # tvk # viral,Congress,0
மக்களே அண்ணன் உங்களை மட்டும் தான் நம்பி வந்திருக்காரு : red_heart : :folded_hands_light_skin_tone : # thalapathyvijay # tvkvijay # tvk # viral,DMK,0
மக்களே அண்ணன் உங்களை மட்டும் தான் நம்பி வந்திருக்காரு : red_heart : :folded_hands_light_skin_tone : # thalapathyvijay # tvkvijay # tvk # viral,NTK,0
மக்களே அண்ணன் உங்களை மட்டும் தான் நம்பி வந்திருக்காரு : red_heart : :folded_hands_light_skin_tone : # thalapathyvijay # tvkvijay # tvk # viral,TVK,1
இடுவாய் மக்களுக்காக போராடிய தலைவர் @ annamalai_k அவர்களை கைது செய்துள்ளது இந்த கையாலாகாத திமுக அரசு .,ADMK,0
இடுவாய் மக்களுக்காக போராடிய தலைவர் @ annamalai_k அவர்களை கைது செய்துள்ளது இந்த கையாலாகாத திமுக அரசு .,BJP,1
இடுவாய் மக்களுக்காக போராடிய தலைவர் @ annamalai_k அவர்களை கைது செய்துள்ளது இந்த கையாலாகாத திமுக அரசு .,Congress,0
இடுவாய் மக்களுக்காக போராடிய தலைவர் @ annamalai_k அவர்களை கைது செய்துள்ளது இந்த கையாலாகாத திமுக அரசு .,DMK,1
இடுவாய் மக்களுக்காக போராடிய தலைவர் @ annamalai_k அவர்களை கைது செய்துள்ளது இந்த கையாலாகாத திமுக அரசு .,NTK,0
இடுவாய் மக்களுக்காக போராடிய தலைவர் @ annamalai_k அவர்களை கைது செய்துள்ளது இந்த கையாலாகாத திமுக அரசு .,TVK,0
"ஒவ்வொரு சராசரி அரசுப்பள்ளி மாணவனின் கல்விக்கு உறுதுணையாக நின்றது மாண்புமிகு அம்மாவின் அரசு வழங்கிய விலையில்லா மடிக்கணினி . மாண்புமிகு அம்மா அவர்கள் வழியில் , மாண்புமிகு புரட்சித் தமிழர் @ epstamilnadu அவர்கள் அரசு பள்ளிக் கல்லூரி மாணவர்கள் அனைவருக்கும் லேப்டாப் சென்று சேர்வதை உறுதி செய்தார்கள் . ஆனால் , இன்றைய விடியா ஸ்டாலின் மாடல் அரசு , நான்கரை ஆண்டுகளாக # whereisourlaptop என மாணவர்களை கேட்க வைத்து , அவர்களை வஞ்சித்து , இப்போது தேர்தல் ஆதாயத்திற்காக லேப்டாப் கொடுப்பது போல நாடகம் ஒன்றை அரங்கேற்ற உள்ளனர் . ஆனால் , தேர்தலுக்காக அல்லாமல் , உள்ளார்ந்த அன்போடு @ aiadmkofficial அரசு தந்த # pricelessscheme_ammalaptop என்றும் இளைஞர்கள் வாழ்வில் ஒரு அங்கமாக இருக்கும் !",ADMK,1
"ஒவ்வொரு சராசரி அரசுப்பள்ளி மாணவனின் கல்விக்கு உறுதுணையாக நின்றது மாண்புமிகு அம்மாவின் அரசு வழங்கிய விலையில்லா மடிக்கணினி . மாண்புமிகு அம்மா அவர்கள் வழியில் , மாண்புமிகு புரட்சித் தமிழர் @ epstamilnadu அவர்கள் அரசு பள்ளிக் கல்லூரி மாணவர்கள் அனைவருக்கும் லேப்டாப் சென்று சேர்வதை உறுதி செய்தார்கள் . ஆனால் , இன்றைய விடியா ஸ்டாலின் மாடல் அரசு , நான்கரை ஆண்டுகளாக # whereisourlaptop என மாணவர்களை கேட்க வைத்து , அவர்களை வஞ்சித்து , இப்போது தேர்தல் ஆதாயத்திற்காக லேப்டாப் கொடுப்பது போல நாடகம் ஒன்றை அரங்கேற்ற உள்ளனர் . ஆனால் , தேர்தலுக்காக அல்லாமல் , உள்ளார்ந்த அன்போடு @ aiadmkofficial அரசு தந்த # pricelessscheme_ammalaptop என்றும் இளைஞர்கள் வாழ்வில் ஒரு அங்கமாக இருக்கும் !",BJP,0
"ஒவ்வொரு சராசரி அரசுப்பள்ளி மாணவனின் கல்விக்கு உறுதுணையாக நின்றது மாண்புமிகு அம்மாவின் அரசு வழங்கிய விலையில்லா மடிக்கணினி . மாண்புமிகு அம்மா அவர்கள் வழியில் , மாண்புமிகு புரட்சித் தமிழர் @ epstamilnadu அவர்கள் அரசு பள்ளிக் கல்லூரி மாணவர்கள் அனைவருக்கும் லேப்டாப் சென்று சேர்வதை உறுதி செய்தார்கள் . ஆனால் , இன்றைய விடியா ஸ்டாலின் மாடல் அரசு , நான்கரை ஆண்டுகளாக # whereisourlaptop என மாணவர்களை கேட்க வைத்து , அவர்களை வஞ்சித்து , இப்போது தேர்தல் ஆதாயத்திற்காக லேப்டாப் கொடுப்பது போல நாடகம் ஒன்றை அரங்கேற்ற உள்ளனர் . ஆனால் , தேர்தலுக்காக அல்லாமல் , உள்ளார்ந்த அன்போடு @ aiadmkofficial அரசு தந்த # pricelessscheme_ammalaptop என்றும் இளைஞர்கள் வாழ்வில் ஒரு அங்கமாக இருக்கும் !",Congress,0
"ஒவ்வொரு சராசரி அரசுப்பள்ளி மாணவனின் கல்விக்கு உறுதுணையாக நின்றது மாண்புமிகு அம்மாவின் அரசு வழங்கிய விலையில்லா மடிக்கணினி . மாண்புமிகு அம்மா அவர்கள் வழியில் , மாண்புமிகு புரட்சித் தமிழர் @ epstamilnadu அவர்கள் அரசு பள்ளிக் கல்லூரி மாணவர்கள் அனைவருக்கும் லேப்டாப் சென்று சேர்வதை உறுதி செய்தார்கள் . ஆனால் , இன்றைய விடியா ஸ்டாலின் மாடல் அரசு , நான்கரை ஆண்டுகளாக # whereisourlaptop என மாணவர்களை கேட்க வைத்து , அவர்களை வஞ்சித்து , இப்போது தேர்தல் ஆதாயத்திற்காக லேப்டாப் கொடுப்பது போல நாடகம் ஒன்றை அரங்கேற்ற உள்ளனர் . ஆனால் , தேர்தலுக்காக அல்லாமல் , உள்ளார்ந்த அன்போடு @ aiadmkofficial அரசு தந்த # pricelessscheme_ammalaptop என்றும் இளைஞர்கள் வாழ்வில் ஒரு அங்கமாக இருக்கும் !",DMK,1
"ஒவ்வொரு சராசரி அரசுப்பள்ளி மாணவனின் கல்விக்கு உறுதுணையாக நின்றது மாண்புமிகு அம்மாவின் அரசு வழங்கிய விலையில்லா மடிக்கணினி . மாண்புமிகு அம்மா அவர்கள் வழியில் , மாண்புமிகு புரட்சித் தமிழர் @ epstamilnadu அவர்கள் அரசு பள்ளிக் கல்லூரி மாணவர்கள் அனைவருக்கும் லேப்டாப் சென்று சேர்வதை உறுதி செய்தார்கள் . ஆனால் , இன்றைய விடியா ஸ்டாலின் மாடல் அரசு , நான்கரை ஆண்டுகளாக # whereisourlaptop என மாணவர்களை கேட்க வைத்து , அவர்களை வஞ்சித்து , இப்போது தேர்தல் ஆதாயத்திற்காக லேப்டாப் கொடுப்பது போல நாடகம் ஒன்றை அரங்கேற்ற உள்ளனர் . ஆனால் , தேர்தலுக்காக அல்லாமல் , உள்ளார்ந்த அன்போடு @ aiadmkofficial அரசு தந்த # pricelessscheme_ammalaptop என்றும் இளைஞர்கள் வாழ்வில் ஒரு அங்கமாக இருக்கும் !",NTK,0
"ஒவ்வொரு சராசரி அரசுப்பள்ளி மாணவனின் கல்விக்கு உறுதுணையாக நின்றது மாண்புமிகு அம்மாவின் அரசு வழங்கிய விலையில்லா மடிக்கணினி . மாண்புமிகு அம்மா அவர்கள் வழியில் , மாண்புமிகு புரட்சித் தமிழர் @ epstamilnadu அவர்கள் அரசு பள்ளிக் கல்லூரி மாணவர்கள் அனைவருக்கும் லேப்டாப் சென்று சேர்வதை உறுதி செய்தார்கள் . ஆனால் , இன்றைய விடியா ஸ்டாலின் மாடல் அரசு , நான்கரை ஆண்டுகளாக # whereisourlaptop என மாணவர்களை கேட்க வைத்து , அவர்களை வஞ்சித்து , இப்போது தேர்தல் ஆதாயத்திற்காக லேப்டாப் கொடுப்பது போல நாடகம் ஒன்றை அரங்கேற்ற உள்ளனர் . ஆனால் , தேர்தலுக்காக அல்லாமல் , உள்ளார்ந்த அன்போடு @ aiadmkofficial அரசு தந்த # pricelessscheme_ammalaptop என்றும் இளைஞர்கள் வாழ்வில் ஒரு அங்கமாக இருக்கும் !",TVK,0
"# climatechange : policy , action – இரண்டிலும் நாட்டுக்கு வழிகாட்டும் தமிழ்நாடு ! துறையின் பெயரிலேயே காலநிலை மாற்றத்தைச் சேர்த்தது தொடங்கி , முன்னெப்போதும் இல்லாத அளவில் 500 கோடி ரூபாயை ஒதுக்கிப் பல இயக்கங்களைச் செயல்படுத்துவது வரை # dravidianmodel அரசின் # climatechange செயல்பாடுகள்தான் இந்தியாவுக்கு blueprint ! 2070-க்கு முன்னரே # netzeroemission இலக்கை அடைய வேண்டும் என அனைத்து நிலைகளிலும் உழைத்து வருகிறோம் ! அதனால்தான் ஐ.நா.வே நம்மைப் பாராட்டியுள்ளது ! இது ஒரு நீண்டகாலப் பயணம் என்றபோதிலும் , நமது முயற்சிகளின் விளைவாகப் பல உடனடிப் பயன்கள் மூன்றாண்டுகளாகக் கிடைத்து வருகின்றன . எதிர்காலச் சந்ததியினர் வாழப் பாதுகாப்பான சூழலை உறுதிசெய்ய , தமிழ்நாடு காலநிலை மாற்ற ஆட்சி மன்றக் குழுவின் பரிந்துரைகளைத் தொடர்ந்து செயல்படுத்துவதில் நமது அரசு உறுதியாக உள்ளது ! @ tthenarasu @ supriyasahuias # tamilnadugoverningcouncilonclimatechange",ADMK,0
"# climatechange : policy , action – இரண்டிலும் நாட்டுக்கு வழிகாட்டும் தமிழ்நாடு ! துறையின் பெயரிலேயே காலநிலை மாற்றத்தைச் சேர்த்தது தொடங்கி , முன்னெப்போதும் இல்லாத அளவில் 500 கோடி ரூபாயை ஒதுக்கிப் பல இயக்கங்களைச் செயல்படுத்துவது வரை # dravidianmodel அரசின் # climatechange செயல்பாடுகள்தான் இந்தியாவுக்கு blueprint ! 2070-க்கு முன்னரே # netzeroemission இலக்கை அடைய வேண்டும் என அனைத்து நிலைகளிலும் உழைத்து வருகிறோம் ! அதனால்தான் ஐ.நா.வே நம்மைப் பாராட்டியுள்ளது ! இது ஒரு நீண்டகாலப் பயணம் என்றபோதிலும் , நமது முயற்சிகளின் விளைவாகப் பல உடனடிப் பயன்கள் மூன்றாண்டுகளாகக் கிடைத்து வருகின்றன . எதிர்காலச் சந்ததியினர் வாழப் பாதுகாப்பான சூழலை உறுதிசெய்ய , தமிழ்நாடு காலநிலை மாற்ற ஆட்சி மன்றக் குழுவின் பரிந்துரைகளைத் தொடர்ந்து செயல்படுத்துவதில் நமது அரசு உறுதியாக உள்ளது ! @ tthenarasu @ supriyasahuias # tamilnadugoverningcouncilonclimatechange",BJP,0
"# climatechange : policy , action – இரண்டிலும் நாட்டுக்கு வழிகாட்டும் தமிழ்நாடு ! துறையின் பெயரிலேயே காலநிலை மாற்றத்தைச் சேர்த்தது தொடங்கி , முன்னெப்போதும் இல்லாத அளவில் 500 கோடி ரூபாயை ஒதுக்கிப் பல இயக்கங்களைச் செயல்படுத்துவது வரை # dravidianmodel அரசின் # climatechange செயல்பாடுகள்தான் இந்தியாவுக்கு blueprint ! 2070-க்கு முன்னரே # netzeroemission இலக்கை அடைய வேண்டும் என அனைத்து நிலைகளிலும் உழைத்து வருகிறோம் ! அதனால்தான் ஐ.நா.வே நம்மைப் பாராட்டியுள்ளது ! இது ஒரு நீண்டகாலப் பயணம் என்றபோதிலும் , நமது முயற்சிகளின் விளைவாகப் பல உடனடிப் பயன்கள் மூன்றாண்டுகளாகக் கிடைத்து வருகின்றன . எதிர்காலச் சந்ததியினர் வாழப் பாதுகாப்பான சூழலை உறுதிசெய்ய , தமிழ்நாடு காலநிலை மாற்ற ஆட்சி மன்றக் குழுவின் பரிந்துரைகளைத் தொடர்ந்து செயல்படுத்துவதில் நமது அரசு உறுதியாக உள்ளது ! @ tthenarasu @ supriyasahuias # tamilnadugoverningcouncilonclimatechange",Congress,0
"# climatechange : policy , action – இரண்டிலும் நாட்டுக்கு வழிகாட்டும் தமிழ்நாடு ! துறையின் பெயரிலேயே காலநிலை மாற்றத்தைச் சேர்த்தது தொடங்கி , முன்னெப்போதும் இல்லாத அளவில் 500 கோடி ரூபாயை ஒதுக்கிப் பல இயக்கங்களைச் செயல்படுத்துவது வரை # dravidianmodel அரசின் # climatechange செயல்பாடுகள்தான் இந்தியாவுக்கு blueprint ! 2070-க்கு முன்னரே # netzeroemission இலக்கை அடைய வேண்டும் என அனைத்து நிலைகளிலும் உழைத்து வருகிறோம் ! அதனால்தான் ஐ.நா.வே நம்மைப் பாராட்டியுள்ளது ! இது ஒரு நீண்டகாலப் பயணம் என்றபோதிலும் , நமது முயற்சிகளின் விளைவாகப் பல உடனடிப் பயன்கள் மூன்றாண்டுகளாகக் கிடைத்து வருகின்றன . எதிர்காலச் சந்ததியினர் வாழப் பாதுகாப்பான சூழலை உறுதிசெய்ய , தமிழ்நாடு காலநிலை மாற்ற ஆட்சி மன்றக் குழுவின் பரிந்துரைகளைத் தொடர்ந்து செயல்படுத்துவதில் நமது அரசு உறுதியாக உள்ளது ! @ tthenarasu @ supriyasahuias # tamilnadugoverningcouncilonclimatechange",DMK,1
"# climatechange : policy , action – இரண்டிலும் நாட்டுக்கு வழிகாட்டும் தமிழ்நாடு ! துறையின் பெயரிலேயே காலநிலை மாற்றத்தைச் சேர்த்தது தொடங்கி , முன்னெப்போதும் இல்லாத அளவில் 500 கோடி ரூபாயை ஒதுக்கிப் பல இயக்கங்களைச் செயல்படுத்துவது வரை # dravidianmodel அரசின் # climatechange செயல்பாடுகள்தான் இந்தியாவுக்கு blueprint ! 2070-க்கு முன்னரே # netzeroemission இலக்கை அடைய வேண்டும் என அனைத்து நிலைகளிலும் உழைத்து வருகிறோம் ! அதனால்தான் ஐ.நா.வே நம்மைப் பாராட்டியுள்ளது ! இது ஒரு நீண்டகாலப் பயணம் என்றபோதிலும் , நமது முயற்சிகளின் விளைவாகப் பல உடனடிப் பயன்கள் மூன்றாண்டுகளாகக் கிடைத்து வருகின்றன . எதிர்காலச் சந்ததியினர் வாழப் பாதுகாப்பான சூழலை உறுதிசெய்ய , தமிழ்நாடு காலநிலை மாற்ற ஆட்சி மன்றக் குழுவின் பரிந்துரைகளைத் தொடர்ந்து செயல்படுத்துவதில் நமது அரசு உறுதியாக உள்ளது ! @ tthenarasu @ supriyasahuias # tamilnadugoverningcouncilonclimatechange",NTK,0
"# climatechange : policy , action – இரண்டிலும் நாட்டுக்கு வழிகாட்டும் தமிழ்நாடு ! துறையின் பெயரிலேயே காலநிலை மாற்றத்தைச் சேர்த்தது தொடங்கி , முன்னெப்போதும் இல்லாத அளவில் 500 கோடி ரூபாயை ஒதுக்கிப் பல இயக்கங்களைச் செயல்படுத்துவது வரை # dravidianmodel அரசின் # climatechange செயல்பாடுகள்தான் இந்தியாவுக்கு blueprint ! 2070-க்கு முன்னரே # netzeroemission இலக்கை அடைய வேண்டும் என அனைத்து நிலைகளிலும் உழைத்து வருகிறோம் ! அதனால்தான் ஐ.நா.வே நம்மைப் பாராட்டியுள்ளது ! இது ஒரு நீண்டகாலப் பயணம் என்றபோதிலும் , நமது முயற்சிகளின் விளைவாகப் பல உடனடிப் பயன்கள் மூன்றாண்டுகளாகக் கிடைத்து வருகின்றன . எதிர்காலச் சந்ததியினர் வாழப் பாதுகாப்பான சூழலை உறுதிசெய்ய , தமிழ்நாடு காலநிலை மாற்ற ஆட்சி மன்றக் குழுவின் பரிந்துரைகளைத் தொடர்ந்து செயல்படுத்துவதில் நமது அரசு உறுதியாக உள்ளது ! @ tthenarasu @ supriyasahuias # tamilnadugoverningcouncilonclimatechange",TVK,0
"மாண்புமிகு கழகப் பொதுச்செயலாளர் புரட்சித் தமிழர் திரு . @ epstamilnadu அவர்களை மாண்புமிகு இலங்கை துணை அமைச்சர் திரு . சுந்தரலிங்கம் பிரதீப் அவர்களும் , சென்னையில் உள்ள இலங்கை துணை தூதரக அதிகாரி முனைவர் கணேசநாதன் கேதீஸ்வரன் அவர்களும் , மரியாதை நிமித்தமாக நேரில் சந்தித்தனர் .",ADMK,1
"மாண்புமிகு கழகப் பொதுச்செயலாளர் புரட்சித் தமிழர் திரு . @ epstamilnadu அவர்களை மாண்புமிகு இலங்கை துணை அமைச்சர் திரு . சுந்தரலிங்கம் பிரதீப் அவர்களும் , சென்னையில் உள்ள இலங்கை துணை தூதரக அதிகாரி முனைவர் கணேசநாதன் கேதீஸ்வரன் அவர்களும் , மரியாதை நிமித்தமாக நேரில் சந்தித்தனர் .",BJP,0
"மாண்புமிகு கழகப் பொதுச்செயலாளர் புரட்சித் தமிழர் திரு . @ epstamilnadu அவர்களை மாண்புமிகு இலங்கை துணை அமைச்சர் திரு . சுந்தரலிங்கம் பிரதீப் அவர்களும் , சென்னையில் உள்ள இலங்கை துணை தூதரக அதிகாரி முனைவர் கணேசநாதன் கேதீஸ்வரன் அவர்களும் , மரியாதை நிமித்தமாக நேரில் சந்தித்தனர் .",Congress,0
"மாண்புமிகு கழகப் பொதுச்செயலாளர் புரட்சித் தமிழர் திரு . @ epstamilnadu அவர்களை மாண்புமிகு இலங்கை துணை அமைச்சர் திரு . சுந்தரலிங்கம் பிரதீப் அவர்களும் , சென்னையில் உள்ள இலங்கை துணை தூதரக அதிகாரி முனைவர் கணேசநாதன் கேதீஸ்வரன் அவர்களும் , மரியாதை நிமித்தமாக நேரில் சந்தித்தனர் .",DMK,0
"மாண்புமிகு கழகப் பொதுச்செயலாளர் புரட்சித் தமிழர் திரு . @ epstamilnadu அவர்களை மாண்புமிகு இலங்கை துணை அமைச்சர் திரு . சுந்தரலிங்கம் பிரதீப் அவர்களும் , சென்னையில் உள்ள இலங்கை துணை தூதரக அதிகாரி முனைவர் கணேசநாதன் கேதீஸ்வரன் அவர்களும் , மரியாதை நிமித்தமாக நேரில் சந்தித்தனர் .",NTK,0
"மாண்புமிகு கழகப் பொதுச்செயலாளர் புரட்சித் தமிழர் திரு . @ epstamilnadu அவர்களை மாண்புமிகு இலங்கை துணை அமைச்சர் திரு . சுந்தரலிங்கம் பிரதீப் அவர்களும் , சென்னையில் உள்ள இலங்கை துணை தூதரக அதிகாரி முனைவர் கணேசநாதன் கேதீஸ்வரன் அவர்களும் , மரியாதை நிமித்தமாக நேரில் சந்தித்தனர் .",TVK,0
திமுகவின் ஆட்சி அவலங்களை மக்களிடம் கொண்டு சென்று போராடிய மக்கள் தலைவர் அண்ணாமலையார் பாசிச தி.மு.க அரசால் கைது செய்யப்பட்டு இருக்கிறார் : enraged_face : :enraged_face : :enraged_face : அண்ணாமலையார் என்ற நெருப்பில் : fire : திமுக பொசங்கு போவது நிச்சயம் : enraged_face : :enraged_face : :enraged_face : @ annamalai_k # annamalai,ADMK,0
திமுகவின் ஆட்சி அவலங்களை மக்களிடம் கொண்டு சென்று போராடிய மக்கள் தலைவர் அண்ணாமலையார் பாசிச தி.மு.க அரசால் கைது செய்யப்பட்டு இருக்கிறார் : enraged_face : :enraged_face : :enraged_face : அண்ணாமலையார் என்ற நெருப்பில் : fire : திமுக பொசங்கு போவது நிச்சயம் : enraged_face : :enraged_face : :enraged_face : @ annamalai_k # annamalai,BJP,1
திமுகவின் ஆட்சி அவலங்களை மக்களிடம் கொண்டு சென்று போராடிய மக்கள் தலைவர் அண்ணாமலையார் பாசிச தி.மு.க அரசால் கைது செய்யப்பட்டு இருக்கிறார் : enraged_face : :enraged_face : :enraged_face : அண்ணாமலையார் என்ற நெருப்பில் : fire : திமுக பொசங்கு போவது நிச்சயம் : enraged_face : :enraged_face : :enraged_face : @ annamalai_k # annamalai,Congress,0
திமுகவின் ஆட்சி அவலங்களை மக்களிடம் கொண்டு சென்று போராடிய மக்கள் தலைவர் அண்ணாமலையார் பாசிச தி.மு.க அரசால் கைது செய்யப்பட்டு இருக்கிறார் : enraged_face : :enraged_face : :enraged_face : அண்ணாமலையார் என்ற நெருப்பில் : fire : திமுக பொசங்கு போவது நிச்சயம் : enraged_face : :enraged_face : :enraged_face : @ annamalai_k # annamalai,DMK,1
திமுகவின் ஆட்சி அவலங்களை மக்களிடம் கொண்டு சென்று போராடிய மக்கள் தலைவர் அண்ணாமலையார் பாசிச தி.மு.க அரசால் கைது செய்யப்பட்டு இருக்கிறார் : enraged_face : :enraged_face : :enraged_face : அண்ணாமலையார் என்ற நெருப்பில் : fire : திமுக பொசங்கு போவது நிச்சயம் : enraged_face : :enraged_face : :enraged_face : @ annamalai_k # annamalai,NTK,0
திமுகவின் ஆட்சி அவலங்களை மக்களிடம் கொண்டு சென்று போராடிய மக்கள் தலைவர் அண்ணாமலையார் பாசிச தி.மு.க அரசால் கைது செய்யப்பட்டு இருக்கிறார் : enraged_face : :enraged_face : :enraged_face : அண்ணாமலையார் என்ற நெருப்பில் : fire : திமுக பொசங்கு போவது நிச்சயம் : enraged_face : :enraged_face : :enraged_face : @ annamalai_k # annamalai,TVK,0
திமுக ஒரு தீய சக்தி - தலைவர் # தீயசக்தி_திமுக,ADMK,0
திமுக ஒரு தீய சக்தி - தலைவர் # தீயசக்தி_திமுக,BJP,0
திமுக ஒரு தீய சக்தி - தலைவர் # தீயசக்தி_திமுக,Congress,0
திமுக ஒரு தீய சக்தி - தலைவர் # தீயசக்தி_திமுக,DMK,1
திமுக ஒரு தீய சக்தி - தலைவர் # தீயசக்தி_திமுக,NTK,0
திமுக ஒரு தீய சக்தி - தலைவர் # தீயசக்தி_திமுக,TVK,0
தமிழ்நாடு அரசுக்கு சொந்தமான பேருந்துகளில் : bus : தமிழ்நாடு என்ற பெயர் கொண்ட sticker ஒட்டியதற்காக நாம் தமிழர் கட்சியினரை காவல்துறை கைது செய்துள்ளது : enraged_face : அந்தப் பேருந்துகள் எல்லாம் தமிழ்நாடு அரசுக்கு சொந்தமானது தானே ஸ்டாலின் அப்பன் வீட்டு சொத்து இல்லையே பிறகு ஏன் கைது செய்ய வேண்டும் : face_with_symbols_on_mouth :,ADMK,0
தமிழ்நாடு அரசுக்கு சொந்தமான பேருந்துகளில் : bus : தமிழ்நாடு என்ற பெயர் கொண்ட sticker ஒட்டியதற்காக நாம் தமிழர் கட்சியினரை காவல்துறை கைது செய்துள்ளது : enraged_face : அந்தப் பேருந்துகள் எல்லாம் தமிழ்நாடு அரசுக்கு சொந்தமானது தானே ஸ்டாலின் அப்பன் வீட்டு சொத்து இல்லையே பிறகு ஏன் கைது செய்ய வேண்டும் : face_with_symbols_on_mouth :,BJP,0
தமிழ்நாடு அரசுக்கு சொந்தமான பேருந்துகளில் : bus : தமிழ்நாடு என்ற பெயர் கொண்ட sticker ஒட்டியதற்காக நாம் தமிழர் கட்சியினரை காவல்துறை கைது செய்துள்ளது : enraged_face : அந்தப் பேருந்துகள் எல்லாம் தமிழ்நாடு அரசுக்கு சொந்தமானது தானே ஸ்டாலின் அப்பன் வீட்டு சொத்து இல்லையே பிறகு ஏன் கைது செய்ய வேண்டும் : face_with_symbols_on_mouth :,Congress,0
தமிழ்நாடு அரசுக்கு சொந்தமான பேருந்துகளில் : bus : தமிழ்நாடு என்ற பெயர் கொண்ட sticker ஒட்டியதற்காக நாம் தமிழர் கட்சியினரை காவல்துறை கைது செய்துள்ளது : enraged_face : அந்தப் பேருந்துகள் எல்லாம் தமிழ்நாடு அரசுக்கு சொந்தமானது தானே ஸ்டாலின் அப்பன் வீட்டு சொத்து இல்லையே பிறகு ஏன் கைது செய்ய வேண்டும் : face_with_symbols_on_mouth :,DMK,1
தமிழ்நாடு அரசுக்கு சொந்தமான பேருந்துகளில் : bus : தமிழ்நாடு என்ற பெயர் கொண்ட sticker ஒட்டியதற்காக நாம் தமிழர் கட்சியினரை காவல்துறை கைது செய்துள்ளது : enraged_face : அந்தப் பேருந்துகள் எல்லாம் தமிழ்நாடு அரசுக்கு சொந்தமானது தானே ஸ்டாலின் அப்பன் வீட்டு சொத்து இல்லையே பிறகு ஏன் கைது செய்ய வேண்டும் : face_with_symbols_on_mouth :,NTK,1
தமிழ்நாடு அரசுக்கு சொந்தமான பேருந்துகளில் : bus : தமிழ்நாடு என்ற பெயர் கொண்ட sticker ஒட்டியதற்காக நாம் தமிழர் கட்சியினரை காவல்துறை கைது செய்துள்ளது : enraged_face : அந்தப் பேருந்துகள் எல்லாம் தமிழ்நாடு அரசுக்கு சொந்தமானது தானே ஸ்டாலின் அப்பன் வீட்டு சொத்து இல்லையே பிறகு ஏன் கைது செய்ய வேண்டும் : face_with_symbols_on_mouth :,TVK,0
நூறுநாள் வேலை பார்ப்பவர்கள் கைரேகை பதிவது கட்டாயம் . ஆனால் பேரழிவை உருவாக்கும் தோரியம் உள்ளிட்ட கனிமங்களை கையாள கார்ப்பரேட்டுகளுக்கு கட்டற்ற சுதந்திரம் . இரட்டை துயரங்களை இந்திய மக்களின் மீது பாஜக அரசு சுமத்தியுள்ளது . - மக்களவை விவாதத்தில் # graminvbgramg # corporateliberty # கார்பரேட்சுதந்திரம் # parliament # நாடாளுமன்றம்,ADMK,0
நூறுநாள் வேலை பார்ப்பவர்கள் கைரேகை பதிவது கட்டாயம் . ஆனால் பேரழிவை உருவாக்கும் தோரியம் உள்ளிட்ட கனிமங்களை கையாள கார்ப்பரேட்டுகளுக்கு கட்டற்ற சுதந்திரம் . இரட்டை துயரங்களை இந்திய மக்களின் மீது பாஜக அரசு சுமத்தியுள்ளது . - மக்களவை விவாதத்தில் # graminvbgramg # corporateliberty # கார்பரேட்சுதந்திரம் # parliament # நாடாளுமன்றம்,BJP,1
நூறுநாள் வேலை பார்ப்பவர்கள் கைரேகை பதிவது கட்டாயம் . ஆனால் பேரழிவை உருவாக்கும் தோரியம் உள்ளிட்ட கனிமங்களை கையாள கார்ப்பரேட்டுகளுக்கு கட்டற்ற சுதந்திரம் . இரட்டை துயரங்களை இந்திய மக்களின் மீது பாஜக அரசு சுமத்தியுள்ளது . - மக்களவை விவாதத்தில் # graminvbgramg # corporateliberty # கார்பரேட்சுதந்திரம் # parliament # நாடாளுமன்றம்,Congress,0
நூறுநாள் வேலை பார்ப்பவர்கள் கைரேகை பதிவது கட்டாயம் . ஆனால் பேரழிவை உருவாக்கும் தோரியம் உள்ளிட்ட கனிமங்களை கையாள கார்ப்பரேட்டுகளுக்கு கட்டற்ற சுதந்திரம் . இரட்டை துயரங்களை இந்திய மக்களின் மீது பாஜக அரசு சுமத்தியுள்ளது . - மக்களவை விவாதத்தில் # graminvbgramg # corporateliberty # கார்பரேட்சுதந்திரம் # parliament # நாடாளுமன்றம்,DMK,0
நூறுநாள் வேலை பார்ப்பவர்கள் கைரேகை பதிவது கட்டாயம் . ஆனால் பேரழிவை உருவாக்கும் தோரியம் உள்ளிட்ட கனிமங்களை கையாள கார்ப்பரேட்டுகளுக்கு கட்டற்ற சுதந்திரம் . இரட்டை துயரங்களை இந்திய மக்களின் மீது பாஜக அரசு சுமத்தியுள்ளது . - மக்களவை விவாதத்தில் # graminvbgramg # corporateliberty # கார்பரேட்சுதந்திரம் # parliament # நாடாளுமன்றம்,NTK,0
நூறுநாள் வேலை பார்ப்பவர்கள் கைரேகை பதிவது கட்டாயம் . ஆனால் பேரழிவை உருவாக்கும் தோரியம் உள்ளிட்ட கனிமங்களை கையாள கார்ப்பரேட்டுகளுக்கு கட்டற்ற சுதந்திரம் . இரட்டை துயரங்களை இந்திய மக்களின் மீது பாஜக அரசு சுமத்தியுள்ளது . - மக்களவை விவாதத்தில் # graminvbgramg # corporateliberty # கார்பரேட்சுதந்திரம் # parliament # நாடாளுமன்றம்,TVK,0
எவன் என்ன எழுதி கொடுத்தாலும் படிப்பியாடா தற்குறி உண்மையிலேயே பெண்கள் பாதுகாப்பா இருக்க மாநிலம் தமிழ்நாடு உண்மையான புள்ளிவிவரம் சொல்லுது இதோ : backhand_index_pointing_down : :backhand_index_pointing_down :,ADMK,0
எவன் என்ன எழுதி கொடுத்தாலும் படிப்பியாடா தற்குறி உண்மையிலேயே பெண்கள் பாதுகாப்பா இருக்க மாநிலம் தமிழ்நாடு உண்மையான புள்ளிவிவரம் சொல்லுது இதோ : backhand_index_pointing_down : :backhand_index_pointing_down :,BJP,0
எவன் என்ன எழுதி கொடுத்தாலும் படிப்பியாடா தற்குறி உண்மையிலேயே பெண்கள் பாதுகாப்பா இருக்க மாநிலம் தமிழ்நாடு உண்மையான புள்ளிவிவரம் சொல்லுது இதோ : backhand_index_pointing_down : :backhand_index_pointing_down :,Congress,0
எவன் என்ன எழுதி கொடுத்தாலும் படிப்பியாடா தற்குறி உண்மையிலேயே பெண்கள் பாதுகாப்பா இருக்க மாநிலம் தமிழ்நாடு உண்மையான புள்ளிவிவரம் சொல்லுது இதோ : backhand_index_pointing_down : :backhand_index_pointing_down :,DMK,1
எவன் என்ன எழுதி கொடுத்தாலும் படிப்பியாடா தற்குறி உண்மையிலேயே பெண்கள் பாதுகாப்பா இருக்க மாநிலம் தமிழ்நாடு உண்மையான புள்ளிவிவரம் சொல்லுது இதோ : backhand_index_pointing_down : :backhand_index_pointing_down :,NTK,0
எவன் என்ன எழுதி கொடுத்தாலும் படிப்பியாடா தற்குறி உண்மையிலேயே பெண்கள் பாதுகாப்பா இருக்க மாநிலம் தமிழ்நாடு உண்மையான புள்ளிவிவரம் சொல்லுது இதோ : backhand_index_pointing_down : :backhand_index_pointing_down :,TVK,1
வீசுற புயலுக்கு வேலி போட முடியாது ... : fire : தளபதி ஜெயிக்கிறதை எவராலும் தடுக்க முடியாது ... : flexed_biceps_light_skin_tone : 2026- இல் கோட்டையில் சந்திப்போம் . நன்றி ! ! # tvk | # tvkvijay | # vijayspeech | # vijayinerode | # tvkinerode | # erode | # vijaymeeting | # tvkmeeting | # தவெக | # தமிழகவெற்றிக்கழகம் |,ADMK,0
வீசுற புயலுக்கு வேலி போட முடியாது ... : fire : தளபதி ஜெயிக்கிறதை எவராலும் தடுக்க முடியாது ... : flexed_biceps_light_skin_tone : 2026- இல் கோட்டையில் சந்திப்போம் . நன்றி ! ! # tvk | # tvkvijay | # vijayspeech | # vijayinerode | # tvkinerode | # erode | # vijaymeeting | # tvkmeeting | # தவெக | # தமிழகவெற்றிக்கழகம் |,BJP,0
வீசுற புயலுக்கு வேலி போட முடியாது ... : fire : தளபதி ஜெயிக்கிறதை எவராலும் தடுக்க முடியாது ... : flexed_biceps_light_skin_tone : 2026- இல் கோட்டையில் சந்திப்போம் . நன்றி ! ! # tvk | # tvkvijay | # vijayspeech | # vijayinerode | # tvkinerode | # erode | # vijaymeeting | # tvkmeeting | # தவெக | # தமிழகவெற்றிக்கழகம் |,Congress,0
வீசுற புயலுக்கு வேலி போட முடியாது ... : fire : தளபதி ஜெயிக்கிறதை எவராலும் தடுக்க முடியாது ... : flexed_biceps_light_skin_tone : 2026- இல் கோட்டையில் சந்திப்போம் . நன்றி ! ! # tvk | # tvkvijay | # vijayspeech | # vijayinerode | # tvkinerode | # erode | # vijaymeeting | # tvkmeeting | # தவெக | # தமிழகவெற்றிக்கழகம் |,DMK,0
வீசுற புயலுக்கு வேலி போட முடியாது ... : fire : தளபதி ஜெயிக்கிறதை எவராலும் தடுக்க முடியாது ... : flexed_biceps_light_skin_tone : 2026- இல் கோட்டையில் சந்திப்போம் . நன்றி ! ! # tvk | # tvkvijay | # vijayspeech | # vijayinerode | # tvkinerode | # erode | # vijaymeeting | # tvkmeeting | # தவெக | # தமிழகவெற்றிக்கழகம் |,NTK,0
வீசுற புயலுக்கு வேலி போட முடியாது ... : fire : தளபதி ஜெயிக்கிறதை எவராலும் தடுக்க முடியாது ... : flexed_biceps_light_skin_tone : 2026- இல் கோட்டையில் சந்திப்போம் . நன்றி ! ! # tvk | # tvkvijay | # vijayspeech | # vijayinerode | # tvkinerode | # erode | # vijaymeeting | # tvkmeeting | # தவெக | # தமிழகவெற்றிக்கழகம் |,TVK,1
"கழகத் தலைவர்-மாண்புமிகு தமிழ்நாடு முதலமைச்சர் @ mkstalin அவர்களின் வழிகாட்டுதலில் , தலைமைக் கழகத்தின் ஒப்புதலுடன் , @ dmk_youthwing நிர்வாகிகளுக்கு , சமூக வலைதளப் பயிற்சியளிக்கவும் , அவர்களின் சமூக வலைதளம் சார்ந்த பணிகளை ஒருங்கிணைக்கவும் , கழக மாவட்டத்துக்கு ஒரு துணை அமைப்பாளரைத் தேர்வுசெய்து வருகிறோம் . இதற்கென பெறப்பட்ட விண்ணப்பங்களைப் பரிசீலனை செய்து , அதில் தேர்வானவர்களை நேரில் அழைத்து , அவர்கள் ஆற்றிய களப்பணி மற்றும் சமூக வலைதளப் பணிகளை ஆய்வு செய்தோம் . இந்த நேர்காணல் அடிப்படையிலும் , மாவட்டக் கழகச் செயலாளர்களின் பரிந்துரையின் பேரிலும் , இளைஞர் அணி மண்டலம்-1-க்கு உட்பட்ட 6 கழக மாவட்டங்களுக்கு , சமூக வலைதள துணை அமைப்பாளர்கள் நியமிக்கப்பட்டுள்ளனர் . இளைஞர் அணியின் சமூக வலைதள பணிகளை ஒருங்கிணைப்பதற்கென புதிதாக நியமிக்கப்பட துணை அமைப்பாளர்களின் கழகப் பணி சிறக்க , என் அன்பும் வாழ்த்தும் ! # கழக_இளைஞர்_அணி @ joel_dmk @ prabhakarraja88 @ jjebenezer1 @ prakashbalara01 @ raja_anbazhagan @ rdmadhankumar @ vanavilvijay",ADMK,0
"கழகத் தலைவர்-மாண்புமிகு தமிழ்நாடு முதலமைச்சர் @ mkstalin அவர்களின் வழிகாட்டுதலில் , தலைமைக் கழகத்தின் ஒப்புதலுடன் , @ dmk_youthwing நிர்வாகிகளுக்கு , சமூக வலைதளப் பயிற்சியளிக்கவும் , அவர்களின் சமூக வலைதளம் சார்ந்த பணிகளை ஒருங்கிணைக்கவும் , கழக மாவட்டத்துக்கு ஒரு துணை அமைப்பாளரைத் தேர்வுசெய்து வருகிறோம் . இதற்கென பெறப்பட்ட விண்ணப்பங்களைப் பரிசீலனை செய்து , அதில் தேர்வானவர்களை நேரில் அழைத்து , அவர்கள் ஆற்றிய களப்பணி மற்றும் சமூக வலைதளப் பணிகளை ஆய்வு செய்தோம் . இந்த நேர்காணல் அடிப்படையிலும் , மாவட்டக் கழகச் செயலாளர்களின் பரிந்துரையின் பேரிலும் , இளைஞர் அணி மண்டலம்-1-க்கு உட்பட்ட 6 கழக மாவட்டங்களுக்கு , சமூக வலைதள துணை அமைப்பாளர்கள் நியமிக்கப்பட்டுள்ளனர் . இளைஞர் அணியின் சமூக வலைதள பணிகளை ஒருங்கிணைப்பதற்கென புதிதாக நியமிக்கப்பட துணை அமைப்பாளர்களின் கழகப் பணி சிறக்க , என் அன்பும் வாழ்த்தும் ! # கழக_இளைஞர்_அணி @ joel_dmk @ prabhakarraja88 @ jjebenezer1 @ prakashbalara01 @ raja_anbazhagan @ rdmadhankumar @ vanavilvijay",BJP,0
"கழகத் தலைவர்-மாண்புமிகு தமிழ்நாடு முதலமைச்சர் @ mkstalin அவர்களின் வழிகாட்டுதலில் , தலைமைக் கழகத்தின் ஒப்புதலுடன் , @ dmk_youthwing நிர்வாகிகளுக்கு , சமூக வலைதளப் பயிற்சியளிக்கவும் , அவர்களின் சமூக வலைதளம் சார்ந்த பணிகளை ஒருங்கிணைக்கவும் , கழக மாவட்டத்துக்கு ஒரு துணை அமைப்பாளரைத் தேர்வுசெய்து வருகிறோம் . இதற்கென பெறப்பட்ட விண்ணப்பங்களைப் பரிசீலனை செய்து , அதில் தேர்வானவர்களை நேரில் அழைத்து , அவர்கள் ஆற்றிய களப்பணி மற்றும் சமூக வலைதளப் பணிகளை ஆய்வு செய்தோம் . இந்த நேர்காணல் அடிப்படையிலும் , மாவட்டக் கழகச் செயலாளர்களின் பரிந்துரையின் பேரிலும் , இளைஞர் அணி மண்டலம்-1-க்கு உட்பட்ட 6 கழக மாவட்டங்களுக்கு , சமூக வலைதள துணை அமைப்பாளர்கள் நியமிக்கப்பட்டுள்ளனர் . இளைஞர் அணியின் சமூக வலைதள பணிகளை ஒருங்கிணைப்பதற்கென புதிதாக நியமிக்கப்பட துணை அமைப்பாளர்களின் கழகப் பணி சிறக்க , என் அன்பும் வாழ்த்தும் ! # கழக_இளைஞர்_அணி @ joel_dmk @ prabhakarraja88 @ jjebenezer1 @ prakashbalara01 @ raja_anbazhagan @ rdmadhankumar @ vanavilvijay",Congress,0
"கழகத் தலைவர்-மாண்புமிகு தமிழ்நாடு முதலமைச்சர் @ mkstalin அவர்களின் வழிகாட்டுதலில் , தலைமைக் கழகத்தின் ஒப்புதலுடன் , @ dmk_youthwing நிர்வாகிகளுக்கு , சமூக வலைதளப் பயிற்சியளிக்கவும் , அவர்களின் சமூக வலைதளம் சார்ந்த பணிகளை ஒருங்கிணைக்கவும் , கழக மாவட்டத்துக்கு ஒரு துணை அமைப்பாளரைத் தேர்வுசெய்து வருகிறோம் . இதற்கென பெறப்பட்ட விண்ணப்பங்களைப் பரிசீலனை செய்து , அதில் தேர்வானவர்களை நேரில் அழைத்து , அவர்கள் ஆற்றிய களப்பணி மற்றும் சமூக வலைதளப் பணிகளை ஆய்வு செய்தோம் . இந்த நேர்காணல் அடிப்படையிலும் , மாவட்டக் கழகச் செயலாளர்களின் பரிந்துரையின் பேரிலும் , இளைஞர் அணி மண்டலம்-1-க்கு உட்பட்ட 6 கழக மாவட்டங்களுக்கு , சமூக வலைதள துணை அமைப்பாளர்கள் நியமிக்கப்பட்டுள்ளனர் . இளைஞர் அணியின் சமூக வலைதள பணிகளை ஒருங்கிணைப்பதற்கென புதிதாக நியமிக்கப்பட துணை அமைப்பாளர்களின் கழகப் பணி சிறக்க , என் அன்பும் வாழ்த்தும் ! # கழக_இளைஞர்_அணி @ joel_dmk @ prabhakarraja88 @ jjebenezer1 @ prakashbalara01 @ raja_anbazhagan @ rdmadhankumar @ vanavilvijay",DMK,1
"கழகத் தலைவர்-மாண்புமிகு தமிழ்நாடு முதலமைச்சர் @ mkstalin அவர்களின் வழிகாட்டுதலில் , தலைமைக் கழகத்தின் ஒப்புதலுடன் , @ dmk_youthwing நிர்வாகிகளுக்கு , சமூக வலைதளப் பயிற்சியளிக்கவும் , அவர்களின் சமூக வலைதளம் சார்ந்த பணிகளை ஒருங்கிணைக்கவும் , கழக மாவட்டத்துக்கு ஒரு துணை அமைப்பாளரைத் தேர்வுசெய்து வருகிறோம் . இதற்கென பெறப்பட்ட விண்ணப்பங்களைப் பரிசீலனை செய்து , அதில் தேர்வானவர்களை நேரில் அழைத்து , அவர்கள் ஆற்றிய களப்பணி மற்றும் சமூக வலைதளப் பணிகளை ஆய்வு செய்தோம் . இந்த நேர்காணல் அடிப்படையிலும் , மாவட்டக் கழகச் செயலாளர்களின் பரிந்துரையின் பேரிலும் , இளைஞர் அணி மண்டலம்-1-க்கு உட்பட்ட 6 கழக மாவட்டங்களுக்கு , சமூக வலைதள துணை அமைப்பாளர்கள் நியமிக்கப்பட்டுள்ளனர் . இளைஞர் அணியின் சமூக வலைதள பணிகளை ஒருங்கிணைப்பதற்கென புதிதாக நியமிக்கப்பட துணை அமைப்பாளர்களின் கழகப் பணி சிறக்க , என் அன்பும் வாழ்த்தும் ! # கழக_இளைஞர்_அணி @ joel_dmk @ prabhakarraja88 @ jjebenezer1 @ prakashbalara01 @ raja_anbazhagan @ rdmadhankumar @ vanavilvijay",NTK,0
"கழகத் தலைவர்-மாண்புமிகு தமிழ்நாடு முதலமைச்சர் @ mkstalin அவர்களின் வழிகாட்டுதலில் , தலைமைக் கழகத்தின் ஒப்புதலுடன் , @ dmk_youthwing நிர்வாகிகளுக்கு , சமூக வலைதளப் பயிற்சியளிக்கவும் , அவர்களின் சமூக வலைதளம் சார்ந்த பணிகளை ஒருங்கிணைக்கவும் , கழக மாவட்டத்துக்கு ஒரு துணை அமைப்பாளரைத் தேர்வுசெய்து வருகிறோம் . இதற்கென பெறப்பட்ட விண்ணப்பங்களைப் பரிசீலனை செய்து , அதில் தேர்வானவர்களை நேரில் அழைத்து , அவர்கள் ஆற்றிய களப்பணி மற்றும் சமூக வலைதளப் பணிகளை ஆய்வு செய்தோம் . இந்த நேர்காணல் அடிப்படையிலும் , மாவட்டக் கழகச் செயலாளர்களின் பரிந்துரையின் பேரிலும் , இளைஞர் அணி மண்டலம்-1-க்கு உட்பட்ட 6 கழக மாவட்டங்களுக்கு , சமூக வலைதள துணை அமைப்பாளர்கள் நியமிக்கப்பட்டுள்ளனர் . இளைஞர் அணியின் சமூக வலைதள பணிகளை ஒருங்கிணைப்பதற்கென புதிதாக நியமிக்கப்பட துணை அமைப்பாளர்களின் கழகப் பணி சிறக்க , என் அன்பும் வாழ்த்தும் ! # கழக_இளைஞர்_அணி @ joel_dmk @ prabhakarraja88 @ jjebenezer1 @ prakashbalara01 @ raja_anbazhagan @ rdmadhankumar @ vanavilvijay",TVK,0
அண்ணாமலையார் வெறும் தலைவர் மட்டுமல்ல அவர் தான் எங்களின் பிராண்ட் : fire : :fire : :fire : @ annamalai_k # annamalai,ADMK,0
அண்ணாமலையார் வெறும் தலைவர் மட்டுமல்ல அவர் தான் எங்களின் பிராண்ட் : fire : :fire : :fire : @ annamalai_k # annamalai,BJP,1
அண்ணாமலையார் வெறும் தலைவர் மட்டுமல்ல அவர் தான் எங்களின் பிராண்ட் : fire : :fire : :fire : @ annamalai_k # annamalai,Congress,0
அண்ணாமலையார் வெறும் தலைவர் மட்டுமல்ல அவர் தான் எங்களின் பிராண்ட் : fire : :fire : :fire : @ annamalai_k # annamalai,DMK,0
அண்ணாமலையார் வெறும் தலைவர் மட்டுமல்ல அவர் தான் எங்களின் பிராண்ட் : fire : :fire : :fire : @ annamalai_k # annamalai,NTK,0
அண்ணாமலையார் வெறும் தலைவர் மட்டுமல்ல அவர் தான் எங்களின் பிராண்ட் : fire : :fire : :fire : @ annamalai_k # annamalai,TVK,0
`` வேண்டாம் .. வேண்டாம் .. ஓசி பஸ் வேண்டாம் '' னு சொன்னது தவெக தற்குறிங்க : face_with_tears_of_joy : :face_with_tears_of_joy : :face_with_tears_of_joy : அப்போ தற்குறி விஜய் யாரை திட்டிருக்கான் ? ? : thinking_face : :thinking_face : :thinking_face : தன்னோடா நண்பா நண்பி தற்குறிகளதான் : OK_hand : :clapping_hands_light_skin_tone : :clapping_hands_light_skin_tone : :clapping_hands_light_skin_tone : நீங்களே பாருங்களேன் : folded_hands : :folded_hands : :folded_hands :,ADMK,0
`` வேண்டாம் .. வேண்டாம் .. ஓசி பஸ் வேண்டாம் '' னு சொன்னது தவெக தற்குறிங்க : face_with_tears_of_joy : :face_with_tears_of_joy : :face_with_tears_of_joy : அப்போ தற்குறி விஜய் யாரை திட்டிருக்கான் ? ? : thinking_face : :thinking_face : :thinking_face : தன்னோடா நண்பா நண்பி தற்குறிகளதான் : OK_hand : :clapping_hands_light_skin_tone : :clapping_hands_light_skin_tone : :clapping_hands_light_skin_tone : நீங்களே பாருங்களேன் : folded_hands : :folded_hands : :folded_hands :,BJP,0
`` வேண்டாம் .. வேண்டாம் .. ஓசி பஸ் வேண்டாம் '' னு சொன்னது தவெக தற்குறிங்க : face_with_tears_of_joy : :face_with_tears_of_joy : :face_with_tears_of_joy : அப்போ தற்குறி விஜய் யாரை திட்டிருக்கான் ? ? : thinking_face : :thinking_face : :thinking_face : தன்னோடா நண்பா நண்பி தற்குறிகளதான் : OK_hand : :clapping_hands_light_skin_tone : :clapping_hands_light_skin_tone : :clapping_hands_light_skin_tone : நீங்களே பாருங்களேன் : folded_hands : :folded_hands : :folded_hands :,Congress,0
`` வேண்டாம் .. வேண்டாம் .. ஓசி பஸ் வேண்டாம் '' னு சொன்னது தவெக தற்குறிங்க : face_with_tears_of_joy : :face_with_tears_of_joy : :face_with_tears_of_joy : அப்போ தற்குறி விஜய் யாரை திட்டிருக்கான் ? ? : thinking_face : :thinking_face : :thinking_face : தன்னோடா நண்பா நண்பி தற்குறிகளதான் : OK_hand : :clapping_hands_light_skin_tone : :clapping_hands_light_skin_tone : :clapping_hands_light_skin_tone : நீங்களே பாருங்களேன் : folded_hands : :folded_hands : :folded_hands :,DMK,0
`` வேண்டாம் .. வேண்டாம் .. ஓசி பஸ் வேண்டாம் '' னு சொன்னது தவெக தற்குறிங்க : face_with_tears_of_joy : :face_with_tears_of_joy : :face_with_tears_of_joy : அப்போ தற்குறி விஜய் யாரை திட்டிருக்கான் ? ? : thinking_face : :thinking_face : :thinking_face : தன்னோடா நண்பா நண்பி தற்குறிகளதான் : OK_hand : :clapping_hands_light_skin_tone : :clapping_hands_light_skin_tone : :clapping_hands_light_skin_tone : நீங்களே பாருங்களேன் : folded_hands : :folded_hands : :folded_hands :,NTK,0
`` வேண்டாம் .. வேண்டாம் .. ஓசி பஸ் வேண்டாம் '' னு சொன்னது தவெக தற்குறிங்க : face_with_tears_of_joy : :face_with_tears_of_joy : :face_with_tears_of_joy : அப்போ தற்குறி விஜய் யாரை திட்டிருக்கான் ? ? : thinking_face : :thinking_face : :thinking_face : தன்னோடா நண்பா நண்பி தற்குறிகளதான் : OK_hand : :clapping_hands_light_skin_tone : :clapping_hands_light_skin_tone : :clapping_hands_light_skin_tone : நீங்களே பாருங்களேன் : folded_hands : :folded_hands : :folded_hands :,TVK,1
சேலத்தில நாம் தமிழர் கட்சி சார்பாக தொடங்கியது புரட்சி : fire : :smiling_face_with_sunglasses : :flexed_biceps : # தமிழ்நாடு வாழ்க : collision : :collision :,ADMK,0
சேலத்தில நாம் தமிழர் கட்சி சார்பாக தொடங்கியது புரட்சி : fire : :smiling_face_with_sunglasses : :flexed_biceps : # தமிழ்நாடு வாழ்க : collision : :collision :,BJP,0
சேலத்தில நாம் தமிழர் கட்சி சார்பாக தொடங்கியது புரட்சி : fire : :smiling_face_with_sunglasses : :flexed_biceps : # தமிழ்நாடு வாழ்க : collision : :collision :,Congress,0
சேலத்தில நாம் தமிழர் கட்சி சார்பாக தொடங்கியது புரட்சி : fire : :smiling_face_with_sunglasses : :flexed_biceps : # தமிழ்நாடு வாழ்க : collision : :collision :,DMK,0
சேலத்தில நாம் தமிழர் கட்சி சார்பாக தொடங்கியது புரட்சி : fire : :smiling_face_with_sunglasses : :flexed_biceps : # தமிழ்நாடு வாழ்க : collision : :collision :,NTK,1
சேலத்தில நாம் தமிழர் கட்சி சார்பாக தொடங்கியது புரட்சி : fire : :smiling_face_with_sunglasses : :flexed_biceps : # தமிழ்நாடு வாழ்க : collision : :collision :,TVK,0
2026-தேர்தலில் மக்கள் முன் இருக்கும் வாய்ப்பு : backhand_index_pointing_down : @ mkstalin # youth4dmk2026,ADMK,0
2026-தேர்தலில் மக்கள் முன் இருக்கும் வாய்ப்பு : backhand_index_pointing_down : @ mkstalin # youth4dmk2026,BJP,0
2026-தேர்தலில் மக்கள் முன் இருக்கும் வாய்ப்பு : backhand_index_pointing_down : @ mkstalin # youth4dmk2026,Congress,0
2026-தேர்தலில் மக்கள் முன் இருக்கும் வாய்ப்பு : backhand_index_pointing_down : @ mkstalin # youth4dmk2026,DMK,1
2026-தேர்தலில் மக்கள் முன் இருக்கும் வாய்ப்பு : backhand_index_pointing_down : @ mkstalin # youth4dmk2026,NTK,0
2026-தேர்தலில் மக்கள் முன் இருக்கும் வாய்ப்பு : backhand_index_pointing_down : @ mkstalin # youth4dmk2026,TVK,0
ஐயய்யோ ஐயய்யோ மறந்துபோச்சே… மறந்துபோச்சே… இப்ப நான் என்ன பண்ணுவேன் .. எங்கடா அது ? : rolling_on_the_floor_laughing : :rolling_on_the_floor_laughing : இந்த மாதிரி .. இந்த மாதிரி .. இந்த மாதிரி .. : face_with_tears_of_joy : :face_with_tears_of_joy : எந்த மாதிரி @ actorvijay ? ஒழுங்கா மனப்பாடம் பண்ணக் கூட வக்கில்லாம இங்க வந்து உருளுறது : left-facing_fist_light_skin_tone : :left-facing_fist_light_skin_tone : @ tvkvijayhq # tvk # erode,ADMK,0
ஐயய்யோ ஐயய்யோ மறந்துபோச்சே… மறந்துபோச்சே… இப்ப நான் என்ன பண்ணுவேன் .. எங்கடா அது ? : rolling_on_the_floor_laughing : :rolling_on_the_floor_laughing : இந்த மாதிரி .. இந்த மாதிரி .. இந்த மாதிரி .. : face_with_tears_of_joy : :face_with_tears_of_joy : எந்த மாதிரி @ actorvijay ? ஒழுங்கா மனப்பாடம் பண்ணக் கூட வக்கில்லாம இங்க வந்து உருளுறது : left-facing_fist_light_skin_tone : :left-facing_fist_light_skin_tone : @ tvkvijayhq # tvk # erode,BJP,0
ஐயய்யோ ஐயய்யோ மறந்துபோச்சே… மறந்துபோச்சே… இப்ப நான் என்ன பண்ணுவேன் .. எங்கடா அது ? : rolling_on_the_floor_laughing : :rolling_on_the_floor_laughing : இந்த மாதிரி .. இந்த மாதிரி .. இந்த மாதிரி .. : face_with_tears_of_joy : :face_with_tears_of_joy : எந்த மாதிரி @ actorvijay ? ஒழுங்கா மனப்பாடம் பண்ணக் கூட வக்கில்லாம இங்க வந்து உருளுறது : left-facing_fist_light_skin_tone : :left-facing_fist_light_skin_tone : @ tvkvijayhq # tvk # erode,Congress,0
ஐயய்யோ ஐயய்யோ மறந்துபோச்சே… மறந்துபோச்சே… இப்ப நான் என்ன பண்ணுவேன் .. எங்கடா அது ? : rolling_on_the_floor_laughing : :rolling_on_the_floor_laughing : இந்த மாதிரி .. இந்த மாதிரி .. இந்த மாதிரி .. : face_with_tears_of_joy : :face_with_tears_of_joy : எந்த மாதிரி @ actorvijay ? ஒழுங்கா மனப்பாடம் பண்ணக் கூட வக்கில்லாம இங்க வந்து உருளுறது : left-facing_fist_light_skin_tone : :left-facing_fist_light_skin_tone : @ tvkvijayhq # tvk # erode,DMK,0
ஐயய்யோ ஐயய்யோ மறந்துபோச்சே… மறந்துபோச்சே… இப்ப நான் என்ன பண்ணுவேன் .. எங்கடா அது ? : rolling_on_the_floor_laughing : :rolling_on_the_floor_laughing : இந்த மாதிரி .. இந்த மாதிரி .. இந்த மாதிரி .. : face_with_tears_of_joy : :face_with_tears_of_joy : எந்த மாதிரி @ actorvijay ? ஒழுங்கா மனப்பாடம் பண்ணக் கூட வக்கில்லாம இங்க வந்து உருளுறது : left-facing_fist_light_skin_tone : :left-facing_fist_light_skin_tone : @ tvkvijayhq # tvk # erode,NTK,0
ஐயய்யோ ஐயய்யோ மறந்துபோச்சே… மறந்துபோச்சே… இப்ப நான் என்ன பண்ணுவேன் .. எங்கடா அது ? : rolling_on_the_floor_laughing : :rolling_on_the_floor_laughing : இந்த மாதிரி .. இந்த மாதிரி .. இந்த மாதிரி .. : face_with_tears_of_joy : :face_with_tears_of_joy : எந்த மாதிரி @ actorvijay ? ஒழுங்கா மனப்பாடம் பண்ணக் கூட வக்கில்லாம இங்க வந்து உருளுறது : left-facing_fist_light_skin_tone : :left-facing_fist_light_skin_tone : @ tvkvijayhq # tvk # erode,TVK,1
பெரியார் மண்ணில் கடலெனத் திரண்ட மக்களிடையே நம் வெற்றித் தலைவர் !,ADMK,0
பெரியார் மண்ணில் கடலெனத் திரண்ட மக்களிடையே நம் வெற்றித் தலைவர் !,BJP,0
பெரியார் மண்ணில் கடலெனத் திரண்ட மக்களிடையே நம் வெற்றித் தலைவர் !,Congress,0
பெரியார் மண்ணில் கடலெனத் திரண்ட மக்களிடையே நம் வெற்றித் தலைவர் !,DMK,0
பெரியார் மண்ணில் கடலெனத் திரண்ட மக்களிடையே நம் வெற்றித் தலைவர் !,NTK,0
பெரியார் மண்ணில் கடலெனத் திரண்ட மக்களிடையே நம் வெற்றித் தலைவர் !,TVK,1
"திருவள்ளூர் மாவட்டம் கொண்டாபுரம் அரசு உயர்நிலைப்பள்ளியில் , மதிய உணவு சாப்பிட்டுக் கொண்டிருந்த போது கைப்பிடி சுவர் இடிந்து விழுந்ததில் 7-ம் வகுப்பு படிக்கும் மோகித் என்ற மாணவன் உடல் நசுங்கி உயிரிழந்ததாக வரும் செய்தி மிகுந்த அதிர்ச்சியும் வேதனையும் அளிக்கிறது . உயிரிழந்த மாணவனின் பெற்றோருக்கு எனது ஆழ்ந்த இரங்கலையும் வருத்தங்களையும் தெரிவித்துக்கொள்கிறேன் . `` கல்வியிற் சிறந்த தமிழ்நாடு '' என்று சினிமா மேடை போல ஒரு மேடை அமைத்து , தனக்கு தானே ஒரு வெற்றுப் பாராட்டு விழா நடத்திய செலவில் , அரசுப்பள்ளிகளின் கட்டுமானங்களைப் பராமரிப்பதில் செலவிட்டு இருந்தால் , இன்றைக்கு இந்த பரிதாப உயிரிழப்பை நிச்சயம் தவிர்த்திருக்கலாம் . பள்ளிக் கல்வித் துறையின் அமைச்சராக இருப்பவரோ , இன்னும் ரசிகர் மன்றத் தலைவர் மனநிலையில் இருந்து வெளிவராமல் , உதயநிதி பிறந்தநாளைக் கொண்டாடுவதில் செலவிடும் நேரத்தை , தன் துறை சார்ந்த பணிகளில் என்றைக்காவது செலவிட்டு இருக்கிறாரா ? பாழடைந்த அரசுப்பள்ளிக் கட்டுமானங்களால் , மாணவர்கள் உயிரோடு விளையாடிக் கொண்டிருக்கும் ஸ்டாலின் மாடல் திமுக அரசுக்கு எனது கடும் கண்டனம் . உயிரிழந்த மாணவர் மோகித்தின் குடும்பத்தாருக்கு உரிய நிவாரணத்தை உடனடியாக வழங்குவதுடன் , அரசுப்பள்ளிகளின் கட்டுமானத்தை போர்க்கால அடிப்படையில் சீர்செய்யுமாறு பொம்மை முதல்வர் @ mkstalin-ன் விடியா திமுக அரசை வலியுறுத்துகிறேன் . @ aiadmkofficial",ADMK,1
"திருவள்ளூர் மாவட்டம் கொண்டாபுரம் அரசு உயர்நிலைப்பள்ளியில் , மதிய உணவு சாப்பிட்டுக் கொண்டிருந்த போது கைப்பிடி சுவர் இடிந்து விழுந்ததில் 7-ம் வகுப்பு படிக்கும் மோகித் என்ற மாணவன் உடல் நசுங்கி உயிரிழந்ததாக வரும் செய்தி மிகுந்த அதிர்ச்சியும் வேதனையும் அளிக்கிறது . உயிரிழந்த மாணவனின் பெற்றோருக்கு எனது ஆழ்ந்த இரங்கலையும் வருத்தங்களையும் தெரிவித்துக்கொள்கிறேன் . `` கல்வியிற் சிறந்த தமிழ்நாடு '' என்று சினிமா மேடை போல ஒரு மேடை அமைத்து , தனக்கு தானே ஒரு வெற்றுப் பாராட்டு விழா நடத்திய செலவில் , அரசுப்பள்ளிகளின் கட்டுமானங்களைப் பராமரிப்பதில் செலவிட்டு இருந்தால் , இன்றைக்கு இந்த பரிதாப உயிரிழப்பை நிச்சயம் தவிர்த்திருக்கலாம் . பள்ளிக் கல்வித் துறையின் அமைச்சராக இருப்பவரோ , இன்னும் ரசிகர் மன்றத் தலைவர் மனநிலையில் இருந்து வெளிவராமல் , உதயநிதி பிறந்தநாளைக் கொண்டாடுவதில் செலவிடும் நேரத்தை , தன் துறை சார்ந்த பணிகளில் என்றைக்காவது செலவிட்டு இருக்கிறாரா ? பாழடைந்த அரசுப்பள்ளிக் கட்டுமானங்களால் , மாணவர்கள் உயிரோடு விளையாடிக் கொண்டிருக்கும் ஸ்டாலின் மாடல் திமுக அரசுக்கு எனது கடும் கண்டனம் . உயிரிழந்த மாணவர் மோகித்தின் குடும்பத்தாருக்கு உரிய நிவாரணத்தை உடனடியாக வழங்குவதுடன் , அரசுப்பள்ளிகளின் கட்டுமானத்தை போர்க்கால அடிப்படையில் சீர்செய்யுமாறு பொம்மை முதல்வர் @ mkstalin-ன் விடியா திமுக அரசை வலியுறுத்துகிறேன் . @ aiadmkofficial",BJP,0
"திருவள்ளூர் மாவட்டம் கொண்டாபுரம் அரசு உயர்நிலைப்பள்ளியில் , மதிய உணவு சாப்பிட்டுக் கொண்டிருந்த போது கைப்பிடி சுவர் இடிந்து விழுந்ததில் 7-ம் வகுப்பு படிக்கும் மோகித் என்ற மாணவன் உடல் நசுங்கி உயிரிழந்ததாக வரும் செய்தி மிகுந்த அதிர்ச்சியும் வேதனையும் அளிக்கிறது . உயிரிழந்த மாணவனின் பெற்றோருக்கு எனது ஆழ்ந்த இரங்கலையும் வருத்தங்களையும் தெரிவித்துக்கொள்கிறேன் . `` கல்வியிற் சிறந்த தமிழ்நாடு '' என்று சினிமா மேடை போல ஒரு மேடை அமைத்து , தனக்கு தானே ஒரு வெற்றுப் பாராட்டு விழா நடத்திய செலவில் , அரசுப்பள்ளிகளின் கட்டுமானங்களைப் பராமரிப்பதில் செலவிட்டு இருந்தால் , இன்றைக்கு இந்த பரிதாப உயிரிழப்பை நிச்சயம் தவிர்த்திருக்கலாம் . பள்ளிக் கல்வித் துறையின் அமைச்சராக இருப்பவரோ , இன்னும் ரசிகர் மன்றத் தலைவர் மனநிலையில் இருந்து வெளிவராமல் , உதயநிதி பிறந்தநாளைக் கொண்டாடுவதில் செலவிடும் நேரத்தை , தன் துறை சார்ந்த பணிகளில் என்றைக்காவது செலவிட்டு இருக்கிறாரா ? பாழடைந்த அரசுப்பள்ளிக் கட்டுமானங்களால் , மாணவர்கள் உயிரோடு விளையாடிக் கொண்டிருக்கும் ஸ்டாலின் மாடல் திமுக அரசுக்கு எனது கடும் கண்டனம் . உயிரிழந்த மாணவர் மோகித்தின் குடும்பத்தாருக்கு உரிய நிவாரணத்தை உடனடியாக வழங்குவதுடன் , அரசுப்பள்ளிகளின் கட்டுமானத்தை போர்க்கால அடிப்படையில் சீர்செய்யுமாறு பொம்மை முதல்வர் @ mkstalin-ன் விடியா திமுக அரசை வலியுறுத்துகிறேன் . @ aiadmkofficial",Congress,0
"திருவள்ளூர் மாவட்டம் கொண்டாபுரம் அரசு உயர்நிலைப்பள்ளியில் , மதிய உணவு சாப்பிட்டுக் கொண்டிருந்த போது கைப்பிடி சுவர் இடிந்து விழுந்ததில் 7-ம் வகுப்பு படிக்கும் மோகித் என்ற மாணவன் உடல் நசுங்கி உயிரிழந்ததாக வரும் செய்தி மிகுந்த அதிர்ச்சியும் வேதனையும் அளிக்கிறது . உயிரிழந்த மாணவனின் பெற்றோருக்கு எனது ஆழ்ந்த இரங்கலையும் வருத்தங்களையும் தெரிவித்துக்கொள்கிறேன் . `` கல்வியிற் சிறந்த தமிழ்நாடு '' என்று சினிமா மேடை போல ஒரு மேடை அமைத்து , தனக்கு தானே ஒரு வெற்றுப் பாராட்டு விழா நடத்திய செலவில் , அரசுப்பள்ளிகளின் கட்டுமானங்களைப் பராமரிப்பதில் செலவிட்டு இருந்தால் , இன்றைக்கு இந்த பரிதாப உயிரிழப்பை நிச்சயம் தவிர்த்திருக்கலாம் . பள்ளிக் கல்வித் துறையின் அமைச்சராக இருப்பவரோ , இன்னும் ரசிகர் மன்றத் தலைவர் மனநிலையில் இருந்து வெளிவராமல் , உதயநிதி பிறந்தநாளைக் கொண்டாடுவதில் செலவிடும் நேரத்தை , தன் துறை சார்ந்த பணிகளில் என்றைக்காவது செலவிட்டு இருக்கிறாரா ? பாழடைந்த அரசுப்பள்ளிக் கட்டுமானங்களால் , மாணவர்கள் உயிரோடு விளையாடிக் கொண்டிருக்கும் ஸ்டாலின் மாடல் திமுக அரசுக்கு எனது கடும் கண்டனம் . உயிரிழந்த மாணவர் மோகித்தின் குடும்பத்தாருக்கு உரிய நிவாரணத்தை உடனடியாக வழங்குவதுடன் , அரசுப்பள்ளிகளின் கட்டுமானத்தை போர்க்கால அடிப்படையில் சீர்செய்யுமாறு பொம்மை முதல்வர் @ mkstalin-ன் விடியா திமுக அரசை வலியுறுத்துகிறேன் . @ aiadmkofficial",DMK,1
"திருவள்ளூர் மாவட்டம் கொண்டாபுரம் அரசு உயர்நிலைப்பள்ளியில் , மதிய உணவு சாப்பிட்டுக் கொண்டிருந்த போது கைப்பிடி சுவர் இடிந்து விழுந்ததில் 7-ம் வகுப்பு படிக்கும் மோகித் என்ற மாணவன் உடல் நசுங்கி உயிரிழந்ததாக வரும் செய்தி மிகுந்த அதிர்ச்சியும் வேதனையும் அளிக்கிறது . உயிரிழந்த மாணவனின் பெற்றோருக்கு எனது ஆழ்ந்த இரங்கலையும் வருத்தங்களையும் தெரிவித்துக்கொள்கிறேன் . `` கல்வியிற் சிறந்த தமிழ்நாடு '' என்று சினிமா மேடை போல ஒரு மேடை அமைத்து , தனக்கு தானே ஒரு வெற்றுப் பாராட்டு விழா நடத்திய செலவில் , அரசுப்பள்ளிகளின் கட்டுமானங்களைப் பராமரிப்பதில் செலவிட்டு இருந்தால் , இன்றைக்கு இந்த பரிதாப உயிரிழப்பை நிச்சயம் தவிர்த்திருக்கலாம் . பள்ளிக் கல்வித் துறையின் அமைச்சராக இருப்பவரோ , இன்னும் ரசிகர் மன்றத் தலைவர் மனநிலையில் இருந்து வெளிவராமல் , உதயநிதி பிறந்தநாளைக் கொண்டாடுவதில் செலவிடும் நேரத்தை , தன் துறை சார்ந்த பணிகளில் என்றைக்காவது செலவிட்டு இருக்கிறாரா ? பாழடைந்த அரசுப்பள்ளிக் கட்டுமானங்களால் , மாணவர்கள் உயிரோடு விளையாடிக் கொண்டிருக்கும் ஸ்டாலின் மாடல் திமுக அரசுக்கு எனது கடும் கண்டனம் . உயிரிழந்த மாணவர் மோகித்தின் குடும்பத்தாருக்கு உரிய நிவாரணத்தை உடனடியாக வழங்குவதுடன் , அரசுப்பள்ளிகளின் கட்டுமானத்தை போர்க்கால அடிப்படையில் சீர்செய்யுமாறு பொம்மை முதல்வர் @ mkstalin-ன் விடியா திமுக அரசை வலியுறுத்துகிறேன் . @ aiadmkofficial",NTK,0
"திருவள்ளூர் மாவட்டம் கொண்டாபுரம் அரசு உயர்நிலைப்பள்ளியில் , மதிய உணவு சாப்பிட்டுக் கொண்டிருந்த போது கைப்பிடி சுவர் இடிந்து விழுந்ததில் 7-ம் வகுப்பு படிக்கும் மோகித் என்ற மாணவன் உடல் நசுங்கி உயிரிழந்ததாக வரும் செய்தி மிகுந்த அதிர்ச்சியும் வேதனையும் அளிக்கிறது . உயிரிழந்த மாணவனின் பெற்றோருக்கு எனது ஆழ்ந்த இரங்கலையும் வருத்தங்களையும் தெரிவித்துக்கொள்கிறேன் . `` கல்வியிற் சிறந்த தமிழ்நாடு '' என்று சினிமா மேடை போல ஒரு மேடை அமைத்து , தனக்கு தானே ஒரு வெற்றுப் பாராட்டு விழா நடத்திய செலவில் , அரசுப்பள்ளிகளின் கட்டுமானங்களைப் பராமரிப்பதில் செலவிட்டு இருந்தால் , இன்றைக்கு இந்த பரிதாப உயிரிழப்பை நிச்சயம் தவிர்த்திருக்கலாம் . பள்ளிக் கல்வித் துறையின் அமைச்சராக இருப்பவரோ , இன்னும் ரசிகர் மன்றத் தலைவர் மனநிலையில் இருந்து வெளிவராமல் , உதயநிதி பிறந்தநாளைக் கொண்டாடுவதில் செலவிடும் நேரத்தை , தன் துறை சார்ந்த பணிகளில் என்றைக்காவது செலவிட்டு இருக்கிறாரா ? பாழடைந்த அரசுப்பள்ளிக் கட்டுமானங்களால் , மாணவர்கள் உயிரோடு விளையாடிக் கொண்டிருக்கும் ஸ்டாலின் மாடல் திமுக அரசுக்கு எனது கடும் கண்டனம் . உயிரிழந்த மாணவர் மோகித்தின் குடும்பத்தாருக்கு உரிய நிவாரணத்தை உடனடியாக வழங்குவதுடன் , அரசுப்பள்ளிகளின் கட்டுமானத்தை போர்க்கால அடிப்படையில் சீர்செய்யுமாறு பொம்மை முதல்வர் @ mkstalin-ன் விடியா திமுக அரசை வலியுறுத்துகிறேன் . @ aiadmkofficial",TVK,0
’ thalapathy vijay full speech erode : fire :,ADMK,0
’ thalapathy vijay full speech erode : fire :,BJP,0
’ thalapathy vijay full speech erode : fire :,Congress,0
’ thalapathy vijay full speech erode : fire :,DMK,1
’ thalapathy vijay full speech erode : fire :,NTK,0
’ thalapathy vijay full speech erode : fire :,TVK,1
"# tvk chief # vijay launches scathing attack # dmk , alleges ruling party trying scuttle growth tamil nadu politics .",ADMK,0
"# tvk chief # vijay launches scathing attack # dmk , alleges ruling party trying scuttle growth tamil nadu politics .",BJP,0
"# tvk chief # vijay launches scathing attack # dmk , alleges ruling party trying scuttle growth tamil nadu politics .",Congress,0
"# tvk chief # vijay launches scathing attack # dmk , alleges ruling party trying scuttle growth tamil nadu politics .",DMK,1
"# tvk chief # vijay launches scathing attack # dmk , alleges ruling party trying scuttle growth tamil nadu politics .",NTK,0
"# tvk chief # vijay launches scathing attack # dmk , alleges ruling party trying scuttle growth tamil nadu politics .",TVK,1
நமக்கான காலம் ! தமிழ்நாட்டில் தி.மு.கழகம் ஆட்சி பொறுப்புக்கு வரும் காலம் எல்லாம் மக்களுக்குப் பொற்காலமாக இருக்கும் . 2026ல் திராவிட மாடல் 2.0 ஆட்சி அமைப்போம் ! : sunrise_over_mountains : # dmk4tn,ADMK,0
நமக்கான காலம் ! தமிழ்நாட்டில் தி.மு.கழகம் ஆட்சி பொறுப்புக்கு வரும் காலம் எல்லாம் மக்களுக்குப் பொற்காலமாக இருக்கும் . 2026ல் திராவிட மாடல் 2.0 ஆட்சி அமைப்போம் ! : sunrise_over_mountains : # dmk4tn,BJP,0
நமக்கான காலம் ! தமிழ்நாட்டில் தி.மு.கழகம் ஆட்சி பொறுப்புக்கு வரும் காலம் எல்லாம் மக்களுக்குப் பொற்காலமாக இருக்கும் . 2026ல் திராவிட மாடல் 2.0 ஆட்சி அமைப்போம் ! : sunrise_over_mountains : # dmk4tn,Congress,0
நமக்கான காலம் ! தமிழ்நாட்டில் தி.மு.கழகம் ஆட்சி பொறுப்புக்கு வரும் காலம் எல்லாம் மக்களுக்குப் பொற்காலமாக இருக்கும் . 2026ல் திராவிட மாடல் 2.0 ஆட்சி அமைப்போம் ! : sunrise_over_mountains : # dmk4tn,DMK,1
நமக்கான காலம் ! தமிழ்நாட்டில் தி.மு.கழகம் ஆட்சி பொறுப்புக்கு வரும் காலம் எல்லாம் மக்களுக்குப் பொற்காலமாக இருக்கும் . 2026ல் திராவிட மாடல் 2.0 ஆட்சி அமைப்போம் ! : sunrise_over_mountains : # dmk4tn,NTK,0
நமக்கான காலம் ! தமிழ்நாட்டில் தி.மு.கழகம் ஆட்சி பொறுப்புக்கு வரும் காலம் எல்லாம் மக்களுக்குப் பொற்காலமாக இருக்கும் . 2026ல் திராவிட மாடல் 2.0 ஆட்சி அமைப்போம் ! : sunrise_over_mountains : # dmk4tn,TVK,0
திமுக போன்று சமூகநீதியை உதட்டளவில் மட்டும் மேடைகளில் பேசும் இயக்கம் அல்ல சமூகநீதியை செயல்பாட்டின் மூலம் நிலை நிறுத்தும் மாபெரும் மக்கள் இயக்கம் அஇஅதிமுக ! ! அதிமுகவில் ஜாதி கிடையாது மதம் கிடையாது ஏழை பணக்காரன் என்ற பாகுபாடு கிடையாது . # என்றென்றும்_அதிமுக,ADMK,1
திமுக போன்று சமூகநீதியை உதட்டளவில் மட்டும் மேடைகளில் பேசும் இயக்கம் அல்ல சமூகநீதியை செயல்பாட்டின் மூலம் நிலை நிறுத்தும் மாபெரும் மக்கள் இயக்கம் அஇஅதிமுக ! ! அதிமுகவில் ஜாதி கிடையாது மதம் கிடையாது ஏழை பணக்காரன் என்ற பாகுபாடு கிடையாது . # என்றென்றும்_அதிமுக,BJP,0
திமுக போன்று சமூகநீதியை உதட்டளவில் மட்டும் மேடைகளில் பேசும் இயக்கம் அல்ல சமூகநீதியை செயல்பாட்டின் மூலம் நிலை நிறுத்தும் மாபெரும் மக்கள் இயக்கம் அஇஅதிமுக ! ! அதிமுகவில் ஜாதி கிடையாது மதம் கிடையாது ஏழை பணக்காரன் என்ற பாகுபாடு கிடையாது . # என்றென்றும்_அதிமுக,Congress,0
திமுக போன்று சமூகநீதியை உதட்டளவில் மட்டும் மேடைகளில் பேசும் இயக்கம் அல்ல சமூகநீதியை செயல்பாட்டின் மூலம் நிலை நிறுத்தும் மாபெரும் மக்கள் இயக்கம் அஇஅதிமுக ! ! அதிமுகவில் ஜாதி கிடையாது மதம் கிடையாது ஏழை பணக்காரன் என்ற பாகுபாடு கிடையாது . # என்றென்றும்_அதிமுக,DMK,1
திமுக போன்று சமூகநீதியை உதட்டளவில் மட்டும் மேடைகளில் பேசும் இயக்கம் அல்ல சமூகநீதியை செயல்பாட்டின் மூலம் நிலை நிறுத்தும் மாபெரும் மக்கள் இயக்கம் அஇஅதிமுக ! ! அதிமுகவில் ஜாதி கிடையாது மதம் கிடையாது ஏழை பணக்காரன் என்ற பாகுபாடு கிடையாது . # என்றென்றும்_அதிமுக,NTK,0
திமுக போன்று சமூகநீதியை உதட்டளவில் மட்டும் மேடைகளில் பேசும் இயக்கம் அல்ல சமூகநீதியை செயல்பாட்டின் மூலம் நிலை நிறுத்தும் மாபெரும் மக்கள் இயக்கம் அஇஅதிமுக ! ! அதிமுகவில் ஜாதி கிடையாது மதம் கிடையாது ஏழை பணக்காரன் என்ற பாகுபாடு கிடையாது . # என்றென்றும்_அதிமுக,TVK,0
தற்குறி ஒருவருக்கு பாடம் எடுத்திருக்கிறார் கழக உடன்பிறப்பு ! : fire : :OK_hand : # dmk4tn,ADMK,0
தற்குறி ஒருவருக்கு பாடம் எடுத்திருக்கிறார் கழக உடன்பிறப்பு ! : fire : :OK_hand : # dmk4tn,BJP,0
தற்குறி ஒருவருக்கு பாடம் எடுத்திருக்கிறார் கழக உடன்பிறப்பு ! : fire : :OK_hand : # dmk4tn,Congress,0
தற்குறி ஒருவருக்கு பாடம் எடுத்திருக்கிறார் கழக உடன்பிறப்பு ! : fire : :OK_hand : # dmk4tn,DMK,1
தற்குறி ஒருவருக்கு பாடம் எடுத்திருக்கிறார் கழக உடன்பிறப்பு ! : fire : :OK_hand : # dmk4tn,NTK,0
தற்குறி ஒருவருக்கு பாடம் எடுத்திருக்கிறார் கழக உடன்பிறப்பு ! : fire : :OK_hand : # dmk4tn,TVK,0
# watch | “ ஒருவாட்டி அவர பேச விடுங்க ” -விஜய் குறித்த கேள்விக்கு துணை முதலமைச்சர் உதயநிதி ஸ்டாலின் விமர்சனம் # sunnews | @ udhaystalin | # tvk | # vijay,ADMK,0
# watch | “ ஒருவாட்டி அவர பேச விடுங்க ” -விஜய் குறித்த கேள்விக்கு துணை முதலமைச்சர் உதயநிதி ஸ்டாலின் விமர்சனம் # sunnews | @ udhaystalin | # tvk | # vijay,BJP,0
# watch | “ ஒருவாட்டி அவர பேச விடுங்க ” -விஜய் குறித்த கேள்விக்கு துணை முதலமைச்சர் உதயநிதி ஸ்டாலின் விமர்சனம் # sunnews | @ udhaystalin | # tvk | # vijay,Congress,0
# watch | “ ஒருவாட்டி அவர பேச விடுங்க ” -விஜய் குறித்த கேள்விக்கு துணை முதலமைச்சர் உதயநிதி ஸ்டாலின் விமர்சனம் # sunnews | @ udhaystalin | # tvk | # vijay,DMK,1
# watch | “ ஒருவாட்டி அவர பேச விடுங்க ” -விஜய் குறித்த கேள்விக்கு துணை முதலமைச்சர் உதயநிதி ஸ்டாலின் விமர்சனம் # sunnews | @ udhaystalin | # tvk | # vijay,NTK,0
# watch | “ ஒருவாட்டி அவர பேச விடுங்க ” -விஜய் குறித்த கேள்விக்கு துணை முதலமைச்சர் உதயநிதி ஸ்டாலின் விமர்சனம் # sunnews | @ udhaystalin | # tvk | # vijay,TVK,1
"கொரோனா காலத்தில் , கடுமையான மன உளைச்சலால் மாணவர்களின் கல்வி பாதிப்படைய கூடாது என்பதற்காக , எனது தலைமையிலான அம்மாவின் அரசு , மாணவர்களுக்கு pass வழங்க உத்தரவிட்டது . மாண்புமிகு கழகப் பொதுச் செயலாளர் , புரட்சித் தமிழர் @ epstamilnadu அவர்கள் . # epsfor2026 # whereisourlaptop",ADMK,1
"கொரோனா காலத்தில் , கடுமையான மன உளைச்சலால் மாணவர்களின் கல்வி பாதிப்படைய கூடாது என்பதற்காக , எனது தலைமையிலான அம்மாவின் அரசு , மாணவர்களுக்கு pass வழங்க உத்தரவிட்டது . மாண்புமிகு கழகப் பொதுச் செயலாளர் , புரட்சித் தமிழர் @ epstamilnadu அவர்கள் . # epsfor2026 # whereisourlaptop",BJP,0
"கொரோனா காலத்தில் , கடுமையான மன உளைச்சலால் மாணவர்களின் கல்வி பாதிப்படைய கூடாது என்பதற்காக , எனது தலைமையிலான அம்மாவின் அரசு , மாணவர்களுக்கு pass வழங்க உத்தரவிட்டது . மாண்புமிகு கழகப் பொதுச் செயலாளர் , புரட்சித் தமிழர் @ epstamilnadu அவர்கள் . # epsfor2026 # whereisourlaptop",Congress,0
"கொரோனா காலத்தில் , கடுமையான மன உளைச்சலால் மாணவர்களின் கல்வி பாதிப்படைய கூடாது என்பதற்காக , எனது தலைமையிலான அம்மாவின் அரசு , மாணவர்களுக்கு pass வழங்க உத்தரவிட்டது . மாண்புமிகு கழகப் பொதுச் செயலாளர் , புரட்சித் தமிழர் @ epstamilnadu அவர்கள் . # epsfor2026 # whereisourlaptop",DMK,0
"கொரோனா காலத்தில் , கடுமையான மன உளைச்சலால் மாணவர்களின் கல்வி பாதிப்படைய கூடாது என்பதற்காக , எனது தலைமையிலான அம்மாவின் அரசு , மாணவர்களுக்கு pass வழங்க உத்தரவிட்டது . மாண்புமிகு கழகப் பொதுச் செயலாளர் , புரட்சித் தமிழர் @ epstamilnadu அவர்கள் . # epsfor2026 # whereisourlaptop",NTK,0
"கொரோனா காலத்தில் , கடுமையான மன உளைச்சலால் மாணவர்களின் கல்வி பாதிப்படைய கூடாது என்பதற்காக , எனது தலைமையிலான அம்மாவின் அரசு , மாணவர்களுக்கு pass வழங்க உத்தரவிட்டது . மாண்புமிகு கழகப் பொதுச் செயலாளர் , புரட்சித் தமிழர் @ epstamilnadu அவர்கள் . # epsfor2026 # whereisourlaptop",TVK,0
நாங்கள் என்ன வாயிலே வடை சுட dmk வா : face_with_tears_of_joy : tvk டா : fire : - @ tvkvijayhq திமுக நீங்க செத்தீங்கடா : face_with_tears_of_joy :,ADMK,0
நாங்கள் என்ன வாயிலே வடை சுட dmk வா : face_with_tears_of_joy : tvk டா : fire : - @ tvkvijayhq திமுக நீங்க செத்தீங்கடா : face_with_tears_of_joy :,BJP,0
நாங்கள் என்ன வாயிலே வடை சுட dmk வா : face_with_tears_of_joy : tvk டா : fire : - @ tvkvijayhq திமுக நீங்க செத்தீங்கடா : face_with_tears_of_joy :,Congress,0
நாங்கள் என்ன வாயிலே வடை சுட dmk வா : face_with_tears_of_joy : tvk டா : fire : - @ tvkvijayhq திமுக நீங்க செத்தீங்கடா : face_with_tears_of_joy :,DMK,1
நாங்கள் என்ன வாயிலே வடை சுட dmk வா : face_with_tears_of_joy : tvk டா : fire : - @ tvkvijayhq திமுக நீங்க செத்தீங்கடா : face_with_tears_of_joy :,NTK,0
நாங்கள் என்ன வாயிலே வடை சுட dmk வா : face_with_tears_of_joy : tvk டா : fire : - @ tvkvijayhq திமுக நீங்க செத்தீங்கடா : face_with_tears_of_joy :,TVK,1
"2021 சட்டமன்ற பொதுத்தேர்தலின்போது , திமுக-வின் தேர்தல் அறிக்கையில் , இன்றைய முதலமைச்சர் , அன்றைய எதிர்கட்சித் தலைவர் திரு . @ mkstalin திமுக ஆட்சிக்கு வந்தவுடன் , மகாத்மா காந்தி ஊரக வேலைவாய்ப்பு உறுதி திட்டம் 100 நாட்களிலிருந்து 150 நாட்களாக உயர்த்தப்படும் என்றும் , மற்றும் ஊதியமும் உயர்த்தப்படும் என்று அறிவித்திருந்தார் . மக்களை ஏமாற்றி , வாக்குகளை பெற்று ஆட்சிக்கு வந்த பிறகு , கொடுத்த வாக்குறுதியை இன்றுவரை நிறைவேற்றவில்லை . அவர் பதிவிட்டு இருந்த நீண்ட “ x ” தள பதிவில் ஏன் இதை பற்ற எந்த குறிப்பும் இல்லை ? இது போன்ற பச்சை துரோகத்தை செய்து விட்டு பச்சை துண்டு பற்றி பேச அவருக்கு என்ன அருகதை இருக்கிறது ? @ arivalayam தற்போது , மத்திய அரசு இந்த 100 நாள் வேலை திட்டத்தை 125 நாட்களாக உயர்த்த உத்தேசித்துள்ளதை வரவேற்க்கிறேன் . எனினும் மகாத்மா காந்தி ஊரக வேலை வாய்ப்பு உறுதி திட்டத்தின் பெயர் எவ்வித மாற்றமுமின்றி தொடர மத்திய அரசை வலியுறுத்துகிறேன் . @ mord_goi",ADMK,0
"2021 சட்டமன்ற பொதுத்தேர்தலின்போது , திமுக-வின் தேர்தல் அறிக்கையில் , இன்றைய முதலமைச்சர் , அன்றைய எதிர்கட்சித் தலைவர் திரு . @ mkstalin திமுக ஆட்சிக்கு வந்தவுடன் , மகாத்மா காந்தி ஊரக வேலைவாய்ப்பு உறுதி திட்டம் 100 நாட்களிலிருந்து 150 நாட்களாக உயர்த்தப்படும் என்றும் , மற்றும் ஊதியமும் உயர்த்தப்படும் என்று அறிவித்திருந்தார் . மக்களை ஏமாற்றி , வாக்குகளை பெற்று ஆட்சிக்கு வந்த பிறகு , கொடுத்த வாக்குறுதியை இன்றுவரை நிறைவேற்றவில்லை . அவர் பதிவிட்டு இருந்த நீண்ட “ x ” தள பதிவில் ஏன் இதை பற்ற எந்த குறிப்பும் இல்லை ? இது போன்ற பச்சை துரோகத்தை செய்து விட்டு பச்சை துண்டு பற்றி பேச அவருக்கு என்ன அருகதை இருக்கிறது ? @ arivalayam தற்போது , மத்திய அரசு இந்த 100 நாள் வேலை திட்டத்தை 125 நாட்களாக உயர்த்த உத்தேசித்துள்ளதை வரவேற்க்கிறேன் . எனினும் மகாத்மா காந்தி ஊரக வேலை வாய்ப்பு உறுதி திட்டத்தின் பெயர் எவ்வித மாற்றமுமின்றி தொடர மத்திய அரசை வலியுறுத்துகிறேன் . @ mord_goi",BJP,0
"2021 சட்டமன்ற பொதுத்தேர்தலின்போது , திமுக-வின் தேர்தல் அறிக்கையில் , இன்றைய முதலமைச்சர் , அன்றைய எதிர்கட்சித் தலைவர் திரு . @ mkstalin திமுக ஆட்சிக்கு வந்தவுடன் , மகாத்மா காந்தி ஊரக வேலைவாய்ப்பு உறுதி திட்டம் 100 நாட்களிலிருந்து 150 நாட்களாக உயர்த்தப்படும் என்றும் , மற்றும் ஊதியமும் உயர்த்தப்படும் என்று அறிவித்திருந்தார் . மக்களை ஏமாற்றி , வாக்குகளை பெற்று ஆட்சிக்கு வந்த பிறகு , கொடுத்த வாக்குறுதியை இன்றுவரை நிறைவேற்றவில்லை . அவர் பதிவிட்டு இருந்த நீண்ட “ x ” தள பதிவில் ஏன் இதை பற்ற எந்த குறிப்பும் இல்லை ? இது போன்ற பச்சை துரோகத்தை செய்து விட்டு பச்சை துண்டு பற்றி பேச அவருக்கு என்ன அருகதை இருக்கிறது ? @ arivalayam தற்போது , மத்திய அரசு இந்த 100 நாள் வேலை திட்டத்தை 125 நாட்களாக உயர்த்த உத்தேசித்துள்ளதை வரவேற்க்கிறேன் . எனினும் மகாத்மா காந்தி ஊரக வேலை வாய்ப்பு உறுதி திட்டத்தின் பெயர் எவ்வித மாற்றமுமின்றி தொடர மத்திய அரசை வலியுறுத்துகிறேன் . @ mord_goi",Congress,0
"2021 சட்டமன்ற பொதுத்தேர்தலின்போது , திமுக-வின் தேர்தல் அறிக்கையில் , இன்றைய முதலமைச்சர் , அன்றைய எதிர்கட்சித் தலைவர் திரு . @ mkstalin திமுக ஆட்சிக்கு வந்தவுடன் , மகாத்மா காந்தி ஊரக வேலைவாய்ப்பு உறுதி திட்டம் 100 நாட்களிலிருந்து 150 நாட்களாக உயர்த்தப்படும் என்றும் , மற்றும் ஊதியமும் உயர்த்தப்படும் என்று அறிவித்திருந்தார் . மக்களை ஏமாற்றி , வாக்குகளை பெற்று ஆட்சிக்கு வந்த பிறகு , கொடுத்த வாக்குறுதியை இன்றுவரை நிறைவேற்றவில்லை . அவர் பதிவிட்டு இருந்த நீண்ட “ x ” தள பதிவில் ஏன் இதை பற்ற எந்த குறிப்பும் இல்லை ? இது போன்ற பச்சை துரோகத்தை செய்து விட்டு பச்சை துண்டு பற்றி பேச அவருக்கு என்ன அருகதை இருக்கிறது ? @ arivalayam தற்போது , மத்திய அரசு இந்த 100 நாள் வேலை திட்டத்தை 125 நாட்களாக உயர்த்த உத்தேசித்துள்ளதை வரவேற்க்கிறேன் . எனினும் மகாத்மா காந்தி ஊரக வேலை வாய்ப்பு உறுதி திட்டத்தின் பெயர் எவ்வித மாற்றமுமின்றி தொடர மத்திய அரசை வலியுறுத்துகிறேன் . @ mord_goi",DMK,1
"2021 சட்டமன்ற பொதுத்தேர்தலின்போது , திமுக-வின் தேர்தல் அறிக்கையில் , இன்றைய முதலமைச்சர் , அன்றைய எதிர்கட்சித் தலைவர் திரு . @ mkstalin திமுக ஆட்சிக்கு வந்தவுடன் , மகாத்மா காந்தி ஊரக வேலைவாய்ப்பு உறுதி திட்டம் 100 நாட்களிலிருந்து 150 நாட்களாக உயர்த்தப்படும் என்றும் , மற்றும் ஊதியமும் உயர்த்தப்படும் என்று அறிவித்திருந்தார் . மக்களை ஏமாற்றி , வாக்குகளை பெற்று ஆட்சிக்கு வந்த பிறகு , கொடுத்த வாக்குறுதியை இன்றுவரை நிறைவேற்றவில்லை . அவர் பதிவிட்டு இருந்த நீண்ட “ x ” தள பதிவில் ஏன் இதை பற்ற எந்த குறிப்பும் இல்லை ? இது போன்ற பச்சை துரோகத்தை செய்து விட்டு பச்சை துண்டு பற்றி பேச அவருக்கு என்ன அருகதை இருக்கிறது ? @ arivalayam தற்போது , மத்திய அரசு இந்த 100 நாள் வேலை திட்டத்தை 125 நாட்களாக உயர்த்த உத்தேசித்துள்ளதை வரவேற்க்கிறேன் . எனினும் மகாத்மா காந்தி ஊரக வேலை வாய்ப்பு உறுதி திட்டத்தின் பெயர் எவ்வித மாற்றமுமின்றி தொடர மத்திய அரசை வலியுறுத்துகிறேன் . @ mord_goi",NTK,0
"2021 சட்டமன்ற பொதுத்தேர்தலின்போது , திமுக-வின் தேர்தல் அறிக்கையில் , இன்றைய முதலமைச்சர் , அன்றைய எதிர்கட்சித் தலைவர் திரு . @ mkstalin திமுக ஆட்சிக்கு வந்தவுடன் , மகாத்மா காந்தி ஊரக வேலைவாய்ப்பு உறுதி திட்டம் 100 நாட்களிலிருந்து 150 நாட்களாக உயர்த்தப்படும் என்றும் , மற்றும் ஊதியமும் உயர்த்தப்படும் என்று அறிவித்திருந்தார் . மக்களை ஏமாற்றி , வாக்குகளை பெற்று ஆட்சிக்கு வந்த பிறகு , கொடுத்த வாக்குறுதியை இன்றுவரை நிறைவேற்றவில்லை . அவர் பதிவிட்டு இருந்த நீண்ட “ x ” தள பதிவில் ஏன் இதை பற்ற எந்த குறிப்பும் இல்லை ? இது போன்ற பச்சை துரோகத்தை செய்து விட்டு பச்சை துண்டு பற்றி பேச அவருக்கு என்ன அருகதை இருக்கிறது ? @ arivalayam தற்போது , மத்திய அரசு இந்த 100 நாள் வேலை திட்டத்தை 125 நாட்களாக உயர்த்த உத்தேசித்துள்ளதை வரவேற்க்கிறேன் . எனினும் மகாத்மா காந்தி ஊரக வேலை வாய்ப்பு உறுதி திட்டத்தின் பெயர் எவ்வித மாற்றமுமின்றி தொடர மத்திய அரசை வலியுறுத்துகிறேன் . @ mord_goi",TVK,0
"' ஏ , திமுக அரசே .. ! ' விஜய் முதல் விஜயதரணி வரை .. கலாய்த்து தள்ளிய ஷாநவாஸ் விண்ணை முட்டிய கைதட்டல் , சரவெடி பேச்சு # malaimurasu # makkalarangam # debate # election2026 # aloorshanavas # vck # tvkvijay # tvkcampaign",ADMK,0
"' ஏ , திமுக அரசே .. ! ' விஜய் முதல் விஜயதரணி வரை .. கலாய்த்து தள்ளிய ஷாநவாஸ் விண்ணை முட்டிய கைதட்டல் , சரவெடி பேச்சு # malaimurasu # makkalarangam # debate # election2026 # aloorshanavas # vck # tvkvijay # tvkcampaign",BJP,0
"' ஏ , திமுக அரசே .. ! ' விஜய் முதல் விஜயதரணி வரை .. கலாய்த்து தள்ளிய ஷாநவாஸ் விண்ணை முட்டிய கைதட்டல் , சரவெடி பேச்சு # malaimurasu # makkalarangam # debate # election2026 # aloorshanavas # vck # tvkvijay # tvkcampaign",Congress,0
"' ஏ , திமுக அரசே .. ! ' விஜய் முதல் விஜயதரணி வரை .. கலாய்த்து தள்ளிய ஷாநவாஸ் விண்ணை முட்டிய கைதட்டல் , சரவெடி பேச்சு # malaimurasu # makkalarangam # debate # election2026 # aloorshanavas # vck # tvkvijay # tvkcampaign",DMK,1
"' ஏ , திமுக அரசே .. ! ' விஜய் முதல் விஜயதரணி வரை .. கலாய்த்து தள்ளிய ஷாநவாஸ் விண்ணை முட்டிய கைதட்டல் , சரவெடி பேச்சு # malaimurasu # makkalarangam # debate # election2026 # aloorshanavas # vck # tvkvijay # tvkcampaign",NTK,0
"' ஏ , திமுக அரசே .. ! ' விஜய் முதல் விஜயதரணி வரை .. கலாய்த்து தள்ளிய ஷாநவாஸ் விண்ணை முட்டிய கைதட்டல் , சரவெடி பேச்சு # malaimurasu # makkalarangam # debate # election2026 # aloorshanavas # vck # tvkvijay # tvkcampaign",TVK,0
"' ஏ , திமுக அரசே .. ! ' விஜய் முதல் விஜயதரணி வரை .. கலாய்த்து தள்ளிய ஷாநவாஸ் விண்ணை முட்டிய கைதட்டல் , சரவெடி பேச்சு # malaimurasu # makkalarangam # debate # election2026 # aloorshanavas # vck # tvkvijay # tvkcampaign",ADMK,0
"' ஏ , திமுக அரசே .. ! ' விஜய் முதல் விஜயதரணி வரை .. கலாய்த்து தள்ளிய ஷாநவாஸ் விண்ணை முட்டிய கைதட்டல் , சரவெடி பேச்சு # malaimurasu # makkalarangam # debate # election2026 # aloorshanavas # vck # tvkvijay # tvkcampaign",BJP,0
"' ஏ , திமுக அரசே .. ! ' விஜய் முதல் விஜயதரணி வரை .. கலாய்த்து தள்ளிய ஷாநவாஸ் விண்ணை முட்டிய கைதட்டல் , சரவெடி பேச்சு # malaimurasu # makkalarangam # debate # election2026 # aloorshanavas # vck # tvkvijay # tvkcampaign",Congress,1
"' ஏ , திமுக அரசே .. ! ' விஜய் முதல் விஜயதரணி வரை .. கலாய்த்து தள்ளிய ஷாநவாஸ் விண்ணை முட்டிய கைதட்டல் , சரவெடி பேச்சு # malaimurasu # makkalarangam # debate # election2026 # aloorshanavas # vck # tvkvijay # tvkcampaign",DMK,1
"' ஏ , திமுக அரசே .. ! ' விஜய் முதல் விஜயதரணி வரை .. கலாய்த்து தள்ளிய ஷாநவாஸ் விண்ணை முட்டிய கைதட்டல் , சரவெடி பேச்சு # malaimurasu # makkalarangam # debate # election2026 # aloorshanavas # vck # tvkvijay # tvkcampaign",NTK,0
"' ஏ , திமுக அரசே .. ! ' விஜய் முதல் விஜயதரணி வரை .. கலாய்த்து தள்ளிய ஷாநவாஸ் விண்ணை முட்டிய கைதட்டல் , சரவெடி பேச்சு # malaimurasu # makkalarangam # debate # election2026 # aloorshanavas # vck # tvkvijay # tvkcampaign",TVK,1
திருப்பரங்குன்றம் மலை மீது உள்ள தீபத்தூண் முருகனுக்கு சொந்தம் - தமிழக பாஜக முன்னாள் மாநில தலைவர் திரு . @ annamalai_k அவர்கள் !,ADMK,0
திருப்பரங்குன்றம் மலை மீது உள்ள தீபத்தூண் முருகனுக்கு சொந்தம் - தமிழக பாஜக முன்னாள் மாநில தலைவர் திரு . @ annamalai_k அவர்கள் !,BJP,1
திருப்பரங்குன்றம் மலை மீது உள்ள தீபத்தூண் முருகனுக்கு சொந்தம் - தமிழக பாஜக முன்னாள் மாநில தலைவர் திரு . @ annamalai_k அவர்கள் !,Congress,0
திருப்பரங்குன்றம் மலை மீது உள்ள தீபத்தூண் முருகனுக்கு சொந்தம் - தமிழக பாஜக முன்னாள் மாநில தலைவர் திரு . @ annamalai_k அவர்கள் !,DMK,0
திருப்பரங்குன்றம் மலை மீது உள்ள தீபத்தூண் முருகனுக்கு சொந்தம் - தமிழக பாஜக முன்னாள் மாநில தலைவர் திரு . @ annamalai_k அவர்கள் !,NTK,0
திருப்பரங்குன்றம் மலை மீது உள்ள தீபத்தூண் முருகனுக்கு சொந்தம் - தமிழக பாஜக முன்னாள் மாநில தலைவர் திரு . @ annamalai_k அவர்கள் !,TVK,0
யாருங்க தற்கோழி யாரு தற்கோழி : face_with_tears_of_joy : :face_with_tears_of_joy : - தவெக தொண்டர் ஆவேசம்,ADMK,0
யாருங்க தற்கோழி யாரு தற்கோழி : face_with_tears_of_joy : :face_with_tears_of_joy : - தவெக தொண்டர் ஆவேசம்,BJP,0
யாருங்க தற்கோழி யாரு தற்கோழி : face_with_tears_of_joy : :face_with_tears_of_joy : - தவெக தொண்டர் ஆவேசம்,Congress,0
யாருங்க தற்கோழி யாரு தற்கோழி : face_with_tears_of_joy : :face_with_tears_of_joy : - தவெக தொண்டர் ஆவேசம்,DMK,0
யாருங்க தற்கோழி யாரு தற்கோழி : face_with_tears_of_joy : :face_with_tears_of_joy : - தவெக தொண்டர் ஆவேசம்,NTK,0
யாருங்க தற்கோழி யாரு தற்கோழி : face_with_tears_of_joy : :face_with_tears_of_joy : - தவெக தொண்டர் ஆவேசம்,TVK,1
"பெண் விடுதலை , சமத்துவம் , தேசிய உணர்வு , மொழிப்பற்று ஆகிய உயர்ந்த கொள்கைகளை தனது எழுத்துக்களால் மக்கள் மனங்களில் விதைத்து , புதிய சிந்தனைகளுக்கு ஒளியூட்டிய விடுதலைச் சிந்தனையாளர் ; தாய்மொழியான தமிழின் மகத்துவத்தை உலகம் அறியச் செய்த முண்டாசுக் கவிஞர் , மகாகவி பாரதியார் அவர்களின் பிறந்த நாளில் , தாய்மொழியையும் தாய்நாட்டையும் உயிரெனக் கொண்டிருந்த அவர்தம் பெரும் புகழை போற்றி வணங்குகிறேன் . @ aiadmkofficial",ADMK,1
"பெண் விடுதலை , சமத்துவம் , தேசிய உணர்வு , மொழிப்பற்று ஆகிய உயர்ந்த கொள்கைகளை தனது எழுத்துக்களால் மக்கள் மனங்களில் விதைத்து , புதிய சிந்தனைகளுக்கு ஒளியூட்டிய விடுதலைச் சிந்தனையாளர் ; தாய்மொழியான தமிழின் மகத்துவத்தை உலகம் அறியச் செய்த முண்டாசுக் கவிஞர் , மகாகவி பாரதியார் அவர்களின் பிறந்த நாளில் , தாய்மொழியையும் தாய்நாட்டையும் உயிரெனக் கொண்டிருந்த அவர்தம் பெரும் புகழை போற்றி வணங்குகிறேன் . @ aiadmkofficial",BJP,0
"பெண் விடுதலை , சமத்துவம் , தேசிய உணர்வு , மொழிப்பற்று ஆகிய உயர்ந்த கொள்கைகளை தனது எழுத்துக்களால் மக்கள் மனங்களில் விதைத்து , புதிய சிந்தனைகளுக்கு ஒளியூட்டிய விடுதலைச் சிந்தனையாளர் ; தாய்மொழியான தமிழின் மகத்துவத்தை உலகம் அறியச் செய்த முண்டாசுக் கவிஞர் , மகாகவி பாரதியார் அவர்களின் பிறந்த நாளில் , தாய்மொழியையும் தாய்நாட்டையும் உயிரெனக் கொண்டிருந்த அவர்தம் பெரும் புகழை போற்றி வணங்குகிறேன் . @ aiadmkofficial",Congress,0
"பெண் விடுதலை , சமத்துவம் , தேசிய உணர்வு , மொழிப்பற்று ஆகிய உயர்ந்த கொள்கைகளை தனது எழுத்துக்களால் மக்கள் மனங்களில் விதைத்து , புதிய சிந்தனைகளுக்கு ஒளியூட்டிய விடுதலைச் சிந்தனையாளர் ; தாய்மொழியான தமிழின் மகத்துவத்தை உலகம் அறியச் செய்த முண்டாசுக் கவிஞர் , மகாகவி பாரதியார் அவர்களின் பிறந்த நாளில் , தாய்மொழியையும் தாய்நாட்டையும் உயிரெனக் கொண்டிருந்த அவர்தம் பெரும் புகழை போற்றி வணங்குகிறேன் . @ aiadmkofficial",DMK,0
"பெண் விடுதலை , சமத்துவம் , தேசிய உணர்வு , மொழிப்பற்று ஆகிய உயர்ந்த கொள்கைகளை தனது எழுத்துக்களால் மக்கள் மனங்களில் விதைத்து , புதிய சிந்தனைகளுக்கு ஒளியூட்டிய விடுதலைச் சிந்தனையாளர் ; தாய்மொழியான தமிழின் மகத்துவத்தை உலகம் அறியச் செய்த முண்டாசுக் கவிஞர் , மகாகவி பாரதியார் அவர்களின் பிறந்த நாளில் , தாய்மொழியையும் தாய்நாட்டையும் உயிரெனக் கொண்டிருந்த அவர்தம் பெரும் புகழை போற்றி வணங்குகிறேன் . @ aiadmkofficial",NTK,0
"பெண் விடுதலை , சமத்துவம் , தேசிய உணர்வு , மொழிப்பற்று ஆகிய உயர்ந்த கொள்கைகளை தனது எழுத்துக்களால் மக்கள் மனங்களில் விதைத்து , புதிய சிந்தனைகளுக்கு ஒளியூட்டிய விடுதலைச் சிந்தனையாளர் ; தாய்மொழியான தமிழின் மகத்துவத்தை உலகம் அறியச் செய்த முண்டாசுக் கவிஞர் , மகாகவி பாரதியார் அவர்களின் பிறந்த நாளில் , தாய்மொழியையும் தாய்நாட்டையும் உயிரெனக் கொண்டிருந்த அவர்தம் பெரும் புகழை போற்றி வணங்குகிறேன் . @ aiadmkofficial",TVK,0
"உங்களுக்கு நீங்க கொள்ளையடித்து வைத்திருக்கும் காசுதான் துணை . ஆனா , எனக்கு எல்லையில்லா பாசம் வைத்திருக்கும் இந்த mass தான் துணை . - தவெக தலைவர் விஜய் # tvk | # vijay | # dmk",ADMK,0
"உங்களுக்கு நீங்க கொள்ளையடித்து வைத்திருக்கும் காசுதான் துணை . ஆனா , எனக்கு எல்லையில்லா பாசம் வைத்திருக்கும் இந்த mass தான் துணை . - தவெக தலைவர் விஜய் # tvk | # vijay | # dmk",BJP,0
"உங்களுக்கு நீங்க கொள்ளையடித்து வைத்திருக்கும் காசுதான் துணை . ஆனா , எனக்கு எல்லையில்லா பாசம் வைத்திருக்கும் இந்த mass தான் துணை . - தவெக தலைவர் விஜய் # tvk | # vijay | # dmk",Congress,0
"உங்களுக்கு நீங்க கொள்ளையடித்து வைத்திருக்கும் காசுதான் துணை . ஆனா , எனக்கு எல்லையில்லா பாசம் வைத்திருக்கும் இந்த mass தான் துணை . - தவெக தலைவர் விஜய் # tvk | # vijay | # dmk",DMK,1
"உங்களுக்கு நீங்க கொள்ளையடித்து வைத்திருக்கும் காசுதான் துணை . ஆனா , எனக்கு எல்லையில்லா பாசம் வைத்திருக்கும் இந்த mass தான் துணை . - தவெக தலைவர் விஜய் # tvk | # vijay | # dmk",NTK,0
"உங்களுக்கு நீங்க கொள்ளையடித்து வைத்திருக்கும் காசுதான் துணை . ஆனா , எனக்கு எல்லையில்லா பாசம் வைத்திருக்கும் இந்த mass தான் துணை . - தவெக தலைவர் விஜய் # tvk | # vijay | # dmk",TVK,1
தீயசக்தி திமுக தூயசத்தி தவெக : பராசக்தி சி.க ~ எவம்ளே அது,ADMK,0
தீயசக்தி திமுக தூயசத்தி தவெக : பராசக்தி சி.க ~ எவம்ளே அது,BJP,0
தீயசக்தி திமுக தூயசத்தி தவெக : பராசக்தி சி.க ~ எவம்ளே அது,Congress,0
தீயசக்தி திமுக தூயசத்தி தவெக : பராசக்தி சி.க ~ எவம்ளே அது,DMK,1
தீயசக்தி திமுக தூயசத்தி தவெக : பராசக்தி சி.க ~ எவம்ளே அது,NTK,0
தீயசக்தி திமுக தூயசத்தி தவெக : பராசக்தி சி.க ~ எவம்ளே அது,TVK,1
ஈரோட்டில் விஜய் செய்தது சம்பவம் அல்ல ... சேலத்தில் நாம் தமிழர் கட்சி செய்யுறது தான் சம்பவம் ... இது தான் ...,ADMK,0
ஈரோட்டில் விஜய் செய்தது சம்பவம் அல்ல ... சேலத்தில் நாம் தமிழர் கட்சி செய்யுறது தான் சம்பவம் ... இது தான் ...,BJP,0
ஈரோட்டில் விஜய் செய்தது சம்பவம் அல்ல ... சேலத்தில் நாம் தமிழர் கட்சி செய்யுறது தான் சம்பவம் ... இது தான் ...,Congress,0
ஈரோட்டில் விஜய் செய்தது சம்பவம் அல்ல ... சேலத்தில் நாம் தமிழர் கட்சி செய்யுறது தான் சம்பவம் ... இது தான் ...,DMK,0
ஈரோட்டில் விஜய் செய்தது சம்பவம் அல்ல ... சேலத்தில் நாம் தமிழர் கட்சி செய்யுறது தான் சம்பவம் ... இது தான் ...,NTK,1
ஈரோட்டில் விஜய் செய்தது சம்பவம் அல்ல ... சேலத்தில் நாம் தமிழர் கட்சி செய்யுறது தான் சம்பவம் ... இது தான் ...,TVK,1
real - @ tvkvijayhq clearly making battle & amp ; dmk . people tea shops glued tv 's & amp ; yt like ipl final,ADMK,0
real - @ tvkvijayhq clearly making battle & amp ; dmk . people tea shops glued tv 's & amp ; yt like ipl final,BJP,0
real - @ tvkvijayhq clearly making battle & amp ; dmk . people tea shops glued tv 's & amp ; yt like ipl final,Congress,0
real - @ tvkvijayhq clearly making battle & amp ; dmk . people tea shops glued tv 's & amp ; yt like ipl final,DMK,1
real - @ tvkvijayhq clearly making battle & amp ; dmk . people tea shops glued tv 's & amp ; yt like ipl final,NTK,0
real - @ tvkvijayhq clearly making battle & amp ; dmk . people tea shops glued tv 's & amp ; yt like ipl final,TVK,1
"tamil nadu , dmk govt named everything , including infrastructure facilities government schemes , ideological leaders . dmk never recognized freedom fighters like bharathiyar , v.o . chidambaram pillai , served cause tamil , swaminatha iyer . @ amitshah @ bjp4tamilnadu @ nainarbjp @ blsanthosh",ADMK,0
"tamil nadu , dmk govt named everything , including infrastructure facilities government schemes , ideological leaders . dmk never recognized freedom fighters like bharathiyar , v.o . chidambaram pillai , served cause tamil , swaminatha iyer . @ amitshah @ bjp4tamilnadu @ nainarbjp @ blsanthosh",BJP,0
"tamil nadu , dmk govt named everything , including infrastructure facilities government schemes , ideological leaders . dmk never recognized freedom fighters like bharathiyar , v.o . chidambaram pillai , served cause tamil , swaminatha iyer . @ amitshah @ bjp4tamilnadu @ nainarbjp @ blsanthosh",Congress,0
"tamil nadu , dmk govt named everything , including infrastructure facilities government schemes , ideological leaders . dmk never recognized freedom fighters like bharathiyar , v.o . chidambaram pillai , served cause tamil , swaminatha iyer . @ amitshah @ bjp4tamilnadu @ nainarbjp @ blsanthosh",DMK,1
"tamil nadu , dmk govt named everything , including infrastructure facilities government schemes , ideological leaders . dmk never recognized freedom fighters like bharathiyar , v.o . chidambaram pillai , served cause tamil , swaminatha iyer . @ amitshah @ bjp4tamilnadu @ nainarbjp @ blsanthosh",NTK,0
"tamil nadu , dmk govt named everything , including infrastructure facilities government schemes , ideological leaders . dmk never recognized freedom fighters like bharathiyar , v.o . chidambaram pillai , served cause tamil , swaminatha iyer . @ amitshah @ bjp4tamilnadu @ nainarbjp @ blsanthosh",TVK,0
"must read ! important ! கடந்த ஐந்து ஆண்டுகளில் 200-க்கும் மேற்பட்ட அரசு பள்ளிகளை திமுக அரசு மூடியதாக விஜய் கூறுகிறார் . ஆனால் தமிழ்நாடு அரசின் கல்வித் துறை வெளியிட்டுள்ள udise+ தரவுகளின்படி , அதிகாரப்பூர்வ புள்ளிவிவரங்கள் அந்தக் கூற்றை ஆதரிக்கவில்லை . அரசுத் தரவுகளின்படி , 2019–20 ஆம் ஆண்டில் 37,579 ஆக இருந்த அரசு பள்ளிகளின் எண்ணிக்கை , 2023–24 ஆம் ஆண்டில் 37,672 ஆக உயர்ந்துள்ளது . இதன் மூலம் கடந்த ஐந்து ஆண்டுகளில் தமிழ்நாட்டில் நிகரமாக 93 அரசு பள்ளிகள் கூடுதலாக செயல்பாட்டில் வந்துள்ளன என்பது தெளிவாகிறது . பத்தாண்டு காலப் போக்கை நோக்கினால் , 2016–17 ஆம் ஆண்டில் அதிகபட்சமாக 38,307 அரசு பள்ளிகள் இருந்துள்ளன . அதன் பின்னர் அதிமுக ஆட்சிக்காலத்தில் , குறிப்பாக எடப்பாடி பழனிசாமி முதல்வராக இருந்த காலத்தில் , பள்ளிகளின் எண்ணிக்கையில் சிறிய சரிவு ஏற்பட்டது . ஆனால் 2020–21 முதல் இந்த எண்ணிக்கை மீண்டும் நிலையான உயர்வை நோக்கி நகர்கிறது . அரசு வெளியிட்டுள்ள ஆண்டுவாரியான தரவுகள் : : small_blue_diamond:2019–20 : 37,579 பள்ளிகள் : small_blue_diamond:2020–21 : 37,589 பள்ளிகள் : small_blue_diamond:2021–22 : 37,636 பள்ளிகள் : small_blue_diamond:2022–23 : 37,658 பள்ளிகள் : small_blue_diamond:2023–24 : 37,672 பள்ளிகள் இந்த எண்ணிக்கைகள் , தமிழ்நாடு அரசு கல்வித் துறைக்கு வழங்கும் முக்கியத்துவத்தையும் , குறிப்பாக கிராமப்புறம் மற்றும் பின்தங்கிய பகுதிகளில் கல்வி வசதிகளை விரிவுபடுத்தும் முயற்சிகளையும் வெளிப்படுத்துகின்றன . பள்ளிகளின் எண்ணிக்கையை அதிகரிப்பதோடு சேர்த்து , உள்கட்டமைப்பு மேம்பாட்டின் மூலம் அரசுப் பள்ளிகளின் தரமும் தொடர்ச்சியாக உயர்த்தப்பட்டு வருகிறது . அதற்கான தெளிவான பிரதிபலிப்பாக , 2025–26 கல்வி ஆண்டில் தமிழ்நாடு அரசுப் பள்ளிகளில் சுமார் 4.07 லட்சம் மாணவர்கள் புதிதாக சேர்ந்துள்ளனர் . இது கடந்த கல்வி ஆண்டின் ( 3.2 லட்சம் ) சேர்க்கையை விட குறிப்பிடத்தக்க அளவில் அதிகம் . அரசுப் பள்ளிகளின் மீதான நம்பிக்கை மீண்டும் வலுப்பெற்று வருவதை இந்த மாணவர் சேர்க்கை உயர்வு உறுதிப்படுத்துகிறது . மேலும் , சில அரசு பள்ளிகள் “ மூடப்படுவது ” என்பது முழுமையான பள்ளி ஒழிப்பு நடவடிக்கையாகப் பொருள் கொள்ள முடியாது . நீண்ட காலமாக ஒரு மாணவர் கூட சேராத , பூஜ்ஜியச் சேர்க்கை ( zero enrolment ) கொண்ட பள்ளிகள் தற்காலிகமாக மூடப்பட்டு அருகிலுள்ள பள்ளிகளுடன் இணைக்கப்படுவது பல ஆண்டுகளாக நடைமுறையில் உள்ள நிர்வாக செயல்முறைதான் . ஒரு பக்கம் மாணவர் இல்லாத பள்ளிகள் மூடப்பட்டாலும் , மறுபக்கம் மக்கள் நடமாட்டம் உள்ள பகுதிகளில் புதிய பள்ளிகள் திறக்கப்படுவதால் தமிழ்நாட்டில் அரசுப் பள்ளிகளின் எண்ணிக்கை நிலையாகவோ அல்லது அதிகரித்தோ தான் உள்ளது . அதாவது , இது குறைப்புச் செயல்முறை அல்ல ; தேவைக்கு ஏற்ப பள்ளி வலையமைப்பை சீரமைக்கும் நிர்வாக நடவடிக்கை . அதேபோல் , தொடக்கப் பள்ளிகள் நடுநிலைப் பள்ளிகளாகவும் , உயர்நிலைப் பள்ளிகள் மேல்நிலைப் பள்ளிகளாகவும் தரம் உயர்த்தப்படும் போது , பழைய வகைப்பாட்டில் பள்ளிகளின் எண்ணிக்கை குறைவாகத் தோன்றலாம் . மக்கள் தொகை குறைவான பகுதிகள் , போக்குவரத்து வசதி குறைந்த மலைக் கிராமங்கள் மற்றும் புதிய குடியிருப்புப் பகுதிகளில் மாணவர்களின் கல்வி உரிமையை உறுதி செய்ய , புதிய தொடக்கப் பள்ளிகள் தொடங்கப்பட்டுள்ளன . குறிப்பாக , மலைப் பிரதேசங்கள் மற்றும் புதிதாக உருவான குடியிருப்புகளில் அண்மையில் 13 புதிய அரசு பள்ளிகளை தமிழ்நாடு அரசு தொடங்கியுள்ளது . சில இடங்களில் மாணவர் சேர்க்கை இல்லாத பள்ளிகள் மூடப்பட்டாலும் , புதிய பள்ளிகள் தொடங்கப்பட்டதும் , பல பள்ளிகள் தரம் உயர்த்தப்பட்டதும் காரணமாக மொத்த எண்ணிக்கை நிகரமாக உயர்ந்துள்ளது . இன்று தமிழ்நாடு அரசு பள்ளிகளின் எண்ணிக்கையை உயர்த்துவதோடு மட்டுமல்லாமல் , உள்ள பள்ளிகளின் தர மேம்பாட்டிலும் அதிக கவனம் செலுத்தி வருகிறது . முதலமைச்சரின் காலை உணவுத் திட்டம் , அரசுப் பள்ளி மாணவர்களுக்கான 7.5 % இடஒதுக்கீடு , ஸ்மார்ட் வகுப்பறைகள் உள்ளிட்ட உள்கட்டமைப்பு மேம்பாட்டு திட்டங்கள் அரசுப் பள்ளிகளை மாணவர்கள் விரும்பும் கல்வி நிலையங்களாக மாற்றி வருகின்றன . பள்ளிகளின் எண்ணிக்கையில் ஏற்பட்டுள்ள இந்த சீரான வளர்ச்சியும் , மாணவர் சேர்க்கையில் காணப்படும் கணிசமான உயர்வும் , அடித்தட்டு மாணவர்களுக்கான கல்வி வாய்ப்பு தொடர்ந்து உறுதி செய்யப்படுவதை தெளிவாக காட்டுகிறது . இதையெல்லாம் பார்த்து முடிந்தால் யாராவது விஜய்க்கு இந்த அதிகாரப்பூர்வத் தரவுகளை கொடுத்து , அமைதியாக உட்கார வைத்து புரியவைக்கவும் . அப்படியும் புரியுமாவென்று தெரியவில்லை . ஏனென்றால் facts-க்கும் fiction-க்கும் உள்ள வித்தியாசம் தெரியாத தற்குறி !",ADMK,1
"must read ! important ! கடந்த ஐந்து ஆண்டுகளில் 200-க்கும் மேற்பட்ட அரசு பள்ளிகளை திமுக அரசு மூடியதாக விஜய் கூறுகிறார் . ஆனால் தமிழ்நாடு அரசின் கல்வித் துறை வெளியிட்டுள்ள udise+ தரவுகளின்படி , அதிகாரப்பூர்வ புள்ளிவிவரங்கள் அந்தக் கூற்றை ஆதரிக்கவில்லை . அரசுத் தரவுகளின்படி , 2019–20 ஆம் ஆண்டில் 37,579 ஆக இருந்த அரசு பள்ளிகளின் எண்ணிக்கை , 2023–24 ஆம் ஆண்டில் 37,672 ஆக உயர்ந்துள்ளது . இதன் மூலம் கடந்த ஐந்து ஆண்டுகளில் தமிழ்நாட்டில் நிகரமாக 93 அரசு பள்ளிகள் கூடுதலாக செயல்பாட்டில் வந்துள்ளன என்பது தெளிவாகிறது . பத்தாண்டு காலப் போக்கை நோக்கினால் , 2016–17 ஆம் ஆண்டில் அதிகபட்சமாக 38,307 அரசு பள்ளிகள் இருந்துள்ளன . அதன் பின்னர் அதிமுக ஆட்சிக்காலத்தில் , குறிப்பாக எடப்பாடி பழனிசாமி முதல்வராக இருந்த காலத்தில் , பள்ளிகளின் எண்ணிக்கையில் சிறிய சரிவு ஏற்பட்டது . ஆனால் 2020–21 முதல் இந்த எண்ணிக்கை மீண்டும் நிலையான உயர்வை நோக்கி நகர்கிறது . அரசு வெளியிட்டுள்ள ஆண்டுவாரியான தரவுகள் : : small_blue_diamond:2019–20 : 37,579 பள்ளிகள் : small_blue_diamond:2020–21 : 37,589 பள்ளிகள் : small_blue_diamond:2021–22 : 37,636 பள்ளிகள் : small_blue_diamond:2022–23 : 37,658 பள்ளிகள் : small_blue_diamond:2023–24 : 37,672 பள்ளிகள் இந்த எண்ணிக்கைகள் , தமிழ்நாடு அரசு கல்வித் துறைக்கு வழங்கும் முக்கியத்துவத்தையும் , குறிப்பாக கிராமப்புறம் மற்றும் பின்தங்கிய பகுதிகளில் கல்வி வசதிகளை விரிவுபடுத்தும் முயற்சிகளையும் வெளிப்படுத்துகின்றன . பள்ளிகளின் எண்ணிக்கையை அதிகரிப்பதோடு சேர்த்து , உள்கட்டமைப்பு மேம்பாட்டின் மூலம் அரசுப் பள்ளிகளின் தரமும் தொடர்ச்சியாக உயர்த்தப்பட்டு வருகிறது . அதற்கான தெளிவான பிரதிபலிப்பாக , 2025–26 கல்வி ஆண்டில் தமிழ்நாடு அரசுப் பள்ளிகளில் சுமார் 4.07 லட்சம் மாணவர்கள் புதிதாக சேர்ந்துள்ளனர் . இது கடந்த கல்வி ஆண்டின் ( 3.2 லட்சம் ) சேர்க்கையை விட குறிப்பிடத்தக்க அளவில் அதிகம் . அரசுப் பள்ளிகளின் மீதான நம்பிக்கை மீண்டும் வலுப்பெற்று வருவதை இந்த மாணவர் சேர்க்கை உயர்வு உறுதிப்படுத்துகிறது . மேலும் , சில அரசு பள்ளிகள் “ மூடப்படுவது ” என்பது முழுமையான பள்ளி ஒழிப்பு நடவடிக்கையாகப் பொருள் கொள்ள முடியாது . நீண்ட காலமாக ஒரு மாணவர் கூட சேராத , பூஜ்ஜியச் சேர்க்கை ( zero enrolment ) கொண்ட பள்ளிகள் தற்காலிகமாக மூடப்பட்டு அருகிலுள்ள பள்ளிகளுடன் இணைக்கப்படுவது பல ஆண்டுகளாக நடைமுறையில் உள்ள நிர்வாக செயல்முறைதான் . ஒரு பக்கம் மாணவர் இல்லாத பள்ளிகள் மூடப்பட்டாலும் , மறுபக்கம் மக்கள் நடமாட்டம் உள்ள பகுதிகளில் புதிய பள்ளிகள் திறக்கப்படுவதால் தமிழ்நாட்டில் அரசுப் பள்ளிகளின் எண்ணிக்கை நிலையாகவோ அல்லது அதிகரித்தோ தான் உள்ளது . அதாவது , இது குறைப்புச் செயல்முறை அல்ல ; தேவைக்கு ஏற்ப பள்ளி வலையமைப்பை சீரமைக்கும் நிர்வாக நடவடிக்கை . அதேபோல் , தொடக்கப் பள்ளிகள் நடுநிலைப் பள்ளிகளாகவும் , உயர்நிலைப் பள்ளிகள் மேல்நிலைப் பள்ளிகளாகவும் தரம் உயர்த்தப்படும் போது , பழைய வகைப்பாட்டில் பள்ளிகளின் எண்ணிக்கை குறைவாகத் தோன்றலாம் . மக்கள் தொகை குறைவான பகுதிகள் , போக்குவரத்து வசதி குறைந்த மலைக் கிராமங்கள் மற்றும் புதிய குடியிருப்புப் பகுதிகளில் மாணவர்களின் கல்வி உரிமையை உறுதி செய்ய , புதிய தொடக்கப் பள்ளிகள் தொடங்கப்பட்டுள்ளன . குறிப்பாக , மலைப் பிரதேசங்கள் மற்றும் புதிதாக உருவான குடியிருப்புகளில் அண்மையில் 13 புதிய அரசு பள்ளிகளை தமிழ்நாடு அரசு தொடங்கியுள்ளது . சில இடங்களில் மாணவர் சேர்க்கை இல்லாத பள்ளிகள் மூடப்பட்டாலும் , புதிய பள்ளிகள் தொடங்கப்பட்டதும் , பல பள்ளிகள் தரம் உயர்த்தப்பட்டதும் காரணமாக மொத்த எண்ணிக்கை நிகரமாக உயர்ந்துள்ளது . இன்று தமிழ்நாடு அரசு பள்ளிகளின் எண்ணிக்கையை உயர்த்துவதோடு மட்டுமல்லாமல் , உள்ள பள்ளிகளின் தர மேம்பாட்டிலும் அதிக கவனம் செலுத்தி வருகிறது . முதலமைச்சரின் காலை உணவுத் திட்டம் , அரசுப் பள்ளி மாணவர்களுக்கான 7.5 % இடஒதுக்கீடு , ஸ்மார்ட் வகுப்பறைகள் உள்ளிட்ட உள்கட்டமைப்பு மேம்பாட்டு திட்டங்கள் அரசுப் பள்ளிகளை மாணவர்கள் விரும்பும் கல்வி நிலையங்களாக மாற்றி வருகின்றன . பள்ளிகளின் எண்ணிக்கையில் ஏற்பட்டுள்ள இந்த சீரான வளர்ச்சியும் , மாணவர் சேர்க்கையில் காணப்படும் கணிசமான உயர்வும் , அடித்தட்டு மாணவர்களுக்கான கல்வி வாய்ப்பு தொடர்ந்து உறுதி செய்யப்படுவதை தெளிவாக காட்டுகிறது . இதையெல்லாம் பார்த்து முடிந்தால் யாராவது விஜய்க்கு இந்த அதிகாரப்பூர்வத் தரவுகளை கொடுத்து , அமைதியாக உட்கார வைத்து புரியவைக்கவும் . அப்படியும் புரியுமாவென்று தெரியவில்லை . ஏனென்றால் facts-க்கும் fiction-க்கும் உள்ள வித்தியாசம் தெரியாத தற்குறி !",BJP,0
"must read ! important ! கடந்த ஐந்து ஆண்டுகளில் 200-க்கும் மேற்பட்ட அரசு பள்ளிகளை திமுக அரசு மூடியதாக விஜய் கூறுகிறார் . ஆனால் தமிழ்நாடு அரசின் கல்வித் துறை வெளியிட்டுள்ள udise+ தரவுகளின்படி , அதிகாரப்பூர்வ புள்ளிவிவரங்கள் அந்தக் கூற்றை ஆதரிக்கவில்லை . அரசுத் தரவுகளின்படி , 2019–20 ஆம் ஆண்டில் 37,579 ஆக இருந்த அரசு பள்ளிகளின் எண்ணிக்கை , 2023–24 ஆம் ஆண்டில் 37,672 ஆக உயர்ந்துள்ளது . இதன் மூலம் கடந்த ஐந்து ஆண்டுகளில் தமிழ்நாட்டில் நிகரமாக 93 அரசு பள்ளிகள் கூடுதலாக செயல்பாட்டில் வந்துள்ளன என்பது தெளிவாகிறது . பத்தாண்டு காலப் போக்கை நோக்கினால் , 2016–17 ஆம் ஆண்டில் அதிகபட்சமாக 38,307 அரசு பள்ளிகள் இருந்துள்ளன . அதன் பின்னர் அதிமுக ஆட்சிக்காலத்தில் , குறிப்பாக எடப்பாடி பழனிசாமி முதல்வராக இருந்த காலத்தில் , பள்ளிகளின் எண்ணிக்கையில் சிறிய சரிவு ஏற்பட்டது . ஆனால் 2020–21 முதல் இந்த எண்ணிக்கை மீண்டும் நிலையான உயர்வை நோக்கி நகர்கிறது . அரசு வெளியிட்டுள்ள ஆண்டுவாரியான தரவுகள் : : small_blue_diamond:2019–20 : 37,579 பள்ளிகள் : small_blue_diamond:2020–21 : 37,589 பள்ளிகள் : small_blue_diamond:2021–22 : 37,636 பள்ளிகள் : small_blue_diamond:2022–23 : 37,658 பள்ளிகள் : small_blue_diamond:2023–24 : 37,672 பள்ளிகள் இந்த எண்ணிக்கைகள் , தமிழ்நாடு அரசு கல்வித் துறைக்கு வழங்கும் முக்கியத்துவத்தையும் , குறிப்பாக கிராமப்புறம் மற்றும் பின்தங்கிய பகுதிகளில் கல்வி வசதிகளை விரிவுபடுத்தும் முயற்சிகளையும் வெளிப்படுத்துகின்றன . பள்ளிகளின் எண்ணிக்கையை அதிகரிப்பதோடு சேர்த்து , உள்கட்டமைப்பு மேம்பாட்டின் மூலம் அரசுப் பள்ளிகளின் தரமும் தொடர்ச்சியாக உயர்த்தப்பட்டு வருகிறது . அதற்கான தெளிவான பிரதிபலிப்பாக , 2025–26 கல்வி ஆண்டில் தமிழ்நாடு அரசுப் பள்ளிகளில் சுமார் 4.07 லட்சம் மாணவர்கள் புதிதாக சேர்ந்துள்ளனர் . இது கடந்த கல்வி ஆண்டின் ( 3.2 லட்சம் ) சேர்க்கையை விட குறிப்பிடத்தக்க அளவில் அதிகம் . அரசுப் பள்ளிகளின் மீதான நம்பிக்கை மீண்டும் வலுப்பெற்று வருவதை இந்த மாணவர் சேர்க்கை உயர்வு உறுதிப்படுத்துகிறது . மேலும் , சில அரசு பள்ளிகள் “ மூடப்படுவது ” என்பது முழுமையான பள்ளி ஒழிப்பு நடவடிக்கையாகப் பொருள் கொள்ள முடியாது . நீண்ட காலமாக ஒரு மாணவர் கூட சேராத , பூஜ்ஜியச் சேர்க்கை ( zero enrolment ) கொண்ட பள்ளிகள் தற்காலிகமாக மூடப்பட்டு அருகிலுள்ள பள்ளிகளுடன் இணைக்கப்படுவது பல ஆண்டுகளாக நடைமுறையில் உள்ள நிர்வாக செயல்முறைதான் . ஒரு பக்கம் மாணவர் இல்லாத பள்ளிகள் மூடப்பட்டாலும் , மறுபக்கம் மக்கள் நடமாட்டம் உள்ள பகுதிகளில் புதிய பள்ளிகள் திறக்கப்படுவதால் தமிழ்நாட்டில் அரசுப் பள்ளிகளின் எண்ணிக்கை நிலையாகவோ அல்லது அதிகரித்தோ தான் உள்ளது . அதாவது , இது குறைப்புச் செயல்முறை அல்ல ; தேவைக்கு ஏற்ப பள்ளி வலையமைப்பை சீரமைக்கும் நிர்வாக நடவடிக்கை . அதேபோல் , தொடக்கப் பள்ளிகள் நடுநிலைப் பள்ளிகளாகவும் , உயர்நிலைப் பள்ளிகள் மேல்நிலைப் பள்ளிகளாகவும் தரம் உயர்த்தப்படும் போது , பழைய வகைப்பாட்டில் பள்ளிகளின் எண்ணிக்கை குறைவாகத் தோன்றலாம் . மக்கள் தொகை குறைவான பகுதிகள் , போக்குவரத்து வசதி குறைந்த மலைக் கிராமங்கள் மற்றும் புதிய குடியிருப்புப் பகுதிகளில் மாணவர்களின் கல்வி உரிமையை உறுதி செய்ய , புதிய தொடக்கப் பள்ளிகள் தொடங்கப்பட்டுள்ளன . குறிப்பாக , மலைப் பிரதேசங்கள் மற்றும் புதிதாக உருவான குடியிருப்புகளில் அண்மையில் 13 புதிய அரசு பள்ளிகளை தமிழ்நாடு அரசு தொடங்கியுள்ளது . சில இடங்களில் மாணவர் சேர்க்கை இல்லாத பள்ளிகள் மூடப்பட்டாலும் , புதிய பள்ளிகள் தொடங்கப்பட்டதும் , பல பள்ளிகள் தரம் உயர்த்தப்பட்டதும் காரணமாக மொத்த எண்ணிக்கை நிகரமாக உயர்ந்துள்ளது . இன்று தமிழ்நாடு அரசு பள்ளிகளின் எண்ணிக்கையை உயர்த்துவதோடு மட்டுமல்லாமல் , உள்ள பள்ளிகளின் தர மேம்பாட்டிலும் அதிக கவனம் செலுத்தி வருகிறது . முதலமைச்சரின் காலை உணவுத் திட்டம் , அரசுப் பள்ளி மாணவர்களுக்கான 7.5 % இடஒதுக்கீடு , ஸ்மார்ட் வகுப்பறைகள் உள்ளிட்ட உள்கட்டமைப்பு மேம்பாட்டு திட்டங்கள் அரசுப் பள்ளிகளை மாணவர்கள் விரும்பும் கல்வி நிலையங்களாக மாற்றி வருகின்றன . பள்ளிகளின் எண்ணிக்கையில் ஏற்பட்டுள்ள இந்த சீரான வளர்ச்சியும் , மாணவர் சேர்க்கையில் காணப்படும் கணிசமான உயர்வும் , அடித்தட்டு மாணவர்களுக்கான கல்வி வாய்ப்பு தொடர்ந்து உறுதி செய்யப்படுவதை தெளிவாக காட்டுகிறது . இதையெல்லாம் பார்த்து முடிந்தால் யாராவது விஜய்க்கு இந்த அதிகாரப்பூர்வத் தரவுகளை கொடுத்து , அமைதியாக உட்கார வைத்து புரியவைக்கவும் . அப்படியும் புரியுமாவென்று தெரியவில்லை . ஏனென்றால் facts-க்கும் fiction-க்கும் உள்ள வித்தியாசம் தெரியாத தற்குறி !",Congress,0
"must read ! important ! கடந்த ஐந்து ஆண்டுகளில் 200-க்கும் மேற்பட்ட அரசு பள்ளிகளை திமுக அரசு மூடியதாக விஜய் கூறுகிறார் . ஆனால் தமிழ்நாடு அரசின் கல்வித் துறை வெளியிட்டுள்ள udise+ தரவுகளின்படி , அதிகாரப்பூர்வ புள்ளிவிவரங்கள் அந்தக் கூற்றை ஆதரிக்கவில்லை . அரசுத் தரவுகளின்படி , 2019–20 ஆம் ஆண்டில் 37,579 ஆக இருந்த அரசு பள்ளிகளின் எண்ணிக்கை , 2023–24 ஆம் ஆண்டில் 37,672 ஆக உயர்ந்துள்ளது . இதன் மூலம் கடந்த ஐந்து ஆண்டுகளில் தமிழ்நாட்டில் நிகரமாக 93 அரசு பள்ளிகள் கூடுதலாக செயல்பாட்டில் வந்துள்ளன என்பது தெளிவாகிறது . பத்தாண்டு காலப் போக்கை நோக்கினால் , 2016–17 ஆம் ஆண்டில் அதிகபட்சமாக 38,307 அரசு பள்ளிகள் இருந்துள்ளன . அதன் பின்னர் அதிமுக ஆட்சிக்காலத்தில் , குறிப்பாக எடப்பாடி பழனிசாமி முதல்வராக இருந்த காலத்தில் , பள்ளிகளின் எண்ணிக்கையில் சிறிய சரிவு ஏற்பட்டது . ஆனால் 2020–21 முதல் இந்த எண்ணிக்கை மீண்டும் நிலையான உயர்வை நோக்கி நகர்கிறது . அரசு வெளியிட்டுள்ள ஆண்டுவாரியான தரவுகள் : : small_blue_diamond:2019–20 : 37,579 பள்ளிகள் : small_blue_diamond:2020–21 : 37,589 பள்ளிகள் : small_blue_diamond:2021–22 : 37,636 பள்ளிகள் : small_blue_diamond:2022–23 : 37,658 பள்ளிகள் : small_blue_diamond:2023–24 : 37,672 பள்ளிகள் இந்த எண்ணிக்கைகள் , தமிழ்நாடு அரசு கல்வித் துறைக்கு வழங்கும் முக்கியத்துவத்தையும் , குறிப்பாக கிராமப்புறம் மற்றும் பின்தங்கிய பகுதிகளில் கல்வி வசதிகளை விரிவுபடுத்தும் முயற்சிகளையும் வெளிப்படுத்துகின்றன . பள்ளிகளின் எண்ணிக்கையை அதிகரிப்பதோடு சேர்த்து , உள்கட்டமைப்பு மேம்பாட்டின் மூலம் அரசுப் பள்ளிகளின் தரமும் தொடர்ச்சியாக உயர்த்தப்பட்டு வருகிறது . அதற்கான தெளிவான பிரதிபலிப்பாக , 2025–26 கல்வி ஆண்டில் தமிழ்நாடு அரசுப் பள்ளிகளில் சுமார் 4.07 லட்சம் மாணவர்கள் புதிதாக சேர்ந்துள்ளனர் . இது கடந்த கல்வி ஆண்டின் ( 3.2 லட்சம் ) சேர்க்கையை விட குறிப்பிடத்தக்க அளவில் அதிகம் . அரசுப் பள்ளிகளின் மீதான நம்பிக்கை மீண்டும் வலுப்பெற்று வருவதை இந்த மாணவர் சேர்க்கை உயர்வு உறுதிப்படுத்துகிறது . மேலும் , சில அரசு பள்ளிகள் “ மூடப்படுவது ” என்பது முழுமையான பள்ளி ஒழிப்பு நடவடிக்கையாகப் பொருள் கொள்ள முடியாது . நீண்ட காலமாக ஒரு மாணவர் கூட சேராத , பூஜ்ஜியச் சேர்க்கை ( zero enrolment ) கொண்ட பள்ளிகள் தற்காலிகமாக மூடப்பட்டு அருகிலுள்ள பள்ளிகளுடன் இணைக்கப்படுவது பல ஆண்டுகளாக நடைமுறையில் உள்ள நிர்வாக செயல்முறைதான் . ஒரு பக்கம் மாணவர் இல்லாத பள்ளிகள் மூடப்பட்டாலும் , மறுபக்கம் மக்கள் நடமாட்டம் உள்ள பகுதிகளில் புதிய பள்ளிகள் திறக்கப்படுவதால் தமிழ்நாட்டில் அரசுப் பள்ளிகளின் எண்ணிக்கை நிலையாகவோ அல்லது அதிகரித்தோ தான் உள்ளது . அதாவது , இது குறைப்புச் செயல்முறை அல்ல ; தேவைக்கு ஏற்ப பள்ளி வலையமைப்பை சீரமைக்கும் நிர்வாக நடவடிக்கை . அதேபோல் , தொடக்கப் பள்ளிகள் நடுநிலைப் பள்ளிகளாகவும் , உயர்நிலைப் பள்ளிகள் மேல்நிலைப் பள்ளிகளாகவும் தரம் உயர்த்தப்படும் போது , பழைய வகைப்பாட்டில் பள்ளிகளின் எண்ணிக்கை குறைவாகத் தோன்றலாம் . மக்கள் தொகை குறைவான பகுதிகள் , போக்குவரத்து வசதி குறைந்த மலைக் கிராமங்கள் மற்றும் புதிய குடியிருப்புப் பகுதிகளில் மாணவர்களின் கல்வி உரிமையை உறுதி செய்ய , புதிய தொடக்கப் பள்ளிகள் தொடங்கப்பட்டுள்ளன . குறிப்பாக , மலைப் பிரதேசங்கள் மற்றும் புதிதாக உருவான குடியிருப்புகளில் அண்மையில் 13 புதிய அரசு பள்ளிகளை தமிழ்நாடு அரசு தொடங்கியுள்ளது . சில இடங்களில் மாணவர் சேர்க்கை இல்லாத பள்ளிகள் மூடப்பட்டாலும் , புதிய பள்ளிகள் தொடங்கப்பட்டதும் , பல பள்ளிகள் தரம் உயர்த்தப்பட்டதும் காரணமாக மொத்த எண்ணிக்கை நிகரமாக உயர்ந்துள்ளது . இன்று தமிழ்நாடு அரசு பள்ளிகளின் எண்ணிக்கையை உயர்த்துவதோடு மட்டுமல்லாமல் , உள்ள பள்ளிகளின் தர மேம்பாட்டிலும் அதிக கவனம் செலுத்தி வருகிறது . முதலமைச்சரின் காலை உணவுத் திட்டம் , அரசுப் பள்ளி மாணவர்களுக்கான 7.5 % இடஒதுக்கீடு , ஸ்மார்ட் வகுப்பறைகள் உள்ளிட்ட உள்கட்டமைப்பு மேம்பாட்டு திட்டங்கள் அரசுப் பள்ளிகளை மாணவர்கள் விரும்பும் கல்வி நிலையங்களாக மாற்றி வருகின்றன . பள்ளிகளின் எண்ணிக்கையில் ஏற்பட்டுள்ள இந்த சீரான வளர்ச்சியும் , மாணவர் சேர்க்கையில் காணப்படும் கணிசமான உயர்வும் , அடித்தட்டு மாணவர்களுக்கான கல்வி வாய்ப்பு தொடர்ந்து உறுதி செய்யப்படுவதை தெளிவாக காட்டுகிறது . இதையெல்லாம் பார்த்து முடிந்தால் யாராவது விஜய்க்கு இந்த அதிகாரப்பூர்வத் தரவுகளை கொடுத்து , அமைதியாக உட்கார வைத்து புரியவைக்கவும் . அப்படியும் புரியுமாவென்று தெரியவில்லை . ஏனென்றால் facts-க்கும் fiction-க்கும் உள்ள வித்தியாசம் தெரியாத தற்குறி !",DMK,1
"must read ! important ! கடந்த ஐந்து ஆண்டுகளில் 200-க்கும் மேற்பட்ட அரசு பள்ளிகளை திமுக அரசு மூடியதாக விஜய் கூறுகிறார் . ஆனால் தமிழ்நாடு அரசின் கல்வித் துறை வெளியிட்டுள்ள udise+ தரவுகளின்படி , அதிகாரப்பூர்வ புள்ளிவிவரங்கள் அந்தக் கூற்றை ஆதரிக்கவில்லை . அரசுத் தரவுகளின்படி , 2019–20 ஆம் ஆண்டில் 37,579 ஆக இருந்த அரசு பள்ளிகளின் எண்ணிக்கை , 2023–24 ஆம் ஆண்டில் 37,672 ஆக உயர்ந்துள்ளது . இதன் மூலம் கடந்த ஐந்து ஆண்டுகளில் தமிழ்நாட்டில் நிகரமாக 93 அரசு பள்ளிகள் கூடுதலாக செயல்பாட்டில் வந்துள்ளன என்பது தெளிவாகிறது . பத்தாண்டு காலப் போக்கை நோக்கினால் , 2016–17 ஆம் ஆண்டில் அதிகபட்சமாக 38,307 அரசு பள்ளிகள் இருந்துள்ளன . அதன் பின்னர் அதிமுக ஆட்சிக்காலத்தில் , குறிப்பாக எடப்பாடி பழனிசாமி முதல்வராக இருந்த காலத்தில் , பள்ளிகளின் எண்ணிக்கையில் சிறிய சரிவு ஏற்பட்டது . ஆனால் 2020–21 முதல் இந்த எண்ணிக்கை மீண்டும் நிலையான உயர்வை நோக்கி நகர்கிறது . அரசு வெளியிட்டுள்ள ஆண்டுவாரியான தரவுகள் : : small_blue_diamond:2019–20 : 37,579 பள்ளிகள் : small_blue_diamond:2020–21 : 37,589 பள்ளிகள் : small_blue_diamond:2021–22 : 37,636 பள்ளிகள் : small_blue_diamond:2022–23 : 37,658 பள்ளிகள் : small_blue_diamond:2023–24 : 37,672 பள்ளிகள் இந்த எண்ணிக்கைகள் , தமிழ்நாடு அரசு கல்வித் துறைக்கு வழங்கும் முக்கியத்துவத்தையும் , குறிப்பாக கிராமப்புறம் மற்றும் பின்தங்கிய பகுதிகளில் கல்வி வசதிகளை விரிவுபடுத்தும் முயற்சிகளையும் வெளிப்படுத்துகின்றன . பள்ளிகளின் எண்ணிக்கையை அதிகரிப்பதோடு சேர்த்து , உள்கட்டமைப்பு மேம்பாட்டின் மூலம் அரசுப் பள்ளிகளின் தரமும் தொடர்ச்சியாக உயர்த்தப்பட்டு வருகிறது . அதற்கான தெளிவான பிரதிபலிப்பாக , 2025–26 கல்வி ஆண்டில் தமிழ்நாடு அரசுப் பள்ளிகளில் சுமார் 4.07 லட்சம் மாணவர்கள் புதிதாக சேர்ந்துள்ளனர் . இது கடந்த கல்வி ஆண்டின் ( 3.2 லட்சம் ) சேர்க்கையை விட குறிப்பிடத்தக்க அளவில் அதிகம் . அரசுப் பள்ளிகளின் மீதான நம்பிக்கை மீண்டும் வலுப்பெற்று வருவதை இந்த மாணவர் சேர்க்கை உயர்வு உறுதிப்படுத்துகிறது . மேலும் , சில அரசு பள்ளிகள் “ மூடப்படுவது ” என்பது முழுமையான பள்ளி ஒழிப்பு நடவடிக்கையாகப் பொருள் கொள்ள முடியாது . நீண்ட காலமாக ஒரு மாணவர் கூட சேராத , பூஜ்ஜியச் சேர்க்கை ( zero enrolment ) கொண்ட பள்ளிகள் தற்காலிகமாக மூடப்பட்டு அருகிலுள்ள பள்ளிகளுடன் இணைக்கப்படுவது பல ஆண்டுகளாக நடைமுறையில் உள்ள நிர்வாக செயல்முறைதான் . ஒரு பக்கம் மாணவர் இல்லாத பள்ளிகள் மூடப்பட்டாலும் , மறுபக்கம் மக்கள் நடமாட்டம் உள்ள பகுதிகளில் புதிய பள்ளிகள் திறக்கப்படுவதால் தமிழ்நாட்டில் அரசுப் பள்ளிகளின் எண்ணிக்கை நிலையாகவோ அல்லது அதிகரித்தோ தான் உள்ளது . அதாவது , இது குறைப்புச் செயல்முறை அல்ல ; தேவைக்கு ஏற்ப பள்ளி வலையமைப்பை சீரமைக்கும் நிர்வாக நடவடிக்கை . அதேபோல் , தொடக்கப் பள்ளிகள் நடுநிலைப் பள்ளிகளாகவும் , உயர்நிலைப் பள்ளிகள் மேல்நிலைப் பள்ளிகளாகவும் தரம் உயர்த்தப்படும் போது , பழைய வகைப்பாட்டில் பள்ளிகளின் எண்ணிக்கை குறைவாகத் தோன்றலாம் . மக்கள் தொகை குறைவான பகுதிகள் , போக்குவரத்து வசதி குறைந்த மலைக் கிராமங்கள் மற்றும் புதிய குடியிருப்புப் பகுதிகளில் மாணவர்களின் கல்வி உரிமையை உறுதி செய்ய , புதிய தொடக்கப் பள்ளிகள் தொடங்கப்பட்டுள்ளன . குறிப்பாக , மலைப் பிரதேசங்கள் மற்றும் புதிதாக உருவான குடியிருப்புகளில் அண்மையில் 13 புதிய அரசு பள்ளிகளை தமிழ்நாடு அரசு தொடங்கியுள்ளது . சில இடங்களில் மாணவர் சேர்க்கை இல்லாத பள்ளிகள் மூடப்பட்டாலும் , புதிய பள்ளிகள் தொடங்கப்பட்டதும் , பல பள்ளிகள் தரம் உயர்த்தப்பட்டதும் காரணமாக மொத்த எண்ணிக்கை நிகரமாக உயர்ந்துள்ளது . இன்று தமிழ்நாடு அரசு பள்ளிகளின் எண்ணிக்கையை உயர்த்துவதோடு மட்டுமல்லாமல் , உள்ள பள்ளிகளின் தர மேம்பாட்டிலும் அதிக கவனம் செலுத்தி வருகிறது . முதலமைச்சரின் காலை உணவுத் திட்டம் , அரசுப் பள்ளி மாணவர்களுக்கான 7.5 % இடஒதுக்கீடு , ஸ்மார்ட் வகுப்பறைகள் உள்ளிட்ட உள்கட்டமைப்பு மேம்பாட்டு திட்டங்கள் அரசுப் பள்ளிகளை மாணவர்கள் விரும்பும் கல்வி நிலையங்களாக மாற்றி வருகின்றன . பள்ளிகளின் எண்ணிக்கையில் ஏற்பட்டுள்ள இந்த சீரான வளர்ச்சியும் , மாணவர் சேர்க்கையில் காணப்படும் கணிசமான உயர்வும் , அடித்தட்டு மாணவர்களுக்கான கல்வி வாய்ப்பு தொடர்ந்து உறுதி செய்யப்படுவதை தெளிவாக காட்டுகிறது . இதையெல்லாம் பார்த்து முடிந்தால் யாராவது விஜய்க்கு இந்த அதிகாரப்பூர்வத் தரவுகளை கொடுத்து , அமைதியாக உட்கார வைத்து புரியவைக்கவும் . அப்படியும் புரியுமாவென்று தெரியவில்லை . ஏனென்றால் facts-க்கும் fiction-க்கும் உள்ள வித்தியாசம் தெரியாத தற்குறி !",NTK,0
"must read ! important ! கடந்த ஐந்து ஆண்டுகளில் 200-க்கும் மேற்பட்ட அரசு பள்ளிகளை திமுக அரசு மூடியதாக விஜய் கூறுகிறார் . ஆனால் தமிழ்நாடு அரசின் கல்வித் துறை வெளியிட்டுள்ள udise+ தரவுகளின்படி , அதிகாரப்பூர்வ புள்ளிவிவரங்கள் அந்தக் கூற்றை ஆதரிக்கவில்லை . அரசுத் தரவுகளின்படி , 2019–20 ஆம் ஆண்டில் 37,579 ஆக இருந்த அரசு பள்ளிகளின் எண்ணிக்கை , 2023–24 ஆம் ஆண்டில் 37,672 ஆக உயர்ந்துள்ளது . இதன் மூலம் கடந்த ஐந்து ஆண்டுகளில் தமிழ்நாட்டில் நிகரமாக 93 அரசு பள்ளிகள் கூடுதலாக செயல்பாட்டில் வந்துள்ளன என்பது தெளிவாகிறது . பத்தாண்டு காலப் போக்கை நோக்கினால் , 2016–17 ஆம் ஆண்டில் அதிகபட்சமாக 38,307 அரசு பள்ளிகள் இருந்துள்ளன . அதன் பின்னர் அதிமுக ஆட்சிக்காலத்தில் , குறிப்பாக எடப்பாடி பழனிசாமி முதல்வராக இருந்த காலத்தில் , பள்ளிகளின் எண்ணிக்கையில் சிறிய சரிவு ஏற்பட்டது . ஆனால் 2020–21 முதல் இந்த எண்ணிக்கை மீண்டும் நிலையான உயர்வை நோக்கி நகர்கிறது . அரசு வெளியிட்டுள்ள ஆண்டுவாரியான தரவுகள் : : small_blue_diamond:2019–20 : 37,579 பள்ளிகள் : small_blue_diamond:2020–21 : 37,589 பள்ளிகள் : small_blue_diamond:2021–22 : 37,636 பள்ளிகள் : small_blue_diamond:2022–23 : 37,658 பள்ளிகள் : small_blue_diamond:2023–24 : 37,672 பள்ளிகள் இந்த எண்ணிக்கைகள் , தமிழ்நாடு அரசு கல்வித் துறைக்கு வழங்கும் முக்கியத்துவத்தையும் , குறிப்பாக கிராமப்புறம் மற்றும் பின்தங்கிய பகுதிகளில் கல்வி வசதிகளை விரிவுபடுத்தும் முயற்சிகளையும் வெளிப்படுத்துகின்றன . பள்ளிகளின் எண்ணிக்கையை அதிகரிப்பதோடு சேர்த்து , உள்கட்டமைப்பு மேம்பாட்டின் மூலம் அரசுப் பள்ளிகளின் தரமும் தொடர்ச்சியாக உயர்த்தப்பட்டு வருகிறது . அதற்கான தெளிவான பிரதிபலிப்பாக , 2025–26 கல்வி ஆண்டில் தமிழ்நாடு அரசுப் பள்ளிகளில் சுமார் 4.07 லட்சம் மாணவர்கள் புதிதாக சேர்ந்துள்ளனர் . இது கடந்த கல்வி ஆண்டின் ( 3.2 லட்சம் ) சேர்க்கையை விட குறிப்பிடத்தக்க அளவில் அதிகம் . அரசுப் பள்ளிகளின் மீதான நம்பிக்கை மீண்டும் வலுப்பெற்று வருவதை இந்த மாணவர் சேர்க்கை உயர்வு உறுதிப்படுத்துகிறது . மேலும் , சில அரசு பள்ளிகள் “ மூடப்படுவது ” என்பது முழுமையான பள்ளி ஒழிப்பு நடவடிக்கையாகப் பொருள் கொள்ள முடியாது . நீண்ட காலமாக ஒரு மாணவர் கூட சேராத , பூஜ்ஜியச் சேர்க்கை ( zero enrolment ) கொண்ட பள்ளிகள் தற்காலிகமாக மூடப்பட்டு அருகிலுள்ள பள்ளிகளுடன் இணைக்கப்படுவது பல ஆண்டுகளாக நடைமுறையில் உள்ள நிர்வாக செயல்முறைதான் . ஒரு பக்கம் மாணவர் இல்லாத பள்ளிகள் மூடப்பட்டாலும் , மறுபக்கம் மக்கள் நடமாட்டம் உள்ள பகுதிகளில் புதிய பள்ளிகள் திறக்கப்படுவதால் தமிழ்நாட்டில் அரசுப் பள்ளிகளின் எண்ணிக்கை நிலையாகவோ அல்லது அதிகரித்தோ தான் உள்ளது . அதாவது , இது குறைப்புச் செயல்முறை அல்ல ; தேவைக்கு ஏற்ப பள்ளி வலையமைப்பை சீரமைக்கும் நிர்வாக நடவடிக்கை . அதேபோல் , தொடக்கப் பள்ளிகள் நடுநிலைப் பள்ளிகளாகவும் , உயர்நிலைப் பள்ளிகள் மேல்நிலைப் பள்ளிகளாகவும் தரம் உயர்த்தப்படும் போது , பழைய வகைப்பாட்டில் பள்ளிகளின் எண்ணிக்கை குறைவாகத் தோன்றலாம் . மக்கள் தொகை குறைவான பகுதிகள் , போக்குவரத்து வசதி குறைந்த மலைக் கிராமங்கள் மற்றும் புதிய குடியிருப்புப் பகுதிகளில் மாணவர்களின் கல்வி உரிமையை உறுதி செய்ய , புதிய தொடக்கப் பள்ளிகள் தொடங்கப்பட்டுள்ளன . குறிப்பாக , மலைப் பிரதேசங்கள் மற்றும் புதிதாக உருவான குடியிருப்புகளில் அண்மையில் 13 புதிய அரசு பள்ளிகளை தமிழ்நாடு அரசு தொடங்கியுள்ளது . சில இடங்களில் மாணவர் சேர்க்கை இல்லாத பள்ளிகள் மூடப்பட்டாலும் , புதிய பள்ளிகள் தொடங்கப்பட்டதும் , பல பள்ளிகள் தரம் உயர்த்தப்பட்டதும் காரணமாக மொத்த எண்ணிக்கை நிகரமாக உயர்ந்துள்ளது . இன்று தமிழ்நாடு அரசு பள்ளிகளின் எண்ணிக்கையை உயர்த்துவதோடு மட்டுமல்லாமல் , உள்ள பள்ளிகளின் தர மேம்பாட்டிலும் அதிக கவனம் செலுத்தி வருகிறது . முதலமைச்சரின் காலை உணவுத் திட்டம் , அரசுப் பள்ளி மாணவர்களுக்கான 7.5 % இடஒதுக்கீடு , ஸ்மார்ட் வகுப்பறைகள் உள்ளிட்ட உள்கட்டமைப்பு மேம்பாட்டு திட்டங்கள் அரசுப் பள்ளிகளை மாணவர்கள் விரும்பும் கல்வி நிலையங்களாக மாற்றி வருகின்றன . பள்ளிகளின் எண்ணிக்கையில் ஏற்பட்டுள்ள இந்த சீரான வளர்ச்சியும் , மாணவர் சேர்க்கையில் காணப்படும் கணிசமான உயர்வும் , அடித்தட்டு மாணவர்களுக்கான கல்வி வாய்ப்பு தொடர்ந்து உறுதி செய்யப்படுவதை தெளிவாக காட்டுகிறது . இதையெல்லாம் பார்த்து முடிந்தால் யாராவது விஜய்க்கு இந்த அதிகாரப்பூர்வத் தரவுகளை கொடுத்து , அமைதியாக உட்கார வைத்து புரியவைக்கவும் . அப்படியும் புரியுமாவென்று தெரியவில்லை . ஏனென்றால் facts-க்கும் fiction-க்கும் உள்ள வித்தியாசம் தெரியாத தற்குறி !",TVK,0
"சீமான் களத்தில் இல்லை , அவரை எதிர்க்க மாட்டோம் , அவரை பற்றி பேச மாட்டோம் என மறைமுக விமர்சனம் செய்துள்ளார் விஜய் . ஆனால் அவ்வளவு நேரம் பெயர் சொல்லி திமுக ' வை விமர்சித்ததை விட பெயர் குறிப்பிடாமல் அண்ணன் சீமானை விமர்சித்ததுதான் இன்று பேசுபொருள் . புரிந்துகொள்ளுங்கள் , இந்த ரசிகர்களின் மதிமயங்கிய மோகமும் , ஊடகங்களின் விசுவாசத்தையும் கழித்துவிட்டுப் பார்த்தால் சீமான் அண்ணனின் அரை நிமிட பேச்சுக்கு கூட ஈடல்ல நீங்கள் ! # tvkvijay‌ # seeman",ADMK,0
"சீமான் களத்தில் இல்லை , அவரை எதிர்க்க மாட்டோம் , அவரை பற்றி பேச மாட்டோம் என மறைமுக விமர்சனம் செய்துள்ளார் விஜய் . ஆனால் அவ்வளவு நேரம் பெயர் சொல்லி திமுக ' வை விமர்சித்ததை விட பெயர் குறிப்பிடாமல் அண்ணன் சீமானை விமர்சித்ததுதான் இன்று பேசுபொருள் . புரிந்துகொள்ளுங்கள் , இந்த ரசிகர்களின் மதிமயங்கிய மோகமும் , ஊடகங்களின் விசுவாசத்தையும் கழித்துவிட்டுப் பார்த்தால் சீமான் அண்ணனின் அரை நிமிட பேச்சுக்கு கூட ஈடல்ல நீங்கள் ! # tvkvijay‌ # seeman",BJP,0
"சீமான் களத்தில் இல்லை , அவரை எதிர்க்க மாட்டோம் , அவரை பற்றி பேச மாட்டோம் என மறைமுக விமர்சனம் செய்துள்ளார் விஜய் . ஆனால் அவ்வளவு நேரம் பெயர் சொல்லி திமுக ' வை விமர்சித்ததை விட பெயர் குறிப்பிடாமல் அண்ணன் சீமானை விமர்சித்ததுதான் இன்று பேசுபொருள் . புரிந்துகொள்ளுங்கள் , இந்த ரசிகர்களின் மதிமயங்கிய மோகமும் , ஊடகங்களின் விசுவாசத்தையும் கழித்துவிட்டுப் பார்த்தால் சீமான் அண்ணனின் அரை நிமிட பேச்சுக்கு கூட ஈடல்ல நீங்கள் ! # tvkvijay‌ # seeman",Congress,0
"சீமான் களத்தில் இல்லை , அவரை எதிர்க்க மாட்டோம் , அவரை பற்றி பேச மாட்டோம் என மறைமுக விமர்சனம் செய்துள்ளார் விஜய் . ஆனால் அவ்வளவு நேரம் பெயர் சொல்லி திமுக ' வை விமர்சித்ததை விட பெயர் குறிப்பிடாமல் அண்ணன் சீமானை விமர்சித்ததுதான் இன்று பேசுபொருள் . புரிந்துகொள்ளுங்கள் , இந்த ரசிகர்களின் மதிமயங்கிய மோகமும் , ஊடகங்களின் விசுவாசத்தையும் கழித்துவிட்டுப் பார்த்தால் சீமான் அண்ணனின் அரை நிமிட பேச்சுக்கு கூட ஈடல்ல நீங்கள் ! # tvkvijay‌ # seeman",DMK,1
"சீமான் களத்தில் இல்லை , அவரை எதிர்க்க மாட்டோம் , அவரை பற்றி பேச மாட்டோம் என மறைமுக விமர்சனம் செய்துள்ளார் விஜய் . ஆனால் அவ்வளவு நேரம் பெயர் சொல்லி திமுக ' வை விமர்சித்ததை விட பெயர் குறிப்பிடாமல் அண்ணன் சீமானை விமர்சித்ததுதான் இன்று பேசுபொருள் . புரிந்துகொள்ளுங்கள் , இந்த ரசிகர்களின் மதிமயங்கிய மோகமும் , ஊடகங்களின் விசுவாசத்தையும் கழித்துவிட்டுப் பார்த்தால் சீமான் அண்ணனின் அரை நிமிட பேச்சுக்கு கூட ஈடல்ல நீங்கள் ! # tvkvijay‌ # seeman",NTK,1
"சீமான் களத்தில் இல்லை , அவரை எதிர்க்க மாட்டோம் , அவரை பற்றி பேச மாட்டோம் என மறைமுக விமர்சனம் செய்துள்ளார் விஜய் . ஆனால் அவ்வளவு நேரம் பெயர் சொல்லி திமுக ' வை விமர்சித்ததை விட பெயர் குறிப்பிடாமல் அண்ணன் சீமானை விமர்சித்ததுதான் இன்று பேசுபொருள் . புரிந்துகொள்ளுங்கள் , இந்த ரசிகர்களின் மதிமயங்கிய மோகமும் , ஊடகங்களின் விசுவாசத்தையும் கழித்துவிட்டுப் பார்த்தால் சீமான் அண்ணனின் அரை நிமிட பேச்சுக்கு கூட ஈடல்ல நீங்கள் ! # tvkvijay‌ # seeman",TVK,1
"watch # thesouthernview | `` dmk evil , tvk pure '' : vijay 's big political return karur tragedy @ tmvraghav @ vasudha156 @ dharanvija47684",ADMK,0
"watch # thesouthernview | `` dmk evil , tvk pure '' : vijay 's big political return karur tragedy @ tmvraghav @ vasudha156 @ dharanvija47684",BJP,0
"watch # thesouthernview | `` dmk evil , tvk pure '' : vijay 's big political return karur tragedy @ tmvraghav @ vasudha156 @ dharanvija47684",Congress,0
"watch # thesouthernview | `` dmk evil , tvk pure '' : vijay 's big political return karur tragedy @ tmvraghav @ vasudha156 @ dharanvija47684",DMK,1
"watch # thesouthernview | `` dmk evil , tvk pure '' : vijay 's big political return karur tragedy @ tmvraghav @ vasudha156 @ dharanvija47684",NTK,0
"watch # thesouthernview | `` dmk evil , tvk pure '' : vijay 's big political return karur tragedy @ tmvraghav @ vasudha156 @ dharanvija47684",TVK,1
"ஈரோடு : தவெக தலைவர் விஜய் பரப்புரையை முடித்துவிட்டு கிளம்பியபோது , விஜயமங்கலம் சுங்கச்சாவடி அருகே விஜயின் காரை சூழ்ந்து நின்று தொண்டர்கள் .. கார் நகர்ந்து செல்ல முடியாமல் மெதுவாக சென்றது # erode | # tvk | # vijay",ADMK,0
"ஈரோடு : தவெக தலைவர் விஜய் பரப்புரையை முடித்துவிட்டு கிளம்பியபோது , விஜயமங்கலம் சுங்கச்சாவடி அருகே விஜயின் காரை சூழ்ந்து நின்று தொண்டர்கள் .. கார் நகர்ந்து செல்ல முடியாமல் மெதுவாக சென்றது # erode | # tvk | # vijay",BJP,0
"ஈரோடு : தவெக தலைவர் விஜய் பரப்புரையை முடித்துவிட்டு கிளம்பியபோது , விஜயமங்கலம் சுங்கச்சாவடி அருகே விஜயின் காரை சூழ்ந்து நின்று தொண்டர்கள் .. கார் நகர்ந்து செல்ல முடியாமல் மெதுவாக சென்றது # erode | # tvk | # vijay",Congress,0
"ஈரோடு : தவெக தலைவர் விஜய் பரப்புரையை முடித்துவிட்டு கிளம்பியபோது , விஜயமங்கலம் சுங்கச்சாவடி அருகே விஜயின் காரை சூழ்ந்து நின்று தொண்டர்கள் .. கார் நகர்ந்து செல்ல முடியாமல் மெதுவாக சென்றது # erode | # tvk | # vijay",DMK,0
"ஈரோடு : தவெக தலைவர் விஜய் பரப்புரையை முடித்துவிட்டு கிளம்பியபோது , விஜயமங்கலம் சுங்கச்சாவடி அருகே விஜயின் காரை சூழ்ந்து நின்று தொண்டர்கள் .. கார் நகர்ந்து செல்ல முடியாமல் மெதுவாக சென்றது # erode | # tvk | # vijay",NTK,0
"ஈரோடு : தவெக தலைவர் விஜய் பரப்புரையை முடித்துவிட்டு கிளம்பியபோது , விஜயமங்கலம் சுங்கச்சாவடி அருகே விஜயின் காரை சூழ்ந்து நின்று தொண்டர்கள் .. கார் நகர்ந்து செல்ல முடியாமல் மெதுவாக சென்றது # erode | # tvk | # vijay",TVK,1
"மற்ற கட்சிகள் நம் கட்சியை பற்றி அவதூறு விமர்சனம் செய்ய , செய்ய நம் # தவெக கட்சி மக்கள் மத்தியில் மிக பலம் ஆகி கொண்டு இருக்கிறது என்பதற்கு எடுத்துக்காட்டு தான் இன்றைய # ஈரோடு கூட்டம் : heart_on_fire : :fire : :fire : thanks tvk haters : smiling_face_with_heart-eyes : :smiling_face_with_heart-eyes :",ADMK,0
"மற்ற கட்சிகள் நம் கட்சியை பற்றி அவதூறு விமர்சனம் செய்ய , செய்ய நம் # தவெக கட்சி மக்கள் மத்தியில் மிக பலம் ஆகி கொண்டு இருக்கிறது என்பதற்கு எடுத்துக்காட்டு தான் இன்றைய # ஈரோடு கூட்டம் : heart_on_fire : :fire : :fire : thanks tvk haters : smiling_face_with_heart-eyes : :smiling_face_with_heart-eyes :",BJP,0
"மற்ற கட்சிகள் நம் கட்சியை பற்றி அவதூறு விமர்சனம் செய்ய , செய்ய நம் # தவெக கட்சி மக்கள் மத்தியில் மிக பலம் ஆகி கொண்டு இருக்கிறது என்பதற்கு எடுத்துக்காட்டு தான் இன்றைய # ஈரோடு கூட்டம் : heart_on_fire : :fire : :fire : thanks tvk haters : smiling_face_with_heart-eyes : :smiling_face_with_heart-eyes :",Congress,0
"மற்ற கட்சிகள் நம் கட்சியை பற்றி அவதூறு விமர்சனம் செய்ய , செய்ய நம் # தவெக கட்சி மக்கள் மத்தியில் மிக பலம் ஆகி கொண்டு இருக்கிறது என்பதற்கு எடுத்துக்காட்டு தான் இன்றைய # ஈரோடு கூட்டம் : heart_on_fire : :fire : :fire : thanks tvk haters : smiling_face_with_heart-eyes : :smiling_face_with_heart-eyes :",DMK,0
"மற்ற கட்சிகள் நம் கட்சியை பற்றி அவதூறு விமர்சனம் செய்ய , செய்ய நம் # தவெக கட்சி மக்கள் மத்தியில் மிக பலம் ஆகி கொண்டு இருக்கிறது என்பதற்கு எடுத்துக்காட்டு தான் இன்றைய # ஈரோடு கூட்டம் : heart_on_fire : :fire : :fire : thanks tvk haters : smiling_face_with_heart-eyes : :smiling_face_with_heart-eyes :",NTK,0
"மற்ற கட்சிகள் நம் கட்சியை பற்றி அவதூறு விமர்சனம் செய்ய , செய்ய நம் # தவெக கட்சி மக்கள் மத்தியில் மிக பலம் ஆகி கொண்டு இருக்கிறது என்பதற்கு எடுத்துக்காட்டு தான் இன்றைய # ஈரோடு கூட்டம் : heart_on_fire : :fire : :fire : thanks tvk haters : smiling_face_with_heart-eyes : :smiling_face_with_heart-eyes :",TVK,1
"பெண்கள் வாழ்வு சிறக்க , அவர்களின் இலட்சியக் கனவுகளை நோக்கிச் சிறகடிக்க அனைத்து வகையிலும் திராவிட மாடல் அரசு துணை நிற்கிறது . மாண்புமிகு முதலமைச்சர் திரு @ mkstalin அவர்கள் எண்ணற்ற மகளிர் நலத்திட்டங்களை செயல்படுத்தி வருகிறார் ; இனியும் செயல்படுத்துவார் ! # வெல்லும்_தமிழ்ப்_பெண்கள்",ADMK,0
"பெண்கள் வாழ்வு சிறக்க , அவர்களின் இலட்சியக் கனவுகளை நோக்கிச் சிறகடிக்க அனைத்து வகையிலும் திராவிட மாடல் அரசு துணை நிற்கிறது . மாண்புமிகு முதலமைச்சர் திரு @ mkstalin அவர்கள் எண்ணற்ற மகளிர் நலத்திட்டங்களை செயல்படுத்தி வருகிறார் ; இனியும் செயல்படுத்துவார் ! # வெல்லும்_தமிழ்ப்_பெண்கள்",BJP,0
"பெண்கள் வாழ்வு சிறக்க , அவர்களின் இலட்சியக் கனவுகளை நோக்கிச் சிறகடிக்க அனைத்து வகையிலும் திராவிட மாடல் அரசு துணை நிற்கிறது . மாண்புமிகு முதலமைச்சர் திரு @ mkstalin அவர்கள் எண்ணற்ற மகளிர் நலத்திட்டங்களை செயல்படுத்தி வருகிறார் ; இனியும் செயல்படுத்துவார் ! # வெல்லும்_தமிழ்ப்_பெண்கள்",Congress,0
"பெண்கள் வாழ்வு சிறக்க , அவர்களின் இலட்சியக் கனவுகளை நோக்கிச் சிறகடிக்க அனைத்து வகையிலும் திராவிட மாடல் அரசு துணை நிற்கிறது . மாண்புமிகு முதலமைச்சர் திரு @ mkstalin அவர்கள் எண்ணற்ற மகளிர் நலத்திட்டங்களை செயல்படுத்தி வருகிறார் ; இனியும் செயல்படுத்துவார் ! # வெல்லும்_தமிழ்ப்_பெண்கள்",DMK,1
"பெண்கள் வாழ்வு சிறக்க , அவர்களின் இலட்சியக் கனவுகளை நோக்கிச் சிறகடிக்க அனைத்து வகையிலும் திராவிட மாடல் அரசு துணை நிற்கிறது . மாண்புமிகு முதலமைச்சர் திரு @ mkstalin அவர்கள் எண்ணற்ற மகளிர் நலத்திட்டங்களை செயல்படுத்தி வருகிறார் ; இனியும் செயல்படுத்துவார் ! # வெல்லும்_தமிழ்ப்_பெண்கள்",NTK,0
"பெண்கள் வாழ்வு சிறக்க , அவர்களின் இலட்சியக் கனவுகளை நோக்கிச் சிறகடிக்க அனைத்து வகையிலும் திராவிட மாடல் அரசு துணை நிற்கிறது . மாண்புமிகு முதலமைச்சர் திரு @ mkstalin அவர்கள் எண்ணற்ற மகளிர் நலத்திட்டங்களை செயல்படுத்தி வருகிறார் ; இனியும் செயல்படுத்துவார் ! # வெல்லும்_தமிழ்ப்_பெண்கள்",TVK,0
திமுக எதிர்ப்பை மேலும் கூர்மைபடுத்தி உள்ளார் விஜய் : fire : பிரதான அதிமுக இடத்தை பிடிக்க நெனக்கிறார் களத்தில் இல்லாத bjp எதற்கு எதிர்க்கணும் ? ? தேர்தல் நெருக்கத்தில் பாத்துக்கலாம் நெனக்கிறார் சரியான அரசியல் நோக்கி தான் பயணிக்கிறார் : thumbs_up_medium-dark_skin_tone : journalist - சபீர் @ tvkvijayhq,ADMK,1
திமுக எதிர்ப்பை மேலும் கூர்மைபடுத்தி உள்ளார் விஜய் : fire : பிரதான அதிமுக இடத்தை பிடிக்க நெனக்கிறார் களத்தில் இல்லாத bjp எதற்கு எதிர்க்கணும் ? ? தேர்தல் நெருக்கத்தில் பாத்துக்கலாம் நெனக்கிறார் சரியான அரசியல் நோக்கி தான் பயணிக்கிறார் : thumbs_up_medium-dark_skin_tone : journalist - சபீர் @ tvkvijayhq,BJP,1
திமுக எதிர்ப்பை மேலும் கூர்மைபடுத்தி உள்ளார் விஜய் : fire : பிரதான அதிமுக இடத்தை பிடிக்க நெனக்கிறார் களத்தில் இல்லாத bjp எதற்கு எதிர்க்கணும் ? ? தேர்தல் நெருக்கத்தில் பாத்துக்கலாம் நெனக்கிறார் சரியான அரசியல் நோக்கி தான் பயணிக்கிறார் : thumbs_up_medium-dark_skin_tone : journalist - சபீர் @ tvkvijayhq,Congress,0
திமுக எதிர்ப்பை மேலும் கூர்மைபடுத்தி உள்ளார் விஜய் : fire : பிரதான அதிமுக இடத்தை பிடிக்க நெனக்கிறார் களத்தில் இல்லாத bjp எதற்கு எதிர்க்கணும் ? ? தேர்தல் நெருக்கத்தில் பாத்துக்கலாம் நெனக்கிறார் சரியான அரசியல் நோக்கி தான் பயணிக்கிறார் : thumbs_up_medium-dark_skin_tone : journalist - சபீர் @ tvkvijayhq,DMK,1
திமுக எதிர்ப்பை மேலும் கூர்மைபடுத்தி உள்ளார் விஜய் : fire : பிரதான அதிமுக இடத்தை பிடிக்க நெனக்கிறார் களத்தில் இல்லாத bjp எதற்கு எதிர்க்கணும் ? ? தேர்தல் நெருக்கத்தில் பாத்துக்கலாம் நெனக்கிறார் சரியான அரசியல் நோக்கி தான் பயணிக்கிறார் : thumbs_up_medium-dark_skin_tone : journalist - சபீர் @ tvkvijayhq,NTK,0
திமுக எதிர்ப்பை மேலும் கூர்மைபடுத்தி உள்ளார் விஜய் : fire : பிரதான அதிமுக இடத்தை பிடிக்க நெனக்கிறார் களத்தில் இல்லாத bjp எதற்கு எதிர்க்கணும் ? ? தேர்தல் நெருக்கத்தில் பாத்துக்கலாம் நெனக்கிறார் சரியான அரசியல் நோக்கி தான் பயணிக்கிறார் : thumbs_up_medium-dark_skin_tone : journalist - சபீர் @ tvkvijayhq,TVK,0
`` நாங்க மாற்றத்தை எதிர்பாக்குறோம் ... பேசுறவங்க என்ன வேணா பேசட்டும் ஆனா நாங்க விஜய் அண்ணா கூட தான் இருக்கோம் .. '' கொங்கு மண்டலத்திற்கு முதல் முறையாக வருகை தரும் விஜய் .. பெண் தொண்டர் உற்சாக பேட்டி # erode | # vijayamangalam | # tvk | # tvkvijay | # tvkleadervijay | # vijaymakkalsanthippu | # polimernews,ADMK,0
`` நாங்க மாற்றத்தை எதிர்பாக்குறோம் ... பேசுறவங்க என்ன வேணா பேசட்டும் ஆனா நாங்க விஜய் அண்ணா கூட தான் இருக்கோம் .. '' கொங்கு மண்டலத்திற்கு முதல் முறையாக வருகை தரும் விஜய் .. பெண் தொண்டர் உற்சாக பேட்டி # erode | # vijayamangalam | # tvk | # tvkvijay | # tvkleadervijay | # vijaymakkalsanthippu | # polimernews,BJP,0
`` நாங்க மாற்றத்தை எதிர்பாக்குறோம் ... பேசுறவங்க என்ன வேணா பேசட்டும் ஆனா நாங்க விஜய் அண்ணா கூட தான் இருக்கோம் .. '' கொங்கு மண்டலத்திற்கு முதல் முறையாக வருகை தரும் விஜய் .. பெண் தொண்டர் உற்சாக பேட்டி # erode | # vijayamangalam | # tvk | # tvkvijay | # tvkleadervijay | # vijaymakkalsanthippu | # polimernews,Congress,0
`` நாங்க மாற்றத்தை எதிர்பாக்குறோம் ... பேசுறவங்க என்ன வேணா பேசட்டும் ஆனா நாங்க விஜய் அண்ணா கூட தான் இருக்கோம் .. '' கொங்கு மண்டலத்திற்கு முதல் முறையாக வருகை தரும் விஜய் .. பெண் தொண்டர் உற்சாக பேட்டி # erode | # vijayamangalam | # tvk | # tvkvijay | # tvkleadervijay | # vijaymakkalsanthippu | # polimernews,DMK,0
`` நாங்க மாற்றத்தை எதிர்பாக்குறோம் ... பேசுறவங்க என்ன வேணா பேசட்டும் ஆனா நாங்க விஜய் அண்ணா கூட தான் இருக்கோம் .. '' கொங்கு மண்டலத்திற்கு முதல் முறையாக வருகை தரும் விஜய் .. பெண் தொண்டர் உற்சாக பேட்டி # erode | # vijayamangalam | # tvk | # tvkvijay | # tvkleadervijay | # vijaymakkalsanthippu | # polimernews,NTK,0
`` நாங்க மாற்றத்தை எதிர்பாக்குறோம் ... பேசுறவங்க என்ன வேணா பேசட்டும் ஆனா நாங்க விஜய் அண்ணா கூட தான் இருக்கோம் .. '' கொங்கு மண்டலத்திற்கு முதல் முறையாக வருகை தரும் விஜய் .. பெண் தொண்டர் உற்சாக பேட்டி # erode | # vijayamangalam | # tvk | # tvkvijay | # tvkleadervijay | # vijaymakkalsanthippu | # polimernews,TVK,1
நோவ் நீங்க வேற மாதிரி நா : collision : :flexed_biceps_light_skin_tone : # thalapathyvijay # thalapathy # tvkvijay # tvk # viral,ADMK,0
நோவ் நீங்க வேற மாதிரி நா : collision : :flexed_biceps_light_skin_tone : # thalapathyvijay # thalapathy # tvkvijay # tvk # viral,BJP,0
நோவ் நீங்க வேற மாதிரி நா : collision : :flexed_biceps_light_skin_tone : # thalapathyvijay # thalapathy # tvkvijay # tvk # viral,Congress,0
நோவ் நீங்க வேற மாதிரி நா : collision : :flexed_biceps_light_skin_tone : # thalapathyvijay # thalapathy # tvkvijay # tvk # viral,DMK,0
நோவ் நீங்க வேற மாதிரி நா : collision : :flexed_biceps_light_skin_tone : # thalapathyvijay # thalapathy # tvkvijay # tvk # viral,NTK,0
நோவ் நீங்க வேற மாதிரி நா : collision : :flexed_biceps_light_skin_tone : # thalapathyvijay # thalapathy # tvkvijay # tvk # viral,TVK,1
இவர் டூப்புப் போட்டு திரையில் நடித்த நடிகன் இல்லை ! மக்களின் அன்பைப் பெற்ற தமிழகத்தின் நாளைய நம்பிக்கை : hand_with_index_finger_and_thumb_crossed : :OK_hand : # மல : flexed_biceps : :fire : # annamalai @ annamalai_k,ADMK,0
இவர் டூப்புப் போட்டு திரையில் நடித்த நடிகன் இல்லை ! மக்களின் அன்பைப் பெற்ற தமிழகத்தின் நாளைய நம்பிக்கை : hand_with_index_finger_and_thumb_crossed : :OK_hand : # மல : flexed_biceps : :fire : # annamalai @ annamalai_k,BJP,1
இவர் டூப்புப் போட்டு திரையில் நடித்த நடிகன் இல்லை ! மக்களின் அன்பைப் பெற்ற தமிழகத்தின் நாளைய நம்பிக்கை : hand_with_index_finger_and_thumb_crossed : :OK_hand : # மல : flexed_biceps : :fire : # annamalai @ annamalai_k,Congress,0
இவர் டூப்புப் போட்டு திரையில் நடித்த நடிகன் இல்லை ! மக்களின் அன்பைப் பெற்ற தமிழகத்தின் நாளைய நம்பிக்கை : hand_with_index_finger_and_thumb_crossed : :OK_hand : # மல : flexed_biceps : :fire : # annamalai @ annamalai_k,DMK,0
இவர் டூப்புப் போட்டு திரையில் நடித்த நடிகன் இல்லை ! மக்களின் அன்பைப் பெற்ற தமிழகத்தின் நாளைய நம்பிக்கை : hand_with_index_finger_and_thumb_crossed : :OK_hand : # மல : flexed_biceps : :fire : # annamalai @ annamalai_k,NTK,0
இவர் டூப்புப் போட்டு திரையில் நடித்த நடிகன் இல்லை ! மக்களின் அன்பைப் பெற்ற தமிழகத்தின் நாளைய நம்பிக்கை : hand_with_index_finger_and_thumb_crossed : :OK_hand : # மல : flexed_biceps : :fire : # annamalai @ annamalai_k,TVK,1
kerala turning towards bhagwa tamil nadu & amp ; bengal agenda 2025 ; congratulations @ bjp4keralam : party_popper : superb electoral performance best wishes next decade kerala belongs bjp dedication pace : lotus : jai bharat : India : :red_heart :,ADMK,0
kerala turning towards bhagwa tamil nadu & amp ; bengal agenda 2025 ; congratulations @ bjp4keralam : party_popper : superb electoral performance best wishes next decade kerala belongs bjp dedication pace : lotus : jai bharat : India : :red_heart :,BJP,1
kerala turning towards bhagwa tamil nadu & amp ; bengal agenda 2025 ; congratulations @ bjp4keralam : party_popper : superb electoral performance best wishes next decade kerala belongs bjp dedication pace : lotus : jai bharat : India : :red_heart :,Congress,0
kerala turning towards bhagwa tamil nadu & amp ; bengal agenda 2025 ; congratulations @ bjp4keralam : party_popper : superb electoral performance best wishes next decade kerala belongs bjp dedication pace : lotus : jai bharat : India : :red_heart :,DMK,0
kerala turning towards bhagwa tamil nadu & amp ; bengal agenda 2025 ; congratulations @ bjp4keralam : party_popper : superb electoral performance best wishes next decade kerala belongs bjp dedication pace : lotus : jai bharat : India : :red_heart :,NTK,0
kerala turning towards bhagwa tamil nadu & amp ; bengal agenda 2025 ; congratulations @ bjp4keralam : party_popper : superb electoral performance best wishes next decade kerala belongs bjp dedication pace : lotus : jai bharat : India : :red_heart :,TVK,0
# justin எதிரிகள் யார் என சொல்லிவிட்டு களத்திற்கு வந்துள்ளதால் அவர்களை மட்டும் தான் எதிர்ப்போம் - ஈரோடு பரப்புரைக் கூட்டத்தில் தவெக தலைவர் விஜய் பேச்சு # vijay # tvk # news18tamilnadu |,ADMK,0
# justin எதிரிகள் யார் என சொல்லிவிட்டு களத்திற்கு வந்துள்ளதால் அவர்களை மட்டும் தான் எதிர்ப்போம் - ஈரோடு பரப்புரைக் கூட்டத்தில் தவெக தலைவர் விஜய் பேச்சு # vijay # tvk # news18tamilnadu |,BJP,0
# justin எதிரிகள் யார் என சொல்லிவிட்டு களத்திற்கு வந்துள்ளதால் அவர்களை மட்டும் தான் எதிர்ப்போம் - ஈரோடு பரப்புரைக் கூட்டத்தில் தவெக தலைவர் விஜய் பேச்சு # vijay # tvk # news18tamilnadu |,Congress,0
# justin எதிரிகள் யார் என சொல்லிவிட்டு களத்திற்கு வந்துள்ளதால் அவர்களை மட்டும் தான் எதிர்ப்போம் - ஈரோடு பரப்புரைக் கூட்டத்தில் தவெக தலைவர் விஜய் பேச்சு # vijay # tvk # news18tamilnadu |,DMK,0
# justin எதிரிகள் யார் என சொல்லிவிட்டு களத்திற்கு வந்துள்ளதால் அவர்களை மட்டும் தான் எதிர்ப்போம் - ஈரோடு பரப்புரைக் கூட்டத்தில் தவெக தலைவர் விஜய் பேச்சு # vijay # tvk # news18tamilnadu |,NTK,0
# justin எதிரிகள் யார் என சொல்லிவிட்டு களத்திற்கு வந்துள்ளதால் அவர்களை மட்டும் தான் எதிர்ப்போம் - ஈரோடு பரப்புரைக் கூட்டத்தில் தவெக தலைவர் விஜய் பேச்சு # vijay # tvk # news18tamilnadu |,TVK,1
"மகாத்மா காந்தி தேசிய ஊரக வேலைவாய்ப்பு உறுதித் திட்டத்தை சிதைத்து , பல கோடி கிராமப்புற மக்களின் வாழ்வாதாரத்தை கேள்விக்குறியாக்கும் ஒன்றிய பாஜக அரசின் புதிய சட்ட மசோதாவை கண்டித்து , இந்தியா கூட்டணி கட்சிகளின் நாடாளுமன்ற உறுப்பினர்கள் இணைந்து இன்று நாடாளுமன்றத்தில் நடத்திய போராட்டத்தில் பங்கேற்றபோது . participated today protest parliament india alliance , opposing union bjp government ’ new bill weakens mahatma gandhi national rural employment guarantee scheme threatens income food security crores rural people . # dmkinparliament",ADMK,0
"மகாத்மா காந்தி தேசிய ஊரக வேலைவாய்ப்பு உறுதித் திட்டத்தை சிதைத்து , பல கோடி கிராமப்புற மக்களின் வாழ்வாதாரத்தை கேள்விக்குறியாக்கும் ஒன்றிய பாஜக அரசின் புதிய சட்ட மசோதாவை கண்டித்து , இந்தியா கூட்டணி கட்சிகளின் நாடாளுமன்ற உறுப்பினர்கள் இணைந்து இன்று நாடாளுமன்றத்தில் நடத்திய போராட்டத்தில் பங்கேற்றபோது . participated today protest parliament india alliance , opposing union bjp government ’ new bill weakens mahatma gandhi national rural employment guarantee scheme threatens income food security crores rural people . # dmkinparliament",BJP,1
"மகாத்மா காந்தி தேசிய ஊரக வேலைவாய்ப்பு உறுதித் திட்டத்தை சிதைத்து , பல கோடி கிராமப்புற மக்களின் வாழ்வாதாரத்தை கேள்விக்குறியாக்கும் ஒன்றிய பாஜக அரசின் புதிய சட்ட மசோதாவை கண்டித்து , இந்தியா கூட்டணி கட்சிகளின் நாடாளுமன்ற உறுப்பினர்கள் இணைந்து இன்று நாடாளுமன்றத்தில் நடத்திய போராட்டத்தில் பங்கேற்றபோது . participated today protest parliament india alliance , opposing union bjp government ’ new bill weakens mahatma gandhi national rural employment guarantee scheme threatens income food security crores rural people . # dmkinparliament",Congress,0
"மகாத்மா காந்தி தேசிய ஊரக வேலைவாய்ப்பு உறுதித் திட்டத்தை சிதைத்து , பல கோடி கிராமப்புற மக்களின் வாழ்வாதாரத்தை கேள்விக்குறியாக்கும் ஒன்றிய பாஜக அரசின் புதிய சட்ட மசோதாவை கண்டித்து , இந்தியா கூட்டணி கட்சிகளின் நாடாளுமன்ற உறுப்பினர்கள் இணைந்து இன்று நாடாளுமன்றத்தில் நடத்திய போராட்டத்தில் பங்கேற்றபோது . participated today protest parliament india alliance , opposing union bjp government ’ new bill weakens mahatma gandhi national rural employment guarantee scheme threatens income food security crores rural people . # dmkinparliament",DMK,1
"மகாத்மா காந்தி தேசிய ஊரக வேலைவாய்ப்பு உறுதித் திட்டத்தை சிதைத்து , பல கோடி கிராமப்புற மக்களின் வாழ்வாதாரத்தை கேள்விக்குறியாக்கும் ஒன்றிய பாஜக அரசின் புதிய சட்ட மசோதாவை கண்டித்து , இந்தியா கூட்டணி கட்சிகளின் நாடாளுமன்ற உறுப்பினர்கள் இணைந்து இன்று நாடாளுமன்றத்தில் நடத்திய போராட்டத்தில் பங்கேற்றபோது . participated today protest parliament india alliance , opposing union bjp government ’ new bill weakens mahatma gandhi national rural employment guarantee scheme threatens income food security crores rural people . # dmkinparliament",NTK,0
"மகாத்மா காந்தி தேசிய ஊரக வேலைவாய்ப்பு உறுதித் திட்டத்தை சிதைத்து , பல கோடி கிராமப்புற மக்களின் வாழ்வாதாரத்தை கேள்விக்குறியாக்கும் ஒன்றிய பாஜக அரசின் புதிய சட்ட மசோதாவை கண்டித்து , இந்தியா கூட்டணி கட்சிகளின் நாடாளுமன்ற உறுப்பினர்கள் இணைந்து இன்று நாடாளுமன்றத்தில் நடத்திய போராட்டத்தில் பங்கேற்றபோது . participated today protest parliament india alliance , opposing union bjp government ’ new bill weakens mahatma gandhi national rural employment guarantee scheme threatens income food security crores rural people . # dmkinparliament",TVK,0
கார்த்திகை குளிரிலும் தளபதியைக் காண குவியும் தொண்டர்கள் : collision : உண்மையான அன்பு எதையும் தியாகம் செய்ய வைக்கும் குளிரையும் பொருட்படுத்தாமல் தளபதிக்காக மட்டுமே : smiling_face_with_heart-eyes :,ADMK,0
கார்த்திகை குளிரிலும் தளபதியைக் காண குவியும் தொண்டர்கள் : collision : உண்மையான அன்பு எதையும் தியாகம் செய்ய வைக்கும் குளிரையும் பொருட்படுத்தாமல் தளபதிக்காக மட்டுமே : smiling_face_with_heart-eyes :,BJP,0
கார்த்திகை குளிரிலும் தளபதியைக் காண குவியும் தொண்டர்கள் : collision : உண்மையான அன்பு எதையும் தியாகம் செய்ய வைக்கும் குளிரையும் பொருட்படுத்தாமல் தளபதிக்காக மட்டுமே : smiling_face_with_heart-eyes :,Congress,0
கார்த்திகை குளிரிலும் தளபதியைக் காண குவியும் தொண்டர்கள் : collision : உண்மையான அன்பு எதையும் தியாகம் செய்ய வைக்கும் குளிரையும் பொருட்படுத்தாமல் தளபதிக்காக மட்டுமே : smiling_face_with_heart-eyes :,DMK,0
கார்த்திகை குளிரிலும் தளபதியைக் காண குவியும் தொண்டர்கள் : collision : உண்மையான அன்பு எதையும் தியாகம் செய்ய வைக்கும் குளிரையும் பொருட்படுத்தாமல் தளபதிக்காக மட்டுமே : smiling_face_with_heart-eyes :,NTK,0
கார்த்திகை குளிரிலும் தளபதியைக் காண குவியும் தொண்டர்கள் : collision : உண்மையான அன்பு எதையும் தியாகம் செய்ய வைக்கும் குளிரையும் பொருட்படுத்தாமல் தளபதிக்காக மட்டுமே : smiling_face_with_heart-eyes :,TVK,1
காலை 6 மணிக்கு இப்படி ஒரு கூட்டத்தை காசு கொடுத்து கூட திமுக அதிமுக கட்சிகளால் கூட்ட முடியாது : face_with_tears_of_joy : :face_with_tears_of_joy : :face_with_tears_of_joy : ஈரோடு வரலாறு இனி # thalapathyvijay பெயர் இல்லாமல் இல்ல dot : fire : :fire : :fire : பொதுக்கூட்டம் : cross_mark : :cross_mark : மாநாடு : check_mark_button : :check_mark_button : அறிவிக்கப்படாத மினி மாநாடு : double_exclamation_mark : @ tvkvijayhq : hot_face : :hot_face :,ADMK,1
காலை 6 மணிக்கு இப்படி ஒரு கூட்டத்தை காசு கொடுத்து கூட திமுக அதிமுக கட்சிகளால் கூட்ட முடியாது : face_with_tears_of_joy : :face_with_tears_of_joy : :face_with_tears_of_joy : ஈரோடு வரலாறு இனி # thalapathyvijay பெயர் இல்லாமல் இல்ல dot : fire : :fire : :fire : பொதுக்கூட்டம் : cross_mark : :cross_mark : மாநாடு : check_mark_button : :check_mark_button : அறிவிக்கப்படாத மினி மாநாடு : double_exclamation_mark : @ tvkvijayhq : hot_face : :hot_face :,BJP,0
காலை 6 மணிக்கு இப்படி ஒரு கூட்டத்தை காசு கொடுத்து கூட திமுக அதிமுக கட்சிகளால் கூட்ட முடியாது : face_with_tears_of_joy : :face_with_tears_of_joy : :face_with_tears_of_joy : ஈரோடு வரலாறு இனி # thalapathyvijay பெயர் இல்லாமல் இல்ல dot : fire : :fire : :fire : பொதுக்கூட்டம் : cross_mark : :cross_mark : மாநாடு : check_mark_button : :check_mark_button : அறிவிக்கப்படாத மினி மாநாடு : double_exclamation_mark : @ tvkvijayhq : hot_face : :hot_face :,Congress,0
காலை 6 மணிக்கு இப்படி ஒரு கூட்டத்தை காசு கொடுத்து கூட திமுக அதிமுக கட்சிகளால் கூட்ட முடியாது : face_with_tears_of_joy : :face_with_tears_of_joy : :face_with_tears_of_joy : ஈரோடு வரலாறு இனி # thalapathyvijay பெயர் இல்லாமல் இல்ல dot : fire : :fire : :fire : பொதுக்கூட்டம் : cross_mark : :cross_mark : மாநாடு : check_mark_button : :check_mark_button : அறிவிக்கப்படாத மினி மாநாடு : double_exclamation_mark : @ tvkvijayhq : hot_face : :hot_face :,DMK,1
காலை 6 மணிக்கு இப்படி ஒரு கூட்டத்தை காசு கொடுத்து கூட திமுக அதிமுக கட்சிகளால் கூட்ட முடியாது : face_with_tears_of_joy : :face_with_tears_of_joy : :face_with_tears_of_joy : ஈரோடு வரலாறு இனி # thalapathyvijay பெயர் இல்லாமல் இல்ல dot : fire : :fire : :fire : பொதுக்கூட்டம் : cross_mark : :cross_mark : மாநாடு : check_mark_button : :check_mark_button : அறிவிக்கப்படாத மினி மாநாடு : double_exclamation_mark : @ tvkvijayhq : hot_face : :hot_face :,NTK,0
காலை 6 மணிக்கு இப்படி ஒரு கூட்டத்தை காசு கொடுத்து கூட திமுக அதிமுக கட்சிகளால் கூட்ட முடியாது : face_with_tears_of_joy : :face_with_tears_of_joy : :face_with_tears_of_joy : ஈரோடு வரலாறு இனி # thalapathyvijay பெயர் இல்லாமல் இல்ல dot : fire : :fire : :fire : பொதுக்கூட்டம் : cross_mark : :cross_mark : மாநாடு : check_mark_button : :check_mark_button : அறிவிக்கப்படாத மினி மாநாடு : double_exclamation_mark : @ tvkvijayhq : hot_face : :hot_face :,TVK,1
திருப்பரங்குன்றம் விவகாரத்தில் திமுக அரசின் கீழ்த்தரமான அரசியல் !,ADMK,0
திருப்பரங்குன்றம் விவகாரத்தில் திமுக அரசின் கீழ்த்தரமான அரசியல் !,BJP,0
திருப்பரங்குன்றம் விவகாரத்தில் திமுக அரசின் கீழ்த்தரமான அரசியல் !,Congress,0
திருப்பரங்குன்றம் விவகாரத்தில் திமுக அரசின் கீழ்த்தரமான அரசியல் !,DMK,1
திருப்பரங்குன்றம் விவகாரத்தில் திமுக அரசின் கீழ்த்தரமான அரசியல் !,NTK,0
திருப்பரங்குன்றம் விவகாரத்தில் திமுக அரசின் கீழ்த்தரமான அரசியல் !,TVK,0
see dmk afraid # tvkvijay : chart_increasing : :fire :,ADMK,0
see dmk afraid # tvkvijay : chart_increasing : :fire :,BJP,0
see dmk afraid # tvkvijay : chart_increasing : :fire :,Congress,0
see dmk afraid # tvkvijay : chart_increasing : :fire :,DMK,1
see dmk afraid # tvkvijay : chart_increasing : :fire :,NTK,0
see dmk afraid # tvkvijay : chart_increasing : :fire :,TVK,1
"திருப்பூர் மாநகரில் சேரும் குப்பையை இடுவாய் , சின்னகாளிபாளையம் கிராமத்தில் கொட்ட ஐந்து கிராமங்களை சேர்ந்த மக்கள் எதிர்ப்பு தெரிவித்து வரும் நிலையில் , அந்த மக்களுக்கு ஆதரவாக போராட்டத்தில் ஈடுபட்ட நமது முன்னாள் மாநிலத் தலைவர் திரு . @ annamalai_k அவர்களை கைது செய்துள்ள ஸ்டாலின் அரசின் செயல் வன்மையாக கண்டிக்கத்தக்கது .. !",ADMK,0
"திருப்பூர் மாநகரில் சேரும் குப்பையை இடுவாய் , சின்னகாளிபாளையம் கிராமத்தில் கொட்ட ஐந்து கிராமங்களை சேர்ந்த மக்கள் எதிர்ப்பு தெரிவித்து வரும் நிலையில் , அந்த மக்களுக்கு ஆதரவாக போராட்டத்தில் ஈடுபட்ட நமது முன்னாள் மாநிலத் தலைவர் திரு . @ annamalai_k அவர்களை கைது செய்துள்ள ஸ்டாலின் அரசின் செயல் வன்மையாக கண்டிக்கத்தக்கது .. !",BJP,1
"திருப்பூர் மாநகரில் சேரும் குப்பையை இடுவாய் , சின்னகாளிபாளையம் கிராமத்தில் கொட்ட ஐந்து கிராமங்களை சேர்ந்த மக்கள் எதிர்ப்பு தெரிவித்து வரும் நிலையில் , அந்த மக்களுக்கு ஆதரவாக போராட்டத்தில் ஈடுபட்ட நமது முன்னாள் மாநிலத் தலைவர் திரு . @ annamalai_k அவர்களை கைது செய்துள்ள ஸ்டாலின் அரசின் செயல் வன்மையாக கண்டிக்கத்தக்கது .. !",Congress,0
"திருப்பூர் மாநகரில் சேரும் குப்பையை இடுவாய் , சின்னகாளிபாளையம் கிராமத்தில் கொட்ட ஐந்து கிராமங்களை சேர்ந்த மக்கள் எதிர்ப்பு தெரிவித்து வரும் நிலையில் , அந்த மக்களுக்கு ஆதரவாக போராட்டத்தில் ஈடுபட்ட நமது முன்னாள் மாநிலத் தலைவர் திரு . @ annamalai_k அவர்களை கைது செய்துள்ள ஸ்டாலின் அரசின் செயல் வன்மையாக கண்டிக்கத்தக்கது .. !",DMK,1
"திருப்பூர் மாநகரில் சேரும் குப்பையை இடுவாய் , சின்னகாளிபாளையம் கிராமத்தில் கொட்ட ஐந்து கிராமங்களை சேர்ந்த மக்கள் எதிர்ப்பு தெரிவித்து வரும் நிலையில் , அந்த மக்களுக்கு ஆதரவாக போராட்டத்தில் ஈடுபட்ட நமது முன்னாள் மாநிலத் தலைவர் திரு . @ annamalai_k அவர்களை கைது செய்துள்ள ஸ்டாலின் அரசின் செயல் வன்மையாக கண்டிக்கத்தக்கது .. !",NTK,0
"திருப்பூர் மாநகரில் சேரும் குப்பையை இடுவாய் , சின்னகாளிபாளையம் கிராமத்தில் கொட்ட ஐந்து கிராமங்களை சேர்ந்த மக்கள் எதிர்ப்பு தெரிவித்து வரும் நிலையில் , அந்த மக்களுக்கு ஆதரவாக போராட்டத்தில் ஈடுபட்ட நமது முன்னாள் மாநிலத் தலைவர் திரு . @ annamalai_k அவர்களை கைது செய்துள்ள ஸ்டாலின் அரசின் செயல் வன்மையாக கண்டிக்கத்தக்கது .. !",TVK,0
சோசியல் மீடியாவில் அடிச்சதுக்கு ட்ரிகர் ஆகியிருக்கான்யா : rolling_on_the_floor_laughing : :rolling_on_the_floor_laughing : # தற்குறி_விஜய்_கழகம்,ADMK,0
சோசியல் மீடியாவில் அடிச்சதுக்கு ட்ரிகர் ஆகியிருக்கான்யா : rolling_on_the_floor_laughing : :rolling_on_the_floor_laughing : # தற்குறி_விஜய்_கழகம்,BJP,0
சோசியல் மீடியாவில் அடிச்சதுக்கு ட்ரிகர் ஆகியிருக்கான்யா : rolling_on_the_floor_laughing : :rolling_on_the_floor_laughing : # தற்குறி_விஜய்_கழகம்,Congress,0
சோசியல் மீடியாவில் அடிச்சதுக்கு ட்ரிகர் ஆகியிருக்கான்யா : rolling_on_the_floor_laughing : :rolling_on_the_floor_laughing : # தற்குறி_விஜய்_கழகம்,DMK,0
சோசியல் மீடியாவில் அடிச்சதுக்கு ட்ரிகர் ஆகியிருக்கான்யா : rolling_on_the_floor_laughing : :rolling_on_the_floor_laughing : # தற்குறி_விஜய்_கழகம்,NTK,0
சோசியல் மீடியாவில் அடிச்சதுக்கு ட்ரிகர் ஆகியிருக்கான்யா : rolling_on_the_floor_laughing : :rolling_on_the_floor_laughing : # தற்குறி_விஜய்_கழகம்,TVK,1
"அனைத்திந்திய அண்ணா திராவிட முன்னேற்றக் கழகத்தின் சார்பில் கிறிஸ்துமஸ் பெருவிழா நிகழ்ச்சி . சிறப்பு வாழ்த்துரை : மாண்புமிகு கழகப் பொதுச்செயலாளர் புரட்சித்தமிழர் @ epstamilnadu அவர்கள் . நாள் : 18-12-25 , வியாழக்கிழமை . நேரம் : மாலை 4.30 pm இடம் : csi லைட் ஆடிட்டோரியம் . கீழ்பாக்கம் , சென்னை .",ADMK,1
"அனைத்திந்திய அண்ணா திராவிட முன்னேற்றக் கழகத்தின் சார்பில் கிறிஸ்துமஸ் பெருவிழா நிகழ்ச்சி . சிறப்பு வாழ்த்துரை : மாண்புமிகு கழகப் பொதுச்செயலாளர் புரட்சித்தமிழர் @ epstamilnadu அவர்கள் . நாள் : 18-12-25 , வியாழக்கிழமை . நேரம் : மாலை 4.30 pm இடம் : csi லைட் ஆடிட்டோரியம் . கீழ்பாக்கம் , சென்னை .",BJP,0
"அனைத்திந்திய அண்ணா திராவிட முன்னேற்றக் கழகத்தின் சார்பில் கிறிஸ்துமஸ் பெருவிழா நிகழ்ச்சி . சிறப்பு வாழ்த்துரை : மாண்புமிகு கழகப் பொதுச்செயலாளர் புரட்சித்தமிழர் @ epstamilnadu அவர்கள் . நாள் : 18-12-25 , வியாழக்கிழமை . நேரம் : மாலை 4.30 pm இடம் : csi லைட் ஆடிட்டோரியம் . கீழ்பாக்கம் , சென்னை .",Congress,0
"அனைத்திந்திய அண்ணா திராவிட முன்னேற்றக் கழகத்தின் சார்பில் கிறிஸ்துமஸ் பெருவிழா நிகழ்ச்சி . சிறப்பு வாழ்த்துரை : மாண்புமிகு கழகப் பொதுச்செயலாளர் புரட்சித்தமிழர் @ epstamilnadu அவர்கள் . நாள் : 18-12-25 , வியாழக்கிழமை . நேரம் : மாலை 4.30 pm இடம் : csi லைட் ஆடிட்டோரியம் . கீழ்பாக்கம் , சென்னை .",DMK,0
"அனைத்திந்திய அண்ணா திராவிட முன்னேற்றக் கழகத்தின் சார்பில் கிறிஸ்துமஸ் பெருவிழா நிகழ்ச்சி . சிறப்பு வாழ்த்துரை : மாண்புமிகு கழகப் பொதுச்செயலாளர் புரட்சித்தமிழர் @ epstamilnadu அவர்கள் . நாள் : 18-12-25 , வியாழக்கிழமை . நேரம் : மாலை 4.30 pm இடம் : csi லைட் ஆடிட்டோரியம் . கீழ்பாக்கம் , சென்னை .",NTK,0
"அனைத்திந்திய அண்ணா திராவிட முன்னேற்றக் கழகத்தின் சார்பில் கிறிஸ்துமஸ் பெருவிழா நிகழ்ச்சி . சிறப்பு வாழ்த்துரை : மாண்புமிகு கழகப் பொதுச்செயலாளர் புரட்சித்தமிழர் @ epstamilnadu அவர்கள் . நாள் : 18-12-25 , வியாழக்கிழமை . நேரம் : மாலை 4.30 pm இடம் : csi லைட் ஆடிட்டோரியம் . கீழ்பாக்கம் , சென்னை .",TVK,0
"களத்தில் தலைவர் , சரவெடி . : fire : :collision : # annamalai",ADMK,1
"களத்தில் தலைவர் , சரவெடி . : fire : :collision : # annamalai",BJP,0
"களத்தில் தலைவர் , சரவெடி . : fire : :collision : # annamalai",Congress,0
"களத்தில் தலைவர் , சரவெடி . : fire : :collision : # annamalai",DMK,0
"களத்தில் தலைவர் , சரவெடி . : fire : :collision : # annamalai",NTK,0
"களத்தில் தலைவர் , சரவெடி . : fire : :collision : # annamalai",TVK,0
"`` கிலிகேசி '' தர்பார் நடத்தும் பொம்மை முதல்வரும் , அவரின் ஆணவத்தை கால் மேல் கால் போட்டு , ஊருக்கே காட்டிய `` வெள்ளி சிம்மாசனமும் '' ! உங்க கேரக்டரையே புரிஞ்சிக்காம ஓட்டு போட்ட தமிழக மக்கள் தான் பாவம் @ mkstalin ! # dmkfailstn # byebyestalin",ADMK,1
"`` கிலிகேசி '' தர்பார் நடத்தும் பொம்மை முதல்வரும் , அவரின் ஆணவத்தை கால் மேல் கால் போட்டு , ஊருக்கே காட்டிய `` வெள்ளி சிம்மாசனமும் '' ! உங்க கேரக்டரையே புரிஞ்சிக்காம ஓட்டு போட்ட தமிழக மக்கள் தான் பாவம் @ mkstalin ! # dmkfailstn # byebyestalin",BJP,0
"`` கிலிகேசி '' தர்பார் நடத்தும் பொம்மை முதல்வரும் , அவரின் ஆணவத்தை கால் மேல் கால் போட்டு , ஊருக்கே காட்டிய `` வெள்ளி சிம்மாசனமும் '' ! உங்க கேரக்டரையே புரிஞ்சிக்காம ஓட்டு போட்ட தமிழக மக்கள் தான் பாவம் @ mkstalin ! # dmkfailstn # byebyestalin",Congress,0
"`` கிலிகேசி '' தர்பார் நடத்தும் பொம்மை முதல்வரும் , அவரின் ஆணவத்தை கால் மேல் கால் போட்டு , ஊருக்கே காட்டிய `` வெள்ளி சிம்மாசனமும் '' ! உங்க கேரக்டரையே புரிஞ்சிக்காம ஓட்டு போட்ட தமிழக மக்கள் தான் பாவம் @ mkstalin ! # dmkfailstn # byebyestalin",DMK,1
"`` கிலிகேசி '' தர்பார் நடத்தும் பொம்மை முதல்வரும் , அவரின் ஆணவத்தை கால் மேல் கால் போட்டு , ஊருக்கே காட்டிய `` வெள்ளி சிம்மாசனமும் '' ! உங்க கேரக்டரையே புரிஞ்சிக்காம ஓட்டு போட்ட தமிழக மக்கள் தான் பாவம் @ mkstalin ! # dmkfailstn # byebyestalin",NTK,0
"`` கிலிகேசி '' தர்பார் நடத்தும் பொம்மை முதல்வரும் , அவரின் ஆணவத்தை கால் மேல் கால் போட்டு , ஊருக்கே காட்டிய `` வெள்ளி சிம்மாசனமும் '' ! உங்க கேரக்டரையே புரிஞ்சிக்காம ஓட்டு போட்ட தமிழக மக்கள் தான் பாவம் @ mkstalin ! # dmkfailstn # byebyestalin",TVK,0
ஈரோடு மக்கள் சந்திப்பு : விஜய் பதிவிட்ட செல்ஃபி வீடியோ ! # vijay | # tvkvijay | # dmk | # erode | # vikatanreels,ADMK,0
ஈரோடு மக்கள் சந்திப்பு : விஜய் பதிவிட்ட செல்ஃபி வீடியோ ! # vijay | # tvkvijay | # dmk | # erode | # vikatanreels,BJP,0
ஈரோடு மக்கள் சந்திப்பு : விஜய் பதிவிட்ட செல்ஃபி வீடியோ ! # vijay | # tvkvijay | # dmk | # erode | # vikatanreels,Congress,0
ஈரோடு மக்கள் சந்திப்பு : விஜய் பதிவிட்ட செல்ஃபி வீடியோ ! # vijay | # tvkvijay | # dmk | # erode | # vikatanreels,DMK,1
ஈரோடு மக்கள் சந்திப்பு : விஜய் பதிவிட்ட செல்ஃபி வீடியோ ! # vijay | # tvkvijay | # dmk | # erode | # vikatanreels,NTK,0
ஈரோடு மக்கள் சந்திப்பு : விஜய் பதிவிட்ட செல்ஃபி வீடியோ ! # vijay | # tvkvijay | # dmk | # erode | # vikatanreels,TVK,1
"திமுக அரசின் பாசிச போக்கிற்கு அஞ்சாது பாஜக ! திருப்பூர் மாநகராட்சி குப்பைகளை சின்ன காளிபாளையத்தில் கொட்டி வந்த திமுக அரசை எதிர்த்து ஒரு மாத காலமாக மக்கள் போராட்டம் நடத்தி வந்த நிலையில் , இன்று போராட்டத்தில் பங்குபெற வந்த பாஜக தேசிய பொதுக்குழு உறுப்பினரும் தமிழக பாஜகவின் முன்னாள் மாநிலத் தலைவருமான சகோதரர் திரு . @ annamalai_k அவர்களையும் பாஜக நிர்வாகிகளையும் ஏவல்துறை கைது செய்திருப்பது வன்மையான கண்டனத்திற்குரியது . மக்கள் குடியிருக்கும் பகுதியில் குப்பையை கொட்டி சுகாதார சீர்கேடு ஏற்படுத்தியதோடு போராடும் பொதுமக்கள் மீது தடியடி நடத்திய திமுக அரசுக்கு @ bjp4tamilnadu சார்பாக ஏற்கனவே நான் கண்டனம் தெரிவித்திருந்த நிலையில் , இன்று மக்கள் போராட்டத்திற்கு பாஜகவின் ஆதரவைத் தெரிவிக்க வந்த தாமரை சொந்தங்களையும் திமுக அரசு கைது செய்திருப்பது அதன் பாசிச போக்கை அடிக்கோடிட்டு காட்டுகிறது . அறவழியில் போராட முயன்ற தலைவர்களை சர்வாதிகார முறையில் அடக்கி ஒடுக்க முனையும் திமுக அரசுக்கு , குப்பைகளை முறையாக அப்புறப்படுத்த திராணியில்லையா ? அல்லது மனமில்லையா ? மொத்தத்தில் , பொதுமக்கள் நலனை தூக்கியெறிந்து , பாசிசத்தை மட்டுமே தூக்கிப் பிடிக்கும் @ arivalayam அரசு தனது அகங்காரத்தாலேயே வீழும் நாள் தொலைவிலில்லை !",ADMK,0
"திமுக அரசின் பாசிச போக்கிற்கு அஞ்சாது பாஜக ! திருப்பூர் மாநகராட்சி குப்பைகளை சின்ன காளிபாளையத்தில் கொட்டி வந்த திமுக அரசை எதிர்த்து ஒரு மாத காலமாக மக்கள் போராட்டம் நடத்தி வந்த நிலையில் , இன்று போராட்டத்தில் பங்குபெற வந்த பாஜக தேசிய பொதுக்குழு உறுப்பினரும் தமிழக பாஜகவின் முன்னாள் மாநிலத் தலைவருமான சகோதரர் திரு . @ annamalai_k அவர்களையும் பாஜக நிர்வாகிகளையும் ஏவல்துறை கைது செய்திருப்பது வன்மையான கண்டனத்திற்குரியது . மக்கள் குடியிருக்கும் பகுதியில் குப்பையை கொட்டி சுகாதார சீர்கேடு ஏற்படுத்தியதோடு போராடும் பொதுமக்கள் மீது தடியடி நடத்திய திமுக அரசுக்கு @ bjp4tamilnadu சார்பாக ஏற்கனவே நான் கண்டனம் தெரிவித்திருந்த நிலையில் , இன்று மக்கள் போராட்டத்திற்கு பாஜகவின் ஆதரவைத் தெரிவிக்க வந்த தாமரை சொந்தங்களையும் திமுக அரசு கைது செய்திருப்பது அதன் பாசிச போக்கை அடிக்கோடிட்டு காட்டுகிறது . அறவழியில் போராட முயன்ற தலைவர்களை சர்வாதிகார முறையில் அடக்கி ஒடுக்க முனையும் திமுக அரசுக்கு , குப்பைகளை முறையாக அப்புறப்படுத்த திராணியில்லையா ? அல்லது மனமில்லையா ? மொத்தத்தில் , பொதுமக்கள் நலனை தூக்கியெறிந்து , பாசிசத்தை மட்டுமே தூக்கிப் பிடிக்கும் @ arivalayam அரசு தனது அகங்காரத்தாலேயே வீழும் நாள் தொலைவிலில்லை !",BJP,1
"திமுக அரசின் பாசிச போக்கிற்கு அஞ்சாது பாஜக ! திருப்பூர் மாநகராட்சி குப்பைகளை சின்ன காளிபாளையத்தில் கொட்டி வந்த திமுக அரசை எதிர்த்து ஒரு மாத காலமாக மக்கள் போராட்டம் நடத்தி வந்த நிலையில் , இன்று போராட்டத்தில் பங்குபெற வந்த பாஜக தேசிய பொதுக்குழு உறுப்பினரும் தமிழக பாஜகவின் முன்னாள் மாநிலத் தலைவருமான சகோதரர் திரு . @ annamalai_k அவர்களையும் பாஜக நிர்வாகிகளையும் ஏவல்துறை கைது செய்திருப்பது வன்மையான கண்டனத்திற்குரியது . மக்கள் குடியிருக்கும் பகுதியில் குப்பையை கொட்டி சுகாதார சீர்கேடு ஏற்படுத்தியதோடு போராடும் பொதுமக்கள் மீது தடியடி நடத்திய திமுக அரசுக்கு @ bjp4tamilnadu சார்பாக ஏற்கனவே நான் கண்டனம் தெரிவித்திருந்த நிலையில் , இன்று மக்கள் போராட்டத்திற்கு பாஜகவின் ஆதரவைத் தெரிவிக்க வந்த தாமரை சொந்தங்களையும் திமுக அரசு கைது செய்திருப்பது அதன் பாசிச போக்கை அடிக்கோடிட்டு காட்டுகிறது . அறவழியில் போராட முயன்ற தலைவர்களை சர்வாதிகார முறையில் அடக்கி ஒடுக்க முனையும் திமுக அரசுக்கு , குப்பைகளை முறையாக அப்புறப்படுத்த திராணியில்லையா ? அல்லது மனமில்லையா ? மொத்தத்தில் , பொதுமக்கள் நலனை தூக்கியெறிந்து , பாசிசத்தை மட்டுமே தூக்கிப் பிடிக்கும் @ arivalayam அரசு தனது அகங்காரத்தாலேயே வீழும் நாள் தொலைவிலில்லை !",Congress,0
"திமுக அரசின் பாசிச போக்கிற்கு அஞ்சாது பாஜக ! திருப்பூர் மாநகராட்சி குப்பைகளை சின்ன காளிபாளையத்தில் கொட்டி வந்த திமுக அரசை எதிர்த்து ஒரு மாத காலமாக மக்கள் போராட்டம் நடத்தி வந்த நிலையில் , இன்று போராட்டத்தில் பங்குபெற வந்த பாஜக தேசிய பொதுக்குழு உறுப்பினரும் தமிழக பாஜகவின் முன்னாள் மாநிலத் தலைவருமான சகோதரர் திரு . @ annamalai_k அவர்களையும் பாஜக நிர்வாகிகளையும் ஏவல்துறை கைது செய்திருப்பது வன்மையான கண்டனத்திற்குரியது . மக்கள் குடியிருக்கும் பகுதியில் குப்பையை கொட்டி சுகாதார சீர்கேடு ஏற்படுத்தியதோடு போராடும் பொதுமக்கள் மீது தடியடி நடத்திய திமுக அரசுக்கு @ bjp4tamilnadu சார்பாக ஏற்கனவே நான் கண்டனம் தெரிவித்திருந்த நிலையில் , இன்று மக்கள் போராட்டத்திற்கு பாஜகவின் ஆதரவைத் தெரிவிக்க வந்த தாமரை சொந்தங்களையும் திமுக அரசு கைது செய்திருப்பது அதன் பாசிச போக்கை அடிக்கோடிட்டு காட்டுகிறது . அறவழியில் போராட முயன்ற தலைவர்களை சர்வாதிகார முறையில் அடக்கி ஒடுக்க முனையும் திமுக அரசுக்கு , குப்பைகளை முறையாக அப்புறப்படுத்த திராணியில்லையா ? அல்லது மனமில்லையா ? மொத்தத்தில் , பொதுமக்கள் நலனை தூக்கியெறிந்து , பாசிசத்தை மட்டுமே தூக்கிப் பிடிக்கும் @ arivalayam அரசு தனது அகங்காரத்தாலேயே வீழும் நாள் தொலைவிலில்லை !",DMK,1
"திமுக அரசின் பாசிச போக்கிற்கு அஞ்சாது பாஜக ! திருப்பூர் மாநகராட்சி குப்பைகளை சின்ன காளிபாளையத்தில் கொட்டி வந்த திமுக அரசை எதிர்த்து ஒரு மாத காலமாக மக்கள் போராட்டம் நடத்தி வந்த நிலையில் , இன்று போராட்டத்தில் பங்குபெற வந்த பாஜக தேசிய பொதுக்குழு உறுப்பினரும் தமிழக பாஜகவின் முன்னாள் மாநிலத் தலைவருமான சகோதரர் திரு . @ annamalai_k அவர்களையும் பாஜக நிர்வாகிகளையும் ஏவல்துறை கைது செய்திருப்பது வன்மையான கண்டனத்திற்குரியது . மக்கள் குடியிருக்கும் பகுதியில் குப்பையை கொட்டி சுகாதார சீர்கேடு ஏற்படுத்தியதோடு போராடும் பொதுமக்கள் மீது தடியடி நடத்திய திமுக அரசுக்கு @ bjp4tamilnadu சார்பாக ஏற்கனவே நான் கண்டனம் தெரிவித்திருந்த நிலையில் , இன்று மக்கள் போராட்டத்திற்கு பாஜகவின் ஆதரவைத் தெரிவிக்க வந்த தாமரை சொந்தங்களையும் திமுக அரசு கைது செய்திருப்பது அதன் பாசிச போக்கை அடிக்கோடிட்டு காட்டுகிறது . அறவழியில் போராட முயன்ற தலைவர்களை சர்வாதிகார முறையில் அடக்கி ஒடுக்க முனையும் திமுக அரசுக்கு , குப்பைகளை முறையாக அப்புறப்படுத்த திராணியில்லையா ? அல்லது மனமில்லையா ? மொத்தத்தில் , பொதுமக்கள் நலனை தூக்கியெறிந்து , பாசிசத்தை மட்டுமே தூக்கிப் பிடிக்கும் @ arivalayam அரசு தனது அகங்காரத்தாலேயே வீழும் நாள் தொலைவிலில்லை !",NTK,0
"திமுக அரசின் பாசிச போக்கிற்கு அஞ்சாது பாஜக ! திருப்பூர் மாநகராட்சி குப்பைகளை சின்ன காளிபாளையத்தில் கொட்டி வந்த திமுக அரசை எதிர்த்து ஒரு மாத காலமாக மக்கள் போராட்டம் நடத்தி வந்த நிலையில் , இன்று போராட்டத்தில் பங்குபெற வந்த பாஜக தேசிய பொதுக்குழு உறுப்பினரும் தமிழக பாஜகவின் முன்னாள் மாநிலத் தலைவருமான சகோதரர் திரு . @ annamalai_k அவர்களையும் பாஜக நிர்வாகிகளையும் ஏவல்துறை கைது செய்திருப்பது வன்மையான கண்டனத்திற்குரியது . மக்கள் குடியிருக்கும் பகுதியில் குப்பையை கொட்டி சுகாதார சீர்கேடு ஏற்படுத்தியதோடு போராடும் பொதுமக்கள் மீது தடியடி நடத்திய திமுக அரசுக்கு @ bjp4tamilnadu சார்பாக ஏற்கனவே நான் கண்டனம் தெரிவித்திருந்த நிலையில் , இன்று மக்கள் போராட்டத்திற்கு பாஜகவின் ஆதரவைத் தெரிவிக்க வந்த தாமரை சொந்தங்களையும் திமுக அரசு கைது செய்திருப்பது அதன் பாசிச போக்கை அடிக்கோடிட்டு காட்டுகிறது . அறவழியில் போராட முயன்ற தலைவர்களை சர்வாதிகார முறையில் அடக்கி ஒடுக்க முனையும் திமுக அரசுக்கு , குப்பைகளை முறையாக அப்புறப்படுத்த திராணியில்லையா ? அல்லது மனமில்லையா ? மொத்தத்தில் , பொதுமக்கள் நலனை தூக்கியெறிந்து , பாசிசத்தை மட்டுமே தூக்கிப் பிடிக்கும் @ arivalayam அரசு தனது அகங்காரத்தாலேயே வீழும் நாள் தொலைவிலில்லை !",TVK,0
# vijay | கோவையில் இருந்து ஈரோடு பொதுக்கூட்டத்திற்கு புறப்பட்ட தமிழக வெற்றிக் கழகத்தின் தலைவர் விஜய் . # tvk | # tvkvijay,ADMK,0
# vijay | கோவையில் இருந்து ஈரோடு பொதுக்கூட்டத்திற்கு புறப்பட்ட தமிழக வெற்றிக் கழகத்தின் தலைவர் விஜய் . # tvk | # tvkvijay,BJP,0
# vijay | கோவையில் இருந்து ஈரோடு பொதுக்கூட்டத்திற்கு புறப்பட்ட தமிழக வெற்றிக் கழகத்தின் தலைவர் விஜய் . # tvk | # tvkvijay,Congress,0
# vijay | கோவையில் இருந்து ஈரோடு பொதுக்கூட்டத்திற்கு புறப்பட்ட தமிழக வெற்றிக் கழகத்தின் தலைவர் விஜய் . # tvk | # tvkvijay,DMK,0
# vijay | கோவையில் இருந்து ஈரோடு பொதுக்கூட்டத்திற்கு புறப்பட்ட தமிழக வெற்றிக் கழகத்தின் தலைவர் விஜய் . # tvk | # tvkvijay,NTK,0
# vijay | கோவையில் இருந்து ஈரோடு பொதுக்கூட்டத்திற்கு புறப்பட்ட தமிழக வெற்றிக் கழகத்தின் தலைவர் விஜய் . # tvk | # tvkvijay,TVK,1
நிதர்சனமான உண்மை : hundred_points : :backhand_index_pointing_down_light_skin_tone : வேற லெவல்ல பேசுறாரு இந்த மனுஷன் : smiling_face_with_heart-eyes : :OK_hand_light_skin_tone : :fire : # tvk,ADMK,0
நிதர்சனமான உண்மை : hundred_points : :backhand_index_pointing_down_light_skin_tone : வேற லெவல்ல பேசுறாரு இந்த மனுஷன் : smiling_face_with_heart-eyes : :OK_hand_light_skin_tone : :fire : # tvk,BJP,0
நிதர்சனமான உண்மை : hundred_points : :backhand_index_pointing_down_light_skin_tone : வேற லெவல்ல பேசுறாரு இந்த மனுஷன் : smiling_face_with_heart-eyes : :OK_hand_light_skin_tone : :fire : # tvk,Congress,0
நிதர்சனமான உண்மை : hundred_points : :backhand_index_pointing_down_light_skin_tone : வேற லெவல்ல பேசுறாரு இந்த மனுஷன் : smiling_face_with_heart-eyes : :OK_hand_light_skin_tone : :fire : # tvk,DMK,0
நிதர்சனமான உண்மை : hundred_points : :backhand_index_pointing_down_light_skin_tone : வேற லெவல்ல பேசுறாரு இந்த மனுஷன் : smiling_face_with_heart-eyes : :OK_hand_light_skin_tone : :fire : # tvk,NTK,0
நிதர்சனமான உண்மை : hundred_points : :backhand_index_pointing_down_light_skin_tone : வேற லெவல்ல பேசுறாரு இந்த மனுஷன் : smiling_face_with_heart-eyes : :OK_hand_light_skin_tone : :fire : # tvk,TVK,1
": bar_chart : # ncrb 2023 report – crime women ( state-wise rate per lakh population ) ncrb 2023 data crimes women paints clear picture safety across indian states tamil nadu stands . states like : round_pushpin : delhi – 133.6 : round_pushpin : telangana – 124.9 : round_pushpin : rajasthan – 114.8 : round_pushpin : odisha – 112.4 : round_pushpin : haryana – 110.3 : round_pushpin : kerala – 86.1 : round_pushpin : andhra pradesh – 84.2 : round_pushpin : maharashtra – 76.8 : round_pushpin : west bengal – 71.3 record higher crime rates ( per lakh population ) : cherry_blossom : # tamilnadu – 23.2 among lowest crime rates women india , tamil nadu stands one safest states women : woman_red_hair : :sparkles : according ncrb 2023 data , tamil nadu recorded 8,943 crimes women , 3 % decrease 9,207 cases 2022. : chart_decreasing : @ ncrbhq | @ tnpoliceoffl",ADMK,0
": bar_chart : # ncrb 2023 report – crime women ( state-wise rate per lakh population ) ncrb 2023 data crimes women paints clear picture safety across indian states tamil nadu stands . states like : round_pushpin : delhi – 133.6 : round_pushpin : telangana – 124.9 : round_pushpin : rajasthan – 114.8 : round_pushpin : odisha – 112.4 : round_pushpin : haryana – 110.3 : round_pushpin : kerala – 86.1 : round_pushpin : andhra pradesh – 84.2 : round_pushpin : maharashtra – 76.8 : round_pushpin : west bengal – 71.3 record higher crime rates ( per lakh population ) : cherry_blossom : # tamilnadu – 23.2 among lowest crime rates women india , tamil nadu stands one safest states women : woman_red_hair : :sparkles : according ncrb 2023 data , tamil nadu recorded 8,943 crimes women , 3 % decrease 9,207 cases 2022. : chart_decreasing : @ ncrbhq | @ tnpoliceoffl",BJP,0
": bar_chart : # ncrb 2023 report – crime women ( state-wise rate per lakh population ) ncrb 2023 data crimes women paints clear picture safety across indian states tamil nadu stands . states like : round_pushpin : delhi – 133.6 : round_pushpin : telangana – 124.9 : round_pushpin : rajasthan – 114.8 : round_pushpin : odisha – 112.4 : round_pushpin : haryana – 110.3 : round_pushpin : kerala – 86.1 : round_pushpin : andhra pradesh – 84.2 : round_pushpin : maharashtra – 76.8 : round_pushpin : west bengal – 71.3 record higher crime rates ( per lakh population ) : cherry_blossom : # tamilnadu – 23.2 among lowest crime rates women india , tamil nadu stands one safest states women : woman_red_hair : :sparkles : according ncrb 2023 data , tamil nadu recorded 8,943 crimes women , 3 % decrease 9,207 cases 2022. : chart_decreasing : @ ncrbhq | @ tnpoliceoffl",Congress,0
": bar_chart : # ncrb 2023 report – crime women ( state-wise rate per lakh population ) ncrb 2023 data crimes women paints clear picture safety across indian states tamil nadu stands . states like : round_pushpin : delhi – 133.6 : round_pushpin : telangana – 124.9 : round_pushpin : rajasthan – 114.8 : round_pushpin : odisha – 112.4 : round_pushpin : haryana – 110.3 : round_pushpin : kerala – 86.1 : round_pushpin : andhra pradesh – 84.2 : round_pushpin : maharashtra – 76.8 : round_pushpin : west bengal – 71.3 record higher crime rates ( per lakh population ) : cherry_blossom : # tamilnadu – 23.2 among lowest crime rates women india , tamil nadu stands one safest states women : woman_red_hair : :sparkles : according ncrb 2023 data , tamil nadu recorded 8,943 crimes women , 3 % decrease 9,207 cases 2022. : chart_decreasing : @ ncrbhq | @ tnpoliceoffl",DMK,1
": bar_chart : # ncrb 2023 report – crime women ( state-wise rate per lakh population ) ncrb 2023 data crimes women paints clear picture safety across indian states tamil nadu stands . states like : round_pushpin : delhi – 133.6 : round_pushpin : telangana – 124.9 : round_pushpin : rajasthan – 114.8 : round_pushpin : odisha – 112.4 : round_pushpin : haryana – 110.3 : round_pushpin : kerala – 86.1 : round_pushpin : andhra pradesh – 84.2 : round_pushpin : maharashtra – 76.8 : round_pushpin : west bengal – 71.3 record higher crime rates ( per lakh population ) : cherry_blossom : # tamilnadu – 23.2 among lowest crime rates women india , tamil nadu stands one safest states women : woman_red_hair : :sparkles : according ncrb 2023 data , tamil nadu recorded 8,943 crimes women , 3 % decrease 9,207 cases 2022. : chart_decreasing : @ ncrbhq | @ tnpoliceoffl",NTK,0
": bar_chart : # ncrb 2023 report – crime women ( state-wise rate per lakh population ) ncrb 2023 data crimes women paints clear picture safety across indian states tamil nadu stands . states like : round_pushpin : delhi – 133.6 : round_pushpin : telangana – 124.9 : round_pushpin : rajasthan – 114.8 : round_pushpin : odisha – 112.4 : round_pushpin : haryana – 110.3 : round_pushpin : kerala – 86.1 : round_pushpin : andhra pradesh – 84.2 : round_pushpin : maharashtra – 76.8 : round_pushpin : west bengal – 71.3 record higher crime rates ( per lakh population ) : cherry_blossom : # tamilnadu – 23.2 among lowest crime rates women india , tamil nadu stands one safest states women : woman_red_hair : :sparkles : according ncrb 2023 data , tamil nadu recorded 8,943 crimes women , 3 % decrease 9,207 cases 2022. : chart_decreasing : @ ncrbhq | @ tnpoliceoffl",TVK,0
எங்கள் காளியம்மன் மேல சத்தியமா சொல்லுறோம் ... எம்ஜிஆரை போல விஜய்யும் ஆட்சிய புடிப்பார் ... அடித்து சொன்ன பாட்டி .. ! # vijay # vijayentry # erode # vijayerodevisit # vijayamangalam # saralaierode # tvk # tvkcampaign # vijaymakkalsanthippu # tvkcandidate # thalapathyvijay # newstamil24x7,ADMK,0
எங்கள் காளியம்மன் மேல சத்தியமா சொல்லுறோம் ... எம்ஜிஆரை போல விஜய்யும் ஆட்சிய புடிப்பார் ... அடித்து சொன்ன பாட்டி .. ! # vijay # vijayentry # erode # vijayerodevisit # vijayamangalam # saralaierode # tvk # tvkcampaign # vijaymakkalsanthippu # tvkcandidate # thalapathyvijay # newstamil24x7,BJP,0
எங்கள் காளியம்மன் மேல சத்தியமா சொல்லுறோம் ... எம்ஜிஆரை போல விஜய்யும் ஆட்சிய புடிப்பார் ... அடித்து சொன்ன பாட்டி .. ! # vijay # vijayentry # erode # vijayerodevisit # vijayamangalam # saralaierode # tvk # tvkcampaign # vijaymakkalsanthippu # tvkcandidate # thalapathyvijay # newstamil24x7,Congress,0
எங்கள் காளியம்மன் மேல சத்தியமா சொல்லுறோம் ... எம்ஜிஆரை போல விஜய்யும் ஆட்சிய புடிப்பார் ... அடித்து சொன்ன பாட்டி .. ! # vijay # vijayentry # erode # vijayerodevisit # vijayamangalam # saralaierode # tvk # tvkcampaign # vijaymakkalsanthippu # tvkcandidate # thalapathyvijay # newstamil24x7,DMK,0
எங்கள் காளியம்மன் மேல சத்தியமா சொல்லுறோம் ... எம்ஜிஆரை போல விஜய்யும் ஆட்சிய புடிப்பார் ... அடித்து சொன்ன பாட்டி .. ! # vijay # vijayentry # erode # vijayerodevisit # vijayamangalam # saralaierode # tvk # tvkcampaign # vijaymakkalsanthippu # tvkcandidate # thalapathyvijay # newstamil24x7,NTK,0
எங்கள் காளியம்மன் மேல சத்தியமா சொல்லுறோம் ... எம்ஜிஆரை போல விஜய்யும் ஆட்சிய புடிப்பார் ... அடித்து சொன்ன பாட்டி .. ! # vijay # vijayentry # erode # vijayerodevisit # vijayamangalam # saralaierode # tvk # tvkcampaign # vijaymakkalsanthippu # tvkcandidate # thalapathyvijay # newstamil24x7,TVK,1
"# tamilnadu | people never abandon , says vijay # erode rally # tvkvijay",ADMK,0
"# tamilnadu | people never abandon , says vijay # erode rally # tvkvijay",BJP,0
"# tamilnadu | people never abandon , says vijay # erode rally # tvkvijay",Congress,0
"# tamilnadu | people never abandon , says vijay # erode rally # tvkvijay",DMK,0
"# tamilnadu | people never abandon , says vijay # erode rally # tvkvijay",NTK,0
"# tamilnadu | people never abandon , says vijay # erode rally # tvkvijay",TVK,1
அரசுப்பள்ளி மாணவி project manager ! கீர்த்தி போன்ற எண்ணற்ற ஏழை எளிய மாணவச் செல்வங்களின் வாழ்வை செதுக்கிய # pricelessscheme_ammalaptop ! # epsfor2026 # whereisourlaptop,ADMK,1
அரசுப்பள்ளி மாணவி project manager ! கீர்த்தி போன்ற எண்ணற்ற ஏழை எளிய மாணவச் செல்வங்களின் வாழ்வை செதுக்கிய # pricelessscheme_ammalaptop ! # epsfor2026 # whereisourlaptop,BJP,0
அரசுப்பள்ளி மாணவி project manager ! கீர்த்தி போன்ற எண்ணற்ற ஏழை எளிய மாணவச் செல்வங்களின் வாழ்வை செதுக்கிய # pricelessscheme_ammalaptop ! # epsfor2026 # whereisourlaptop,Congress,0
அரசுப்பள்ளி மாணவி project manager ! கீர்த்தி போன்ற எண்ணற்ற ஏழை எளிய மாணவச் செல்வங்களின் வாழ்வை செதுக்கிய # pricelessscheme_ammalaptop ! # epsfor2026 # whereisourlaptop,DMK,1
அரசுப்பள்ளி மாணவி project manager ! கீர்த்தி போன்ற எண்ணற்ற ஏழை எளிய மாணவச் செல்வங்களின் வாழ்வை செதுக்கிய # pricelessscheme_ammalaptop ! # epsfor2026 # whereisourlaptop,NTK,0
அரசுப்பள்ளி மாணவி project manager ! கீர்த்தி போன்ற எண்ணற்ற ஏழை எளிய மாணவச் செல்வங்களின் வாழ்வை செதுக்கிய # pricelessscheme_ammalaptop ! # epsfor2026 # whereisourlaptop,TVK,0
tvk கூட்டணியில் @ ttvdhinakaran மற்றும் @ officeofops விரைவில் இனைவார்கள் என @ kasengottaiyan தகவல் : fire : :fire : :fire : @ tvkvijayhq # tvkfortn,ADMK,1
tvk கூட்டணியில் @ ttvdhinakaran மற்றும் @ officeofops விரைவில் இனைவார்கள் என @ kasengottaiyan தகவல் : fire : :fire : :fire : @ tvkvijayhq # tvkfortn,BJP,0
tvk கூட்டணியில் @ ttvdhinakaran மற்றும் @ officeofops விரைவில் இனைவார்கள் என @ kasengottaiyan தகவல் : fire : :fire : :fire : @ tvkvijayhq # tvkfortn,Congress,0
tvk கூட்டணியில் @ ttvdhinakaran மற்றும் @ officeofops விரைவில் இனைவார்கள் என @ kasengottaiyan தகவல் : fire : :fire : :fire : @ tvkvijayhq # tvkfortn,DMK,0
tvk கூட்டணியில் @ ttvdhinakaran மற்றும் @ officeofops விரைவில் இனைவார்கள் என @ kasengottaiyan தகவல் : fire : :fire : :fire : @ tvkvijayhq # tvkfortn,NTK,0
tvk கூட்டணியில் @ ttvdhinakaran மற்றும் @ officeofops விரைவில் இனைவார்கள் என @ kasengottaiyan தகவல் : fire : :fire : :fire : @ tvkvijayhq # tvkfortn,TVK,1
"நான்கரை ஆண்டுகள் அஇஅதிமுக திட்டங்களுக்கு ஸ்டிக்கர் ஒட்டி வருவதை மட்டுமே ஒரே வேலையாக வைத்துவிட்டு , இப்போது `` காப்பி அடிக்கிறாங்க மிஸ் '' என்று அஇஅதிமுக-வைப் பார்த்து சிறுபிள்ளைத்தனமாக திமுக அமைச்சர்கள் அழுவதைப் பார்த்தால் சிரிப்பு தான் வருகிறது . எது ஒரிஜினல் ? எது காப்பி ? அம்மா மருந்தகம் ஒரிஜினல்- முதல்வர் மருந்தகம் காப்பி ! அம்மா மினி கிளினிக் ஒரிஜினல்- மக்களைத் தேடி மருத்துவம் காப்பி ! தாலிக்கு தங்கம் ஒரிஜினல்- அதை உல்டா செய்தது தானே புதுமைப் பெண் திட்டம் ? இப்படி அடுக்கிக் கொண்டே போனால் , திமுக அரசு செய்ததாக சொல்வது எல்லாமே , அஇஅதிமுக திட்டங்களின் cheap copy தான் ! மக்கள் நலத் திட்டங்களுக்கு எப்போதுமே og சொந்தக்காரங்க நாங்க தான் ! ஒரு குடும்பம் கொள்ளையடிக்க மட்டுமே திட்டம் போட்டு திருடும் திமுக கூட்டத்திற்கு இதெல்லாம் எப்படி தெரியும் ? மகளிருக்கு நேரடியாக நன்மைகள் சேர வேண்டும் , அதுவும் பணமாக சேரவேண்டும் என்பதற்காக தான் தாலிக்கு தங்கம் திட்டத்தின் அடுத்த பரிணாமமாக பொங்கல் பரிசு திட்டத்தை நிறைவேற்றியது அஇஅதிமுக அரசு . அதன் அடுத்த கட்டமாக தான் 2021 தேர்தல் அறிக்கையில் , மாதந்தோறும் மகளிருக்கு ரூ . 1500/- என அறிவித்தோம் ! மாண்புமிகு புரட்சித்தமிழர் @ epstamilnadu சாதனைகளுக்கு ரிப்பன் வெட்டிய `` டூப் '' முதல்வர் ஸ்டாலினின் அரசு , வேறென்ன செய்து கிழித்தது ? திமுக அரசின் மாதம் ஆயிரம் ரூபாயே , அண்ணன் # எடப்பாடியார் அவர்களின் தொடர் வலியுறுத்தலுக்கு பிறகு , 28 மாதம் லேட்டா தானே ஸ்டாலின் அரசு கொடுத்தது ? அதையும் இன்று வரை , சொன்னபடி அனைத்து மகளிருக்கும் கொடுக்கிறதா ? தகுதி எனக் கூறி தமிழக மகளிரை இழிவு படுத்திய அரசை பெண்கள் மறந்துவிடுவார்களா ? அஇஅதிமுக தேர்தல் வாக்குறுதிகளைப் பற்றிப் பேசும் இந்த அமைச்சர்கள் யாரென்று பார்த்தால் , ஒருவர் ஒட்டுண்ணி ரகுபதி . வாய்ப்பு ஒன்று வந்தால் , தான் கட்டியிருக்கும் வேட்டியை கழற்றி விட்டு , வேறொரு வேட்டிக்கு தாவி , வானத்தைப் பார்த்து துப்பிக் கொள்ளக் கூட தயங்காத இந்த ரகுபதி எல்லாம் தேர்தல் வாக்குறுதிகளைப் பற்றி பேசலாமா ? இன்னொருவர் டி.ஆர்.பி . ராஜா . பாக்ஸ்கான் துணை கம்பெனி என்று சட்டமன்றத்திலேயே கம்பி கட்டும் கதையெல்லாம் உருட்டியவர் தானே இவர் ? `` ஆளும் வளரணும் , அறிவும் வளரணும் , அது தான்டா வளர்ச்சி ... '' என்ற புரட்சித் தலைவரின் பாடல் வரிகள் தான் நினைவுக்கு வருகிறது . மாண்புமிகு @ epstamilnadu அவர்கள் ஒரு வாக்குறுதி அளித்தால் , அது செயலில் நடக்கும் என்று மக்களுக்கு நன்றாகத் தெரியும் என்பது திமுக-வினருக்கே தெரியும் . அதனால் தான் இவ்வளவு வயிற்றெச்சல் ! நல்லா கதறுங்க அமைச்சர் சார்-களே ... இன்னும் 2 மாசம் தான் ! tic toc tic toc ... # epsfor2026 # byebyestalin",ADMK,1
"நான்கரை ஆண்டுகள் அஇஅதிமுக திட்டங்களுக்கு ஸ்டிக்கர் ஒட்டி வருவதை மட்டுமே ஒரே வேலையாக வைத்துவிட்டு , இப்போது `` காப்பி அடிக்கிறாங்க மிஸ் '' என்று அஇஅதிமுக-வைப் பார்த்து சிறுபிள்ளைத்தனமாக திமுக அமைச்சர்கள் அழுவதைப் பார்த்தால் சிரிப்பு தான் வருகிறது . எது ஒரிஜினல் ? எது காப்பி ? அம்மா மருந்தகம் ஒரிஜினல்- முதல்வர் மருந்தகம் காப்பி ! அம்மா மினி கிளினிக் ஒரிஜினல்- மக்களைத் தேடி மருத்துவம் காப்பி ! தாலிக்கு தங்கம் ஒரிஜினல்- அதை உல்டா செய்தது தானே புதுமைப் பெண் திட்டம் ? இப்படி அடுக்கிக் கொண்டே போனால் , திமுக அரசு செய்ததாக சொல்வது எல்லாமே , அஇஅதிமுக திட்டங்களின் cheap copy தான் ! மக்கள் நலத் திட்டங்களுக்கு எப்போதுமே og சொந்தக்காரங்க நாங்க தான் ! ஒரு குடும்பம் கொள்ளையடிக்க மட்டுமே திட்டம் போட்டு திருடும் திமுக கூட்டத்திற்கு இதெல்லாம் எப்படி தெரியும் ? மகளிருக்கு நேரடியாக நன்மைகள் சேர வேண்டும் , அதுவும் பணமாக சேரவேண்டும் என்பதற்காக தான் தாலிக்கு தங்கம் திட்டத்தின் அடுத்த பரிணாமமாக பொங்கல் பரிசு திட்டத்தை நிறைவேற்றியது அஇஅதிமுக அரசு . அதன் அடுத்த கட்டமாக தான் 2021 தேர்தல் அறிக்கையில் , மாதந்தோறும் மகளிருக்கு ரூ . 1500/- என அறிவித்தோம் ! மாண்புமிகு புரட்சித்தமிழர் @ epstamilnadu சாதனைகளுக்கு ரிப்பன் வெட்டிய `` டூப் '' முதல்வர் ஸ்டாலினின் அரசு , வேறென்ன செய்து கிழித்தது ? திமுக அரசின் மாதம் ஆயிரம் ரூபாயே , அண்ணன் # எடப்பாடியார் அவர்களின் தொடர் வலியுறுத்தலுக்கு பிறகு , 28 மாதம் லேட்டா தானே ஸ்டாலின் அரசு கொடுத்தது ? அதையும் இன்று வரை , சொன்னபடி அனைத்து மகளிருக்கும் கொடுக்கிறதா ? தகுதி எனக் கூறி தமிழக மகளிரை இழிவு படுத்திய அரசை பெண்கள் மறந்துவிடுவார்களா ? அஇஅதிமுக தேர்தல் வாக்குறுதிகளைப் பற்றிப் பேசும் இந்த அமைச்சர்கள் யாரென்று பார்த்தால் , ஒருவர் ஒட்டுண்ணி ரகுபதி . வாய்ப்பு ஒன்று வந்தால் , தான் கட்டியிருக்கும் வேட்டியை கழற்றி விட்டு , வேறொரு வேட்டிக்கு தாவி , வானத்தைப் பார்த்து துப்பிக் கொள்ளக் கூட தயங்காத இந்த ரகுபதி எல்லாம் தேர்தல் வாக்குறுதிகளைப் பற்றி பேசலாமா ? இன்னொருவர் டி.ஆர்.பி . ராஜா . பாக்ஸ்கான் துணை கம்பெனி என்று சட்டமன்றத்திலேயே கம்பி கட்டும் கதையெல்லாம் உருட்டியவர் தானே இவர் ? `` ஆளும் வளரணும் , அறிவும் வளரணும் , அது தான்டா வளர்ச்சி ... '' என்ற புரட்சித் தலைவரின் பாடல் வரிகள் தான் நினைவுக்கு வருகிறது . மாண்புமிகு @ epstamilnadu அவர்கள் ஒரு வாக்குறுதி அளித்தால் , அது செயலில் நடக்கும் என்று மக்களுக்கு நன்றாகத் தெரியும் என்பது திமுக-வினருக்கே தெரியும் . அதனால் தான் இவ்வளவு வயிற்றெச்சல் ! நல்லா கதறுங்க அமைச்சர் சார்-களே ... இன்னும் 2 மாசம் தான் ! tic toc tic toc ... # epsfor2026 # byebyestalin",BJP,0
"நான்கரை ஆண்டுகள் அஇஅதிமுக திட்டங்களுக்கு ஸ்டிக்கர் ஒட்டி வருவதை மட்டுமே ஒரே வேலையாக வைத்துவிட்டு , இப்போது `` காப்பி அடிக்கிறாங்க மிஸ் '' என்று அஇஅதிமுக-வைப் பார்த்து சிறுபிள்ளைத்தனமாக திமுக அமைச்சர்கள் அழுவதைப் பார்த்தால் சிரிப்பு தான் வருகிறது . எது ஒரிஜினல் ? எது காப்பி ? அம்மா மருந்தகம் ஒரிஜினல்- முதல்வர் மருந்தகம் காப்பி ! அம்மா மினி கிளினிக் ஒரிஜினல்- மக்களைத் தேடி மருத்துவம் காப்பி ! தாலிக்கு தங்கம் ஒரிஜினல்- அதை உல்டா செய்தது தானே புதுமைப் பெண் திட்டம் ? இப்படி அடுக்கிக் கொண்டே போனால் , திமுக அரசு செய்ததாக சொல்வது எல்லாமே , அஇஅதிமுக திட்டங்களின் cheap copy தான் ! மக்கள் நலத் திட்டங்களுக்கு எப்போதுமே og சொந்தக்காரங்க நாங்க தான் ! ஒரு குடும்பம் கொள்ளையடிக்க மட்டுமே திட்டம் போட்டு திருடும் திமுக கூட்டத்திற்கு இதெல்லாம் எப்படி தெரியும் ? மகளிருக்கு நேரடியாக நன்மைகள் சேர வேண்டும் , அதுவும் பணமாக சேரவேண்டும் என்பதற்காக தான் தாலிக்கு தங்கம் திட்டத்தின் அடுத்த பரிணாமமாக பொங்கல் பரிசு திட்டத்தை நிறைவேற்றியது அஇஅதிமுக அரசு . அதன் அடுத்த கட்டமாக தான் 2021 தேர்தல் அறிக்கையில் , மாதந்தோறும் மகளிருக்கு ரூ . 1500/- என அறிவித்தோம் ! மாண்புமிகு புரட்சித்தமிழர் @ epstamilnadu சாதனைகளுக்கு ரிப்பன் வெட்டிய `` டூப் '' முதல்வர் ஸ்டாலினின் அரசு , வேறென்ன செய்து கிழித்தது ? திமுக அரசின் மாதம் ஆயிரம் ரூபாயே , அண்ணன் # எடப்பாடியார் அவர்களின் தொடர் வலியுறுத்தலுக்கு பிறகு , 28 மாதம் லேட்டா தானே ஸ்டாலின் அரசு கொடுத்தது ? அதையும் இன்று வரை , சொன்னபடி அனைத்து மகளிருக்கும் கொடுக்கிறதா ? தகுதி எனக் கூறி தமிழக மகளிரை இழிவு படுத்திய அரசை பெண்கள் மறந்துவிடுவார்களா ? அஇஅதிமுக தேர்தல் வாக்குறுதிகளைப் பற்றிப் பேசும் இந்த அமைச்சர்கள் யாரென்று பார்த்தால் , ஒருவர் ஒட்டுண்ணி ரகுபதி . வாய்ப்பு ஒன்று வந்தால் , தான் கட்டியிருக்கும் வேட்டியை கழற்றி விட்டு , வேறொரு வேட்டிக்கு தாவி , வானத்தைப் பார்த்து துப்பிக் கொள்ளக் கூட தயங்காத இந்த ரகுபதி எல்லாம் தேர்தல் வாக்குறுதிகளைப் பற்றி பேசலாமா ? இன்னொருவர் டி.ஆர்.பி . ராஜா . பாக்ஸ்கான் துணை கம்பெனி என்று சட்டமன்றத்திலேயே கம்பி கட்டும் கதையெல்லாம் உருட்டியவர் தானே இவர் ? `` ஆளும் வளரணும் , அறிவும் வளரணும் , அது தான்டா வளர்ச்சி ... '' என்ற புரட்சித் தலைவரின் பாடல் வரிகள் தான் நினைவுக்கு வருகிறது . மாண்புமிகு @ epstamilnadu அவர்கள் ஒரு வாக்குறுதி அளித்தால் , அது செயலில் நடக்கும் என்று மக்களுக்கு நன்றாகத் தெரியும் என்பது திமுக-வினருக்கே தெரியும் . அதனால் தான் இவ்வளவு வயிற்றெச்சல் ! நல்லா கதறுங்க அமைச்சர் சார்-களே ... இன்னும் 2 மாசம் தான் ! tic toc tic toc ... # epsfor2026 # byebyestalin",Congress,0
"நான்கரை ஆண்டுகள் அஇஅதிமுக திட்டங்களுக்கு ஸ்டிக்கர் ஒட்டி வருவதை மட்டுமே ஒரே வேலையாக வைத்துவிட்டு , இப்போது `` காப்பி அடிக்கிறாங்க மிஸ் '' என்று அஇஅதிமுக-வைப் பார்த்து சிறுபிள்ளைத்தனமாக திமுக அமைச்சர்கள் அழுவதைப் பார்த்தால் சிரிப்பு தான் வருகிறது . எது ஒரிஜினல் ? எது காப்பி ? அம்மா மருந்தகம் ஒரிஜினல்- முதல்வர் மருந்தகம் காப்பி ! அம்மா மினி கிளினிக் ஒரிஜினல்- மக்களைத் தேடி மருத்துவம் காப்பி ! தாலிக்கு தங்கம் ஒரிஜினல்- அதை உல்டா செய்தது தானே புதுமைப் பெண் திட்டம் ? இப்படி அடுக்கிக் கொண்டே போனால் , திமுக அரசு செய்ததாக சொல்வது எல்லாமே , அஇஅதிமுக திட்டங்களின் cheap copy தான் ! மக்கள் நலத் திட்டங்களுக்கு எப்போதுமே og சொந்தக்காரங்க நாங்க தான் ! ஒரு குடும்பம் கொள்ளையடிக்க மட்டுமே திட்டம் போட்டு திருடும் திமுக கூட்டத்திற்கு இதெல்லாம் எப்படி தெரியும் ? மகளிருக்கு நேரடியாக நன்மைகள் சேர வேண்டும் , அதுவும் பணமாக சேரவேண்டும் என்பதற்காக தான் தாலிக்கு தங்கம் திட்டத்தின் அடுத்த பரிணாமமாக பொங்கல் பரிசு திட்டத்தை நிறைவேற்றியது அஇஅதிமுக அரசு . அதன் அடுத்த கட்டமாக தான் 2021 தேர்தல் அறிக்கையில் , மாதந்தோறும் மகளிருக்கு ரூ . 1500/- என அறிவித்தோம் ! மாண்புமிகு புரட்சித்தமிழர் @ epstamilnadu சாதனைகளுக்கு ரிப்பன் வெட்டிய `` டூப் '' முதல்வர் ஸ்டாலினின் அரசு , வேறென்ன செய்து கிழித்தது ? திமுக அரசின் மாதம் ஆயிரம் ரூபாயே , அண்ணன் # எடப்பாடியார் அவர்களின் தொடர் வலியுறுத்தலுக்கு பிறகு , 28 மாதம் லேட்டா தானே ஸ்டாலின் அரசு கொடுத்தது ? அதையும் இன்று வரை , சொன்னபடி அனைத்து மகளிருக்கும் கொடுக்கிறதா ? தகுதி எனக் கூறி தமிழக மகளிரை இழிவு படுத்திய அரசை பெண்கள் மறந்துவிடுவார்களா ? அஇஅதிமுக தேர்தல் வாக்குறுதிகளைப் பற்றிப் பேசும் இந்த அமைச்சர்கள் யாரென்று பார்த்தால் , ஒருவர் ஒட்டுண்ணி ரகுபதி . வாய்ப்பு ஒன்று வந்தால் , தான் கட்டியிருக்கும் வேட்டியை கழற்றி விட்டு , வேறொரு வேட்டிக்கு தாவி , வானத்தைப் பார்த்து துப்பிக் கொள்ளக் கூட தயங்காத இந்த ரகுபதி எல்லாம் தேர்தல் வாக்குறுதிகளைப் பற்றி பேசலாமா ? இன்னொருவர் டி.ஆர்.பி . ராஜா . பாக்ஸ்கான் துணை கம்பெனி என்று சட்டமன்றத்திலேயே கம்பி கட்டும் கதையெல்லாம் உருட்டியவர் தானே இவர் ? `` ஆளும் வளரணும் , அறிவும் வளரணும் , அது தான்டா வளர்ச்சி ... '' என்ற புரட்சித் தலைவரின் பாடல் வரிகள் தான் நினைவுக்கு வருகிறது . மாண்புமிகு @ epstamilnadu அவர்கள் ஒரு வாக்குறுதி அளித்தால் , அது செயலில் நடக்கும் என்று மக்களுக்கு நன்றாகத் தெரியும் என்பது திமுக-வினருக்கே தெரியும் . அதனால் தான் இவ்வளவு வயிற்றெச்சல் ! நல்லா கதறுங்க அமைச்சர் சார்-களே ... இன்னும் 2 மாசம் தான் ! tic toc tic toc ... # epsfor2026 # byebyestalin",DMK,1
"நான்கரை ஆண்டுகள் அஇஅதிமுக திட்டங்களுக்கு ஸ்டிக்கர் ஒட்டி வருவதை மட்டுமே ஒரே வேலையாக வைத்துவிட்டு , இப்போது `` காப்பி அடிக்கிறாங்க மிஸ் '' என்று அஇஅதிமுக-வைப் பார்த்து சிறுபிள்ளைத்தனமாக திமுக அமைச்சர்கள் அழுவதைப் பார்த்தால் சிரிப்பு தான் வருகிறது . எது ஒரிஜினல் ? எது காப்பி ? அம்மா மருந்தகம் ஒரிஜினல்- முதல்வர் மருந்தகம் காப்பி ! அம்மா மினி கிளினிக் ஒரிஜினல்- மக்களைத் தேடி மருத்துவம் காப்பி ! தாலிக்கு தங்கம் ஒரிஜினல்- அதை உல்டா செய்தது தானே புதுமைப் பெண் திட்டம் ? இப்படி அடுக்கிக் கொண்டே போனால் , திமுக அரசு செய்ததாக சொல்வது எல்லாமே , அஇஅதிமுக திட்டங்களின் cheap copy தான் ! மக்கள் நலத் திட்டங்களுக்கு எப்போதுமே og சொந்தக்காரங்க நாங்க தான் ! ஒரு குடும்பம் கொள்ளையடிக்க மட்டுமே திட்டம் போட்டு திருடும் திமுக கூட்டத்திற்கு இதெல்லாம் எப்படி தெரியும் ? மகளிருக்கு நேரடியாக நன்மைகள் சேர வேண்டும் , அதுவும் பணமாக சேரவேண்டும் என்பதற்காக தான் தாலிக்கு தங்கம் திட்டத்தின் அடுத்த பரிணாமமாக பொங்கல் பரிசு திட்டத்தை நிறைவேற்றியது அஇஅதிமுக அரசு . அதன் அடுத்த கட்டமாக தான் 2021 தேர்தல் அறிக்கையில் , மாதந்தோறும் மகளிருக்கு ரூ . 1500/- என அறிவித்தோம் ! மாண்புமிகு புரட்சித்தமிழர் @ epstamilnadu சாதனைகளுக்கு ரிப்பன் வெட்டிய `` டூப் '' முதல்வர் ஸ்டாலினின் அரசு , வேறென்ன செய்து கிழித்தது ? திமுக அரசின் மாதம் ஆயிரம் ரூபாயே , அண்ணன் # எடப்பாடியார் அவர்களின் தொடர் வலியுறுத்தலுக்கு பிறகு , 28 மாதம் லேட்டா தானே ஸ்டாலின் அரசு கொடுத்தது ? அதையும் இன்று வரை , சொன்னபடி அனைத்து மகளிருக்கும் கொடுக்கிறதா ? தகுதி எனக் கூறி தமிழக மகளிரை இழிவு படுத்திய அரசை பெண்கள் மறந்துவிடுவார்களா ? அஇஅதிமுக தேர்தல் வாக்குறுதிகளைப் பற்றிப் பேசும் இந்த அமைச்சர்கள் யாரென்று பார்த்தால் , ஒருவர் ஒட்டுண்ணி ரகுபதி . வாய்ப்பு ஒன்று வந்தால் , தான் கட்டியிருக்கும் வேட்டியை கழற்றி விட்டு , வேறொரு வேட்டிக்கு தாவி , வானத்தைப் பார்த்து துப்பிக் கொள்ளக் கூட தயங்காத இந்த ரகுபதி எல்லாம் தேர்தல் வாக்குறுதிகளைப் பற்றி பேசலாமா ? இன்னொருவர் டி.ஆர்.பி . ராஜா . பாக்ஸ்கான் துணை கம்பெனி என்று சட்டமன்றத்திலேயே கம்பி கட்டும் கதையெல்லாம் உருட்டியவர் தானே இவர் ? `` ஆளும் வளரணும் , அறிவும் வளரணும் , அது தான்டா வளர்ச்சி ... '' என்ற புரட்சித் தலைவரின் பாடல் வரிகள் தான் நினைவுக்கு வருகிறது . மாண்புமிகு @ epstamilnadu அவர்கள் ஒரு வாக்குறுதி அளித்தால் , அது செயலில் நடக்கும் என்று மக்களுக்கு நன்றாகத் தெரியும் என்பது திமுக-வினருக்கே தெரியும் . அதனால் தான் இவ்வளவு வயிற்றெச்சல் ! நல்லா கதறுங்க அமைச்சர் சார்-களே ... இன்னும் 2 மாசம் தான் ! tic toc tic toc ... # epsfor2026 # byebyestalin",NTK,0
"நான்கரை ஆண்டுகள் அஇஅதிமுக திட்டங்களுக்கு ஸ்டிக்கர் ஒட்டி வருவதை மட்டுமே ஒரே வேலையாக வைத்துவிட்டு , இப்போது `` காப்பி அடிக்கிறாங்க மிஸ் '' என்று அஇஅதிமுக-வைப் பார்த்து சிறுபிள்ளைத்தனமாக திமுக அமைச்சர்கள் அழுவதைப் பார்த்தால் சிரிப்பு தான் வருகிறது . எது ஒரிஜினல் ? எது காப்பி ? அம்மா மருந்தகம் ஒரிஜினல்- முதல்வர் மருந்தகம் காப்பி ! அம்மா மினி கிளினிக் ஒரிஜினல்- மக்களைத் தேடி மருத்துவம் காப்பி ! தாலிக்கு தங்கம் ஒரிஜினல்- அதை உல்டா செய்தது தானே புதுமைப் பெண் திட்டம் ? இப்படி அடுக்கிக் கொண்டே போனால் , திமுக அரசு செய்ததாக சொல்வது எல்லாமே , அஇஅதிமுக திட்டங்களின் cheap copy தான் ! மக்கள் நலத் திட்டங்களுக்கு எப்போதுமே og சொந்தக்காரங்க நாங்க தான் ! ஒரு குடும்பம் கொள்ளையடிக்க மட்டுமே திட்டம் போட்டு திருடும் திமுக கூட்டத்திற்கு இதெல்லாம் எப்படி தெரியும் ? மகளிருக்கு நேரடியாக நன்மைகள் சேர வேண்டும் , அதுவும் பணமாக சேரவேண்டும் என்பதற்காக தான் தாலிக்கு தங்கம் திட்டத்தின் அடுத்த பரிணாமமாக பொங்கல் பரிசு திட்டத்தை நிறைவேற்றியது அஇஅதிமுக அரசு . அதன் அடுத்த கட்டமாக தான் 2021 தேர்தல் அறிக்கையில் , மாதந்தோறும் மகளிருக்கு ரூ . 1500/- என அறிவித்தோம் ! மாண்புமிகு புரட்சித்தமிழர் @ epstamilnadu சாதனைகளுக்கு ரிப்பன் வெட்டிய `` டூப் '' முதல்வர் ஸ்டாலினின் அரசு , வேறென்ன செய்து கிழித்தது ? திமுக அரசின் மாதம் ஆயிரம் ரூபாயே , அண்ணன் # எடப்பாடியார் அவர்களின் தொடர் வலியுறுத்தலுக்கு பிறகு , 28 மாதம் லேட்டா தானே ஸ்டாலின் அரசு கொடுத்தது ? அதையும் இன்று வரை , சொன்னபடி அனைத்து மகளிருக்கும் கொடுக்கிறதா ? தகுதி எனக் கூறி தமிழக மகளிரை இழிவு படுத்திய அரசை பெண்கள் மறந்துவிடுவார்களா ? அஇஅதிமுக தேர்தல் வாக்குறுதிகளைப் பற்றிப் பேசும் இந்த அமைச்சர்கள் யாரென்று பார்த்தால் , ஒருவர் ஒட்டுண்ணி ரகுபதி . வாய்ப்பு ஒன்று வந்தால் , தான் கட்டியிருக்கும் வேட்டியை கழற்றி விட்டு , வேறொரு வேட்டிக்கு தாவி , வானத்தைப் பார்த்து துப்பிக் கொள்ளக் கூட தயங்காத இந்த ரகுபதி எல்லாம் தேர்தல் வாக்குறுதிகளைப் பற்றி பேசலாமா ? இன்னொருவர் டி.ஆர்.பி . ராஜா . பாக்ஸ்கான் துணை கம்பெனி என்று சட்டமன்றத்திலேயே கம்பி கட்டும் கதையெல்லாம் உருட்டியவர் தானே இவர் ? `` ஆளும் வளரணும் , அறிவும் வளரணும் , அது தான்டா வளர்ச்சி ... '' என்ற புரட்சித் தலைவரின் பாடல் வரிகள் தான் நினைவுக்கு வருகிறது . மாண்புமிகு @ epstamilnadu அவர்கள் ஒரு வாக்குறுதி அளித்தால் , அது செயலில் நடக்கும் என்று மக்களுக்கு நன்றாகத் தெரியும் என்பது திமுக-வினருக்கே தெரியும் . அதனால் தான் இவ்வளவு வயிற்றெச்சல் ! நல்லா கதறுங்க அமைச்சர் சார்-களே ... இன்னும் 2 மாசம் தான் ! tic toc tic toc ... # epsfor2026 # byebyestalin",TVK,0
"எங்கே சென்றாலும் மக்கள் உண்மையை புரிந்து கொண்டு எதிர்த்து விரட்டுகிறார்கள் . இவர்கள் மட்டும் இன்னும் “ tvk . tvk ( தீ வைக்க , தீ வைக்க ) என்று கதறிக் கொண்டிருக்கிறார்கள் !",ADMK,0
"எங்கே சென்றாலும் மக்கள் உண்மையை புரிந்து கொண்டு எதிர்த்து விரட்டுகிறார்கள் . இவர்கள் மட்டும் இன்னும் “ tvk . tvk ( தீ வைக்க , தீ வைக்க ) என்று கதறிக் கொண்டிருக்கிறார்கள் !",BJP,0
"எங்கே சென்றாலும் மக்கள் உண்மையை புரிந்து கொண்டு எதிர்த்து விரட்டுகிறார்கள் . இவர்கள் மட்டும் இன்னும் “ tvk . tvk ( தீ வைக்க , தீ வைக்க ) என்று கதறிக் கொண்டிருக்கிறார்கள் !",Congress,0
"எங்கே சென்றாலும் மக்கள் உண்மையை புரிந்து கொண்டு எதிர்த்து விரட்டுகிறார்கள் . இவர்கள் மட்டும் இன்னும் “ tvk . tvk ( தீ வைக்க , தீ வைக்க ) என்று கதறிக் கொண்டிருக்கிறார்கள் !",DMK,0
"எங்கே சென்றாலும் மக்கள் உண்மையை புரிந்து கொண்டு எதிர்த்து விரட்டுகிறார்கள் . இவர்கள் மட்டும் இன்னும் “ tvk . tvk ( தீ வைக்க , தீ வைக்க ) என்று கதறிக் கொண்டிருக்கிறார்கள் !",NTK,0
"எங்கே சென்றாலும் மக்கள் உண்மையை புரிந்து கொண்டு எதிர்த்து விரட்டுகிறார்கள் . இவர்கள் மட்டும் இன்னும் “ tvk . tvk ( தீ வைக்க , தீ வைக்க ) என்று கதறிக் கொண்டிருக்கிறார்கள் !",TVK,1
"blatant injustice meted avila convent school band coimbatore south zone school band competition hyderabad highly condemnable . team officially declared first brass band ( girls ) category , given certificates trophy , arbitrarily pushed third place alleged backdoor “ re‑result ” , without transparency notice school students . blatant manipulation results raises serious questions conduct organisers role telangana government , whose watch original results cancelled new list issued “ expert review ” mysteriously downgraded avila convent , tamil nadu . conduct insult hard work , discipline merit daughters fair square field . government tn remain mute spectator team , legitimately earned right represent state , denied place national school band competition held 24th january delhi . duty tn govt immediately intervene telangana govt & authorities restore avila convent ’ rightful position . telangana govt must ensure complete transparency , publish basis so‑called re‑evaluation , guarantee original winners sacrificed backroom lobbying , . young girls avila convent made tamil nadu proud ; govt tamil nadu 's responsibility stand ensure march delhi heads held high .",ADMK,0
"blatant injustice meted avila convent school band coimbatore south zone school band competition hyderabad highly condemnable . team officially declared first brass band ( girls ) category , given certificates trophy , arbitrarily pushed third place alleged backdoor “ re‑result ” , without transparency notice school students . blatant manipulation results raises serious questions conduct organisers role telangana government , whose watch original results cancelled new list issued “ expert review ” mysteriously downgraded avila convent , tamil nadu . conduct insult hard work , discipline merit daughters fair square field . government tn remain mute spectator team , legitimately earned right represent state , denied place national school band competition held 24th january delhi . duty tn govt immediately intervene telangana govt & authorities restore avila convent ’ rightful position . telangana govt must ensure complete transparency , publish basis so‑called re‑evaluation , guarantee original winners sacrificed backroom lobbying , . young girls avila convent made tamil nadu proud ; govt tamil nadu 's responsibility stand ensure march delhi heads held high .",BJP,0
"blatant injustice meted avila convent school band coimbatore south zone school band competition hyderabad highly condemnable . team officially declared first brass band ( girls ) category , given certificates trophy , arbitrarily pushed third place alleged backdoor “ re‑result ” , without transparency notice school students . blatant manipulation results raises serious questions conduct organisers role telangana government , whose watch original results cancelled new list issued “ expert review ” mysteriously downgraded avila convent , tamil nadu . conduct insult hard work , discipline merit daughters fair square field . government tn remain mute spectator team , legitimately earned right represent state , denied place national school band competition held 24th january delhi . duty tn govt immediately intervene telangana govt & authorities restore avila convent ’ rightful position . telangana govt must ensure complete transparency , publish basis so‑called re‑evaluation , guarantee original winners sacrificed backroom lobbying , . young girls avila convent made tamil nadu proud ; govt tamil nadu 's responsibility stand ensure march delhi heads held high .",Congress,0
"blatant injustice meted avila convent school band coimbatore south zone school band competition hyderabad highly condemnable . team officially declared first brass band ( girls ) category , given certificates trophy , arbitrarily pushed third place alleged backdoor “ re‑result ” , without transparency notice school students . blatant manipulation results raises serious questions conduct organisers role telangana government , whose watch original results cancelled new list issued “ expert review ” mysteriously downgraded avila convent , tamil nadu . conduct insult hard work , discipline merit daughters fair square field . government tn remain mute spectator team , legitimately earned right represent state , denied place national school band competition held 24th january delhi . duty tn govt immediately intervene telangana govt & authorities restore avila convent ’ rightful position . telangana govt must ensure complete transparency , publish basis so‑called re‑evaluation , guarantee original winners sacrificed backroom lobbying , . young girls avila convent made tamil nadu proud ; govt tamil nadu 's responsibility stand ensure march delhi heads held high .",DMK,1
"blatant injustice meted avila convent school band coimbatore south zone school band competition hyderabad highly condemnable . team officially declared first brass band ( girls ) category , given certificates trophy , arbitrarily pushed third place alleged backdoor “ re‑result ” , without transparency notice school students . blatant manipulation results raises serious questions conduct organisers role telangana government , whose watch original results cancelled new list issued “ expert review ” mysteriously downgraded avila convent , tamil nadu . conduct insult hard work , discipline merit daughters fair square field . government tn remain mute spectator team , legitimately earned right represent state , denied place national school band competition held 24th january delhi . duty tn govt immediately intervene telangana govt & authorities restore avila convent ’ rightful position . telangana govt must ensure complete transparency , publish basis so‑called re‑evaluation , guarantee original winners sacrificed backroom lobbying , . young girls avila convent made tamil nadu proud ; govt tamil nadu 's responsibility stand ensure march delhi heads held high .",NTK,0
"blatant injustice meted avila convent school band coimbatore south zone school band competition hyderabad highly condemnable . team officially declared first brass band ( girls ) category , given certificates trophy , arbitrarily pushed third place alleged backdoor “ re‑result ” , without transparency notice school students . blatant manipulation results raises serious questions conduct organisers role telangana government , whose watch original results cancelled new list issued “ expert review ” mysteriously downgraded avila convent , tamil nadu . conduct insult hard work , discipline merit daughters fair square field . government tn remain mute spectator team , legitimately earned right represent state , denied place national school band competition held 24th january delhi . duty tn govt immediately intervene telangana govt & authorities restore avila convent ’ rightful position . telangana govt must ensure complete transparency , publish basis so‑called re‑evaluation , guarantee original winners sacrificed backroom lobbying , . young girls avila convent made tamil nadu proud ; govt tamil nadu 's responsibility stand ensure march delhi heads held high .",TVK,0
"election time , dmk planning create fights thala thalapathy fans use gain votes . even fight among , ak 's support tvk , thala fans also going vote tvk . vijay × ak : people_hugging : :heart_suit : & gt ;",ADMK,0
"election time , dmk planning create fights thala thalapathy fans use gain votes . even fight among , ak 's support tvk , thala fans also going vote tvk . vijay × ak : people_hugging : :heart_suit : & gt ;",BJP,0
"election time , dmk planning create fights thala thalapathy fans use gain votes . even fight among , ak 's support tvk , thala fans also going vote tvk . vijay × ak : people_hugging : :heart_suit : & gt ;",Congress,0
"election time , dmk planning create fights thala thalapathy fans use gain votes . even fight among , ak 's support tvk , thala fans also going vote tvk . vijay × ak : people_hugging : :heart_suit : & gt ;",DMK,1
"election time , dmk planning create fights thala thalapathy fans use gain votes . even fight among , ak 's support tvk , thala fans also going vote tvk . vijay × ak : people_hugging : :heart_suit : & gt ;",NTK,0
"election time , dmk planning create fights thala thalapathy fans use gain votes . even fight among , ak 's support tvk , thala fans also going vote tvk . vijay × ak : people_hugging : :heart_suit : & gt ;",TVK,1
அதிமுக வட சென்னை முன்னாள் மாவட்ட செயலாளர் vs. பாபு தவெக வில் ஐயா @ kasengottaiyan முன்னிலையில் இணைந்தார் விரைவில் தலைவர் @ tvkvijayhq சந்தித்து கட்சியில் 2000 பேர் இணைப்பதாக கூறியுள்ளார் : thumbs_up_medium-dark_skin_tone :,ADMK,1
அதிமுக வட சென்னை முன்னாள் மாவட்ட செயலாளர் vs. பாபு தவெக வில் ஐயா @ kasengottaiyan முன்னிலையில் இணைந்தார் விரைவில் தலைவர் @ tvkvijayhq சந்தித்து கட்சியில் 2000 பேர் இணைப்பதாக கூறியுள்ளார் : thumbs_up_medium-dark_skin_tone :,BJP,0
அதிமுக வட சென்னை முன்னாள் மாவட்ட செயலாளர் vs. பாபு தவெக வில் ஐயா @ kasengottaiyan முன்னிலையில் இணைந்தார் விரைவில் தலைவர் @ tvkvijayhq சந்தித்து கட்சியில் 2000 பேர் இணைப்பதாக கூறியுள்ளார் : thumbs_up_medium-dark_skin_tone :,Congress,0
அதிமுக வட சென்னை முன்னாள் மாவட்ட செயலாளர் vs. பாபு தவெக வில் ஐயா @ kasengottaiyan முன்னிலையில் இணைந்தார் விரைவில் தலைவர் @ tvkvijayhq சந்தித்து கட்சியில் 2000 பேர் இணைப்பதாக கூறியுள்ளார் : thumbs_up_medium-dark_skin_tone :,DMK,0
அதிமுக வட சென்னை முன்னாள் மாவட்ட செயலாளர் vs. பாபு தவெக வில் ஐயா @ kasengottaiyan முன்னிலையில் இணைந்தார் விரைவில் தலைவர் @ tvkvijayhq சந்தித்து கட்சியில் 2000 பேர் இணைப்பதாக கூறியுள்ளார் : thumbs_up_medium-dark_skin_tone :,NTK,0
அதிமுக வட சென்னை முன்னாள் மாவட்ட செயலாளர் vs. பாபு தவெக வில் ஐயா @ kasengottaiyan முன்னிலையில் இணைந்தார் விரைவில் தலைவர் @ tvkvijayhq சந்தித்து கட்சியில் 2000 பேர் இணைப்பதாக கூறியுள்ளார் : thumbs_up_medium-dark_skin_tone :,TVK,1
நியாயத்தைக் கேட்கும் பாஜக பெண் கவுன்சிலரை ஒருமையில் பேசி அவமானப்படுத்தும் அராஜக திமுக கவுன்சிலர் !,ADMK,0
நியாயத்தைக் கேட்கும் பாஜக பெண் கவுன்சிலரை ஒருமையில் பேசி அவமானப்படுத்தும் அராஜக திமுக கவுன்சிலர் !,BJP,1
நியாயத்தைக் கேட்கும் பாஜக பெண் கவுன்சிலரை ஒருமையில் பேசி அவமானப்படுத்தும் அராஜக திமுக கவுன்சிலர் !,Congress,0
நியாயத்தைக் கேட்கும் பாஜக பெண் கவுன்சிலரை ஒருமையில் பேசி அவமானப்படுத்தும் அராஜக திமுக கவுன்சிலர் !,DMK,1
நியாயத்தைக் கேட்கும் பாஜக பெண் கவுன்சிலரை ஒருமையில் பேசி அவமானப்படுத்தும் அராஜக திமுக கவுன்சிலர் !,NTK,0
நியாயத்தைக் கேட்கும் பாஜக பெண் கவுன்சிலரை ஒருமையில் பேசி அவமானப்படுத்தும் அராஜக திமுக கவுன்சிலர் !,TVK,0
ஆதமங்கலம் புதூர் மஞ்சுவிரட்டில் # tvk tvk என கோஷமிட்ட மக்கள் : exploding_head : :fire : திமுககாரன் செம்ம காண்டுல இருக்கான் போல எதும் செய்ய முடியாம : face_with_tears_of_joy : # tvkfortn,ADMK,0
ஆதமங்கலம் புதூர் மஞ்சுவிரட்டில் # tvk tvk என கோஷமிட்ட மக்கள் : exploding_head : :fire : திமுககாரன் செம்ம காண்டுல இருக்கான் போல எதும் செய்ய முடியாம : face_with_tears_of_joy : # tvkfortn,BJP,0
ஆதமங்கலம் புதூர் மஞ்சுவிரட்டில் # tvk tvk என கோஷமிட்ட மக்கள் : exploding_head : :fire : திமுககாரன் செம்ம காண்டுல இருக்கான் போல எதும் செய்ய முடியாம : face_with_tears_of_joy : # tvkfortn,Congress,0
ஆதமங்கலம் புதூர் மஞ்சுவிரட்டில் # tvk tvk என கோஷமிட்ட மக்கள் : exploding_head : :fire : திமுககாரன் செம்ம காண்டுல இருக்கான் போல எதும் செய்ய முடியாம : face_with_tears_of_joy : # tvkfortn,DMK,1
ஆதமங்கலம் புதூர் மஞ்சுவிரட்டில் # tvk tvk என கோஷமிட்ட மக்கள் : exploding_head : :fire : திமுககாரன் செம்ம காண்டுல இருக்கான் போல எதும் செய்ய முடியாம : face_with_tears_of_joy : # tvkfortn,NTK,0
ஆதமங்கலம் புதூர் மஞ்சுவிரட்டில் # tvk tvk என கோஷமிட்ட மக்கள் : exploding_head : :fire : திமுககாரன் செம்ம காண்டுல இருக்கான் போல எதும் செய்ய முடியாம : face_with_tears_of_joy : # tvkfortn,TVK,1
"people mumbai spoken crystal clarity ! historic victory mahayuti alliance bmc elections resounding endorsement development-first governance . grassroots local bodies halls parliament , triple engine delivers real , tangible development every citizen . opposition trafficked divisive narratives aimed fragmenting people , mumbai chose unity , progress , inclusive growth . extending heartfelt congratulations maharashtra cm thiru @ dev_fadnavis avl dy cm thiru @ mieknathshinde avl , karyakarthas bjp leaders mahayuti alliance astounding victory . hon . pm thiru @ narendramodi avl ’ visionary central policies brilliant state administrators , mumbai setting benchmarks infrastructure , urban development , citizens ' welfare . people rewarded governance vote . opposition banking failed strategy dividing mumbaikars along linguistic regional lines , 20th-century relic people soundly rejected . nda government talks development infrastructure , jobs , growth , opposition clung archaic narrative regional animosity . mumbaikars chose substance divisiveness . @ ameetsatam @ bjp4mumbai @ shivsenaofc",ADMK,0
"people mumbai spoken crystal clarity ! historic victory mahayuti alliance bmc elections resounding endorsement development-first governance . grassroots local bodies halls parliament , triple engine delivers real , tangible development every citizen . opposition trafficked divisive narratives aimed fragmenting people , mumbai chose unity , progress , inclusive growth . extending heartfelt congratulations maharashtra cm thiru @ dev_fadnavis avl dy cm thiru @ mieknathshinde avl , karyakarthas bjp leaders mahayuti alliance astounding victory . hon . pm thiru @ narendramodi avl ’ visionary central policies brilliant state administrators , mumbai setting benchmarks infrastructure , urban development , citizens ' welfare . people rewarded governance vote . opposition banking failed strategy dividing mumbaikars along linguistic regional lines , 20th-century relic people soundly rejected . nda government talks development infrastructure , jobs , growth , opposition clung archaic narrative regional animosity . mumbaikars chose substance divisiveness . @ ameetsatam @ bjp4mumbai @ shivsenaofc",BJP,1
"people mumbai spoken crystal clarity ! historic victory mahayuti alliance bmc elections resounding endorsement development-first governance . grassroots local bodies halls parliament , triple engine delivers real , tangible development every citizen . opposition trafficked divisive narratives aimed fragmenting people , mumbai chose unity , progress , inclusive growth . extending heartfelt congratulations maharashtra cm thiru @ dev_fadnavis avl dy cm thiru @ mieknathshinde avl , karyakarthas bjp leaders mahayuti alliance astounding victory . hon . pm thiru @ narendramodi avl ’ visionary central policies brilliant state administrators , mumbai setting benchmarks infrastructure , urban development , citizens ' welfare . people rewarded governance vote . opposition banking failed strategy dividing mumbaikars along linguistic regional lines , 20th-century relic people soundly rejected . nda government talks development infrastructure , jobs , growth , opposition clung archaic narrative regional animosity . mumbaikars chose substance divisiveness . @ ameetsatam @ bjp4mumbai @ shivsenaofc",Congress,0
"people mumbai spoken crystal clarity ! historic victory mahayuti alliance bmc elections resounding endorsement development-first governance . grassroots local bodies halls parliament , triple engine delivers real , tangible development every citizen . opposition trafficked divisive narratives aimed fragmenting people , mumbai chose unity , progress , inclusive growth . extending heartfelt congratulations maharashtra cm thiru @ dev_fadnavis avl dy cm thiru @ mieknathshinde avl , karyakarthas bjp leaders mahayuti alliance astounding victory . hon . pm thiru @ narendramodi avl ’ visionary central policies brilliant state administrators , mumbai setting benchmarks infrastructure , urban development , citizens ' welfare . people rewarded governance vote . opposition banking failed strategy dividing mumbaikars along linguistic regional lines , 20th-century relic people soundly rejected . nda government talks development infrastructure , jobs , growth , opposition clung archaic narrative regional animosity . mumbaikars chose substance divisiveness . @ ameetsatam @ bjp4mumbai @ shivsenaofc",DMK,0
"people mumbai spoken crystal clarity ! historic victory mahayuti alliance bmc elections resounding endorsement development-first governance . grassroots local bodies halls parliament , triple engine delivers real , tangible development every citizen . opposition trafficked divisive narratives aimed fragmenting people , mumbai chose unity , progress , inclusive growth . extending heartfelt congratulations maharashtra cm thiru @ dev_fadnavis avl dy cm thiru @ mieknathshinde avl , karyakarthas bjp leaders mahayuti alliance astounding victory . hon . pm thiru @ narendramodi avl ’ visionary central policies brilliant state administrators , mumbai setting benchmarks infrastructure , urban development , citizens ' welfare . people rewarded governance vote . opposition banking failed strategy dividing mumbaikars along linguistic regional lines , 20th-century relic people soundly rejected . nda government talks development infrastructure , jobs , growth , opposition clung archaic narrative regional animosity . mumbaikars chose substance divisiveness . @ ameetsatam @ bjp4mumbai @ shivsenaofc",NTK,0
"people mumbai spoken crystal clarity ! historic victory mahayuti alliance bmc elections resounding endorsement development-first governance . grassroots local bodies halls parliament , triple engine delivers real , tangible development every citizen . opposition trafficked divisive narratives aimed fragmenting people , mumbai chose unity , progress , inclusive growth . extending heartfelt congratulations maharashtra cm thiru @ dev_fadnavis avl dy cm thiru @ mieknathshinde avl , karyakarthas bjp leaders mahayuti alliance astounding victory . hon . pm thiru @ narendramodi avl ’ visionary central policies brilliant state administrators , mumbai setting benchmarks infrastructure , urban development , citizens ' welfare . people rewarded governance vote . opposition banking failed strategy dividing mumbaikars along linguistic regional lines , 20th-century relic people soundly rejected . nda government talks development infrastructure , jobs , growth , opposition clung archaic narrative regional animosity . mumbaikars chose substance divisiveness . @ ameetsatam @ bjp4mumbai @ shivsenaofc",TVK,0
அரசு வேலைக்கு லஞ்சம் ! திமுக ஆட்சியில் தொடரும் மெகா ஊழல் !,ADMK,0
அரசு வேலைக்கு லஞ்சம் ! திமுக ஆட்சியில் தொடரும் மெகா ஊழல் !,BJP,0
அரசு வேலைக்கு லஞ்சம் ! திமுக ஆட்சியில் தொடரும் மெகா ஊழல் !,Congress,0
அரசு வேலைக்கு லஞ்சம் ! திமுக ஆட்சியில் தொடரும் மெகா ஊழல் !,DMK,1
அரசு வேலைக்கு லஞ்சம் ! திமுக ஆட்சியில் தொடரும் மெகா ஊழல் !,NTK,0
அரசு வேலைக்கு லஞ்சம் ! திமுக ஆட்சியில் தொடரும் மெகா ஊழல் !,TVK,0
"பாவம் டா அந்த ஆளு , இப்படி நெஞ்ச புடிச்சிட்டு உட்கார வச்சிட்டீங்களே .. : face_with_tears_of_joy : :face_with_tears_of_joy : :face_with_tears_of_joy : # tvk # jananayagan @ tvkvijayhq",ADMK,0
"பாவம் டா அந்த ஆளு , இப்படி நெஞ்ச புடிச்சிட்டு உட்கார வச்சிட்டீங்களே .. : face_with_tears_of_joy : :face_with_tears_of_joy : :face_with_tears_of_joy : # tvk # jananayagan @ tvkvijayhq",BJP,0
"பாவம் டா அந்த ஆளு , இப்படி நெஞ்ச புடிச்சிட்டு உட்கார வச்சிட்டீங்களே .. : face_with_tears_of_joy : :face_with_tears_of_joy : :face_with_tears_of_joy : # tvk # jananayagan @ tvkvijayhq",Congress,0
"பாவம் டா அந்த ஆளு , இப்படி நெஞ்ச புடிச்சிட்டு உட்கார வச்சிட்டீங்களே .. : face_with_tears_of_joy : :face_with_tears_of_joy : :face_with_tears_of_joy : # tvk # jananayagan @ tvkvijayhq",DMK,0
"பாவம் டா அந்த ஆளு , இப்படி நெஞ்ச புடிச்சிட்டு உட்கார வச்சிட்டீங்களே .. : face_with_tears_of_joy : :face_with_tears_of_joy : :face_with_tears_of_joy : # tvk # jananayagan @ tvkvijayhq",NTK,0
"பாவம் டா அந்த ஆளு , இப்படி நெஞ்ச புடிச்சிட்டு உட்கார வச்சிட்டீங்களே .. : face_with_tears_of_joy : :face_with_tears_of_joy : :face_with_tears_of_joy : # tvk # jananayagan @ tvkvijayhq",TVK,1
திருப்பூர் பெருமாநல்லூரில் குமரன் குன்று முருகப் பெருமான் கோவிலை இடித்து தன் ‘ திராவிட மாடல் கடமை ’ யை செய்யும் திமுக அரசு ! சொரணை கெட்ட தமிழ் சமூகம் தமிழகத்தில் இரண்டாம் தர குடிமக்களாக இருப்பதைக் கூட உணராமல் உள்ளோம் !,ADMK,0
திருப்பூர் பெருமாநல்லூரில் குமரன் குன்று முருகப் பெருமான் கோவிலை இடித்து தன் ‘ திராவிட மாடல் கடமை ’ யை செய்யும் திமுக அரசு ! சொரணை கெட்ட தமிழ் சமூகம் தமிழகத்தில் இரண்டாம் தர குடிமக்களாக இருப்பதைக் கூட உணராமல் உள்ளோம் !,BJP,0
திருப்பூர் பெருமாநல்லூரில் குமரன் குன்று முருகப் பெருமான் கோவிலை இடித்து தன் ‘ திராவிட மாடல் கடமை ’ யை செய்யும் திமுக அரசு ! சொரணை கெட்ட தமிழ் சமூகம் தமிழகத்தில் இரண்டாம் தர குடிமக்களாக இருப்பதைக் கூட உணராமல் உள்ளோம் !,Congress,0
திருப்பூர் பெருமாநல்லூரில் குமரன் குன்று முருகப் பெருமான் கோவிலை இடித்து தன் ‘ திராவிட மாடல் கடமை ’ யை செய்யும் திமுக அரசு ! சொரணை கெட்ட தமிழ் சமூகம் தமிழகத்தில் இரண்டாம் தர குடிமக்களாக இருப்பதைக் கூட உணராமல் உள்ளோம் !,DMK,1
திருப்பூர் பெருமாநல்லூரில் குமரன் குன்று முருகப் பெருமான் கோவிலை இடித்து தன் ‘ திராவிட மாடல் கடமை ’ யை செய்யும் திமுக அரசு ! சொரணை கெட்ட தமிழ் சமூகம் தமிழகத்தில் இரண்டாம் தர குடிமக்களாக இருப்பதைக் கூட உணராமல் உள்ளோம் !,NTK,0
திருப்பூர் பெருமாநல்லூரில் குமரன் குன்று முருகப் பெருமான் கோவிலை இடித்து தன் ‘ திராவிட மாடல் கடமை ’ யை செய்யும் திமுக அரசு ! சொரணை கெட்ட தமிழ் சமூகம் தமிழகத்தில் இரண்டாம் தர குடிமக்களாக இருப்பதைக் கூட உணராமல் உள்ளோம் !,TVK,0
சொரணையுள்ள தமிழன் எவனும் … @ blsanthosh @ menonarvindbjp @ reddysudhakar21 @ nainarbjp @ kesavavinayakan @ annamalai_k,ADMK,0
சொரணையுள்ள தமிழன் எவனும் … @ blsanthosh @ menonarvindbjp @ reddysudhakar21 @ nainarbjp @ kesavavinayakan @ annamalai_k,BJP,1
சொரணையுள்ள தமிழன் எவனும் … @ blsanthosh @ menonarvindbjp @ reddysudhakar21 @ nainarbjp @ kesavavinayakan @ annamalai_k,Congress,0
சொரணையுள்ள தமிழன் எவனும் … @ blsanthosh @ menonarvindbjp @ reddysudhakar21 @ nainarbjp @ kesavavinayakan @ annamalai_k,DMK,0
சொரணையுள்ள தமிழன் எவனும் … @ blsanthosh @ menonarvindbjp @ reddysudhakar21 @ nainarbjp @ kesavavinayakan @ annamalai_k,NTK,0
சொரணையுள்ள தமிழன் எவனும் … @ blsanthosh @ menonarvindbjp @ reddysudhakar21 @ nainarbjp @ kesavavinayakan @ annamalai_k,TVK,0
"தமிழ் எப்படி தமிழர்களுக்கு சொந்தமான மொழியோ , அதேபோல சமஸ்கிருதமும் தமிழர்களுக்கு சொந்தமான மொழியே ! @ narendramodi @ amitshah @ rajnathsingh @ nsitharaman @ ashwinivaishnaw @ blsanthosh @ menonarvindbjp @ reddysudhakar21 @ nainarbjp @ kesavavinayakan @ annamalai_k",ADMK,0
"தமிழ் எப்படி தமிழர்களுக்கு சொந்தமான மொழியோ , அதேபோல சமஸ்கிருதமும் தமிழர்களுக்கு சொந்தமான மொழியே ! @ narendramodi @ amitshah @ rajnathsingh @ nsitharaman @ ashwinivaishnaw @ blsanthosh @ menonarvindbjp @ reddysudhakar21 @ nainarbjp @ kesavavinayakan @ annamalai_k",BJP,1
"தமிழ் எப்படி தமிழர்களுக்கு சொந்தமான மொழியோ , அதேபோல சமஸ்கிருதமும் தமிழர்களுக்கு சொந்தமான மொழியே ! @ narendramodi @ amitshah @ rajnathsingh @ nsitharaman @ ashwinivaishnaw @ blsanthosh @ menonarvindbjp @ reddysudhakar21 @ nainarbjp @ kesavavinayakan @ annamalai_k",Congress,0
"தமிழ் எப்படி தமிழர்களுக்கு சொந்தமான மொழியோ , அதேபோல சமஸ்கிருதமும் தமிழர்களுக்கு சொந்தமான மொழியே ! @ narendramodi @ amitshah @ rajnathsingh @ nsitharaman @ ashwinivaishnaw @ blsanthosh @ menonarvindbjp @ reddysudhakar21 @ nainarbjp @ kesavavinayakan @ annamalai_k",DMK,0
"தமிழ் எப்படி தமிழர்களுக்கு சொந்தமான மொழியோ , அதேபோல சமஸ்கிருதமும் தமிழர்களுக்கு சொந்தமான மொழியே ! @ narendramodi @ amitshah @ rajnathsingh @ nsitharaman @ ashwinivaishnaw @ blsanthosh @ menonarvindbjp @ reddysudhakar21 @ nainarbjp @ kesavavinayakan @ annamalai_k",NTK,0
"தமிழ் எப்படி தமிழர்களுக்கு சொந்தமான மொழியோ , அதேபோல சமஸ்கிருதமும் தமிழர்களுக்கு சொந்தமான மொழியே ! @ narendramodi @ amitshah @ rajnathsingh @ nsitharaman @ ashwinivaishnaw @ blsanthosh @ menonarvindbjp @ reddysudhakar21 @ nainarbjp @ kesavavinayakan @ annamalai_k",TVK,0
கொடுத்த வாக்குறுதி பட்டியலில் குறைவான வாக்குறுதிகளை மட்டுமே நிறைவேற்றிய அரசு ஒன்று உண்டென்றால் அது தமிழகத்தில் உள்ள திமுக அரசு தான் . தமிழகத்தில் தமிழக பெண்கள் தாய்மார்களின் பாதுகாப்பிற்கு எந்த உத்திரவாதமும் இல்லை . தமிழக அரசுக்கு ஒரே ஒரு எண்ணம் தான் . அது ஸ்டாலின் மகன் உதயநிதியை முதல்வர் ஆக்கவேண்டும் என்பது தான் . நான் இன்று தமிழக மக்களுக்கு இதை கூற வந்துள்ளேன் . தமிழகத்தில் நடந்து வரும் குடும்ப அரசியலை ஒழித்துக்கட்ட நேரம் வந்துவிட்டது - 'தமிழகம் தலை நிமிர தமிழனின் பயணம் ' யாத்திரை நிறைவு விழாவில் உரையாற்றிய நமது மாண்புமிகு உள்துறை அமைச்சர் திரு @ amitshah அவர்கள் .,ADMK,0
கொடுத்த வாக்குறுதி பட்டியலில் குறைவான வாக்குறுதிகளை மட்டுமே நிறைவேற்றிய அரசு ஒன்று உண்டென்றால் அது தமிழகத்தில் உள்ள திமுக அரசு தான் . தமிழகத்தில் தமிழக பெண்கள் தாய்மார்களின் பாதுகாப்பிற்கு எந்த உத்திரவாதமும் இல்லை . தமிழக அரசுக்கு ஒரே ஒரு எண்ணம் தான் . அது ஸ்டாலின் மகன் உதயநிதியை முதல்வர் ஆக்கவேண்டும் என்பது தான் . நான் இன்று தமிழக மக்களுக்கு இதை கூற வந்துள்ளேன் . தமிழகத்தில் நடந்து வரும் குடும்ப அரசியலை ஒழித்துக்கட்ட நேரம் வந்துவிட்டது - 'தமிழகம் தலை நிமிர தமிழனின் பயணம் ' யாத்திரை நிறைவு விழாவில் உரையாற்றிய நமது மாண்புமிகு உள்துறை அமைச்சர் திரு @ amitshah அவர்கள் .,BJP,1
கொடுத்த வாக்குறுதி பட்டியலில் குறைவான வாக்குறுதிகளை மட்டுமே நிறைவேற்றிய அரசு ஒன்று உண்டென்றால் அது தமிழகத்தில் உள்ள திமுக அரசு தான் . தமிழகத்தில் தமிழக பெண்கள் தாய்மார்களின் பாதுகாப்பிற்கு எந்த உத்திரவாதமும் இல்லை . தமிழக அரசுக்கு ஒரே ஒரு எண்ணம் தான் . அது ஸ்டாலின் மகன் உதயநிதியை முதல்வர் ஆக்கவேண்டும் என்பது தான் . நான் இன்று தமிழக மக்களுக்கு இதை கூற வந்துள்ளேன் . தமிழகத்தில் நடந்து வரும் குடும்ப அரசியலை ஒழித்துக்கட்ட நேரம் வந்துவிட்டது - 'தமிழகம் தலை நிமிர தமிழனின் பயணம் ' யாத்திரை நிறைவு விழாவில் உரையாற்றிய நமது மாண்புமிகு உள்துறை அமைச்சர் திரு @ amitshah அவர்கள் .,Congress,0
கொடுத்த வாக்குறுதி பட்டியலில் குறைவான வாக்குறுதிகளை மட்டுமே நிறைவேற்றிய அரசு ஒன்று உண்டென்றால் அது தமிழகத்தில் உள்ள திமுக அரசு தான் . தமிழகத்தில் தமிழக பெண்கள் தாய்மார்களின் பாதுகாப்பிற்கு எந்த உத்திரவாதமும் இல்லை . தமிழக அரசுக்கு ஒரே ஒரு எண்ணம் தான் . அது ஸ்டாலின் மகன் உதயநிதியை முதல்வர் ஆக்கவேண்டும் என்பது தான் . நான் இன்று தமிழக மக்களுக்கு இதை கூற வந்துள்ளேன் . தமிழகத்தில் நடந்து வரும் குடும்ப அரசியலை ஒழித்துக்கட்ட நேரம் வந்துவிட்டது - 'தமிழகம் தலை நிமிர தமிழனின் பயணம் ' யாத்திரை நிறைவு விழாவில் உரையாற்றிய நமது மாண்புமிகு உள்துறை அமைச்சர் திரு @ amitshah அவர்கள் .,DMK,1
கொடுத்த வாக்குறுதி பட்டியலில் குறைவான வாக்குறுதிகளை மட்டுமே நிறைவேற்றிய அரசு ஒன்று உண்டென்றால் அது தமிழகத்தில் உள்ள திமுக அரசு தான் . தமிழகத்தில் தமிழக பெண்கள் தாய்மார்களின் பாதுகாப்பிற்கு எந்த உத்திரவாதமும் இல்லை . தமிழக அரசுக்கு ஒரே ஒரு எண்ணம் தான் . அது ஸ்டாலின் மகன் உதயநிதியை முதல்வர் ஆக்கவேண்டும் என்பது தான் . நான் இன்று தமிழக மக்களுக்கு இதை கூற வந்துள்ளேன் . தமிழகத்தில் நடந்து வரும் குடும்ப அரசியலை ஒழித்துக்கட்ட நேரம் வந்துவிட்டது - 'தமிழகம் தலை நிமிர தமிழனின் பயணம் ' யாத்திரை நிறைவு விழாவில் உரையாற்றிய நமது மாண்புமிகு உள்துறை அமைச்சர் திரு @ amitshah அவர்கள் .,NTK,0
கொடுத்த வாக்குறுதி பட்டியலில் குறைவான வாக்குறுதிகளை மட்டுமே நிறைவேற்றிய அரசு ஒன்று உண்டென்றால் அது தமிழகத்தில் உள்ள திமுக அரசு தான் . தமிழகத்தில் தமிழக பெண்கள் தாய்மார்களின் பாதுகாப்பிற்கு எந்த உத்திரவாதமும் இல்லை . தமிழக அரசுக்கு ஒரே ஒரு எண்ணம் தான் . அது ஸ்டாலின் மகன் உதயநிதியை முதல்வர் ஆக்கவேண்டும் என்பது தான் . நான் இன்று தமிழக மக்களுக்கு இதை கூற வந்துள்ளேன் . தமிழகத்தில் நடந்து வரும் குடும்ப அரசியலை ஒழித்துக்கட்ட நேரம் வந்துவிட்டது - 'தமிழகம் தலை நிமிர தமிழனின் பயணம் ' யாத்திரை நிறைவு விழாவில் உரையாற்றிய நமது மாண்புமிகு உள்துறை அமைச்சர் திரு @ amitshah அவர்கள் .,TVK,0
சொங்கியா இருப்பதைவிட சங்கியா இருந்துட்டு போறோம் போங்கடா ! இதுதான் இப்போது தமிழகம் சொல்கிற வார்த்தை !,ADMK,0
சொங்கியா இருப்பதைவிட சங்கியா இருந்துட்டு போறோம் போங்கடா ! இதுதான் இப்போது தமிழகம் சொல்கிற வார்த்தை !,BJP,1
சொங்கியா இருப்பதைவிட சங்கியா இருந்துட்டு போறோம் போங்கடா ! இதுதான் இப்போது தமிழகம் சொல்கிற வார்த்தை !,Congress,0
சொங்கியா இருப்பதைவிட சங்கியா இருந்துட்டு போறோம் போங்கடா ! இதுதான் இப்போது தமிழகம் சொல்கிற வார்த்தை !,DMK,0
சொங்கியா இருப்பதைவிட சங்கியா இருந்துட்டு போறோம் போங்கடா ! இதுதான் இப்போது தமிழகம் சொல்கிற வார்த்தை !,NTK,0
சொங்கியா இருப்பதைவிட சங்கியா இருந்துட்டு போறோம் போங்கடா ! இதுதான் இப்போது தமிழகம் சொல்கிற வார்த்தை !,TVK,0
"கடந்த 2021 ஆம் ஆண்டு தேர்தலில் , ஜல்லிக்கட்டு காளைகளை வளர்ப்போருக்கு ஊக்கத்தொகையாக , மாதம் 1000 ரூபாய் வழங்கப்படும் என்று வாக்குறுதி கொடுத்தார் முதலமைச்சர் திரு @ mkstalin அவர்கள் . ஆகா , தமிழ்ப் பண்பாட்டை ஊக்குவிக்கப் போகிறார் என்று அனைவரும் நினைத்தோம் . ஆட்சிக்கு வந்து ஐந்து ஆண்டுகள் கடந்து விட்டன . இதுவரை , ஒரு ரூபாய் கூடக் கொடுக்கவில்லை . இந்த நிலையில் இன்று , மாடுபிடி வீரர்களுக்கு அரசு வேலையில் முன்னுரிமை கொடுக்கப் போகிறோம் என்று மற்றுமொரு ஏமாற்று அறிவிப்பை வெளியிட்டிருக்கிறார் முதலமைச்சர் திரு @ mkstalin . ஏற்கனவே , ஜல்லிக்கட்டு காளைகள் வளர்ப்பவர்கள் ஒவ்வொருவருக்கும் , இந்த ஐந்து ஆண்டுகளில் , கொடுக்கப்பட வேண்டிய சுமார் ₹60,000 ஊக்கத்தொகை எப்போது வருமென்று தெரியவில்லை . இப்படி தொடர்ந்து வெற்று வாக்குறுதிகள் கொடுத்து யாரை ஏமாற்றலாம் என்று எண்ணிக் கொண்டிருக்கிறார் முதலமைச்சர் என்பது தெரியவில்லை . முதலமைச்சர் திரு @ mkstalin அவர்களுக்குப் பிடித்த `` பேரு பெத்த பேரு , தாக நீலு லேது '' என்ற தெலுங்குப் பழமொழி , திமுகவின் தேர்தல் வாக்குறுதிகளுக்கு முழுமையாகப் பொருந்தும் .",ADMK,0
"கடந்த 2021 ஆம் ஆண்டு தேர்தலில் , ஜல்லிக்கட்டு காளைகளை வளர்ப்போருக்கு ஊக்கத்தொகையாக , மாதம் 1000 ரூபாய் வழங்கப்படும் என்று வாக்குறுதி கொடுத்தார் முதலமைச்சர் திரு @ mkstalin அவர்கள் . ஆகா , தமிழ்ப் பண்பாட்டை ஊக்குவிக்கப் போகிறார் என்று அனைவரும் நினைத்தோம் . ஆட்சிக்கு வந்து ஐந்து ஆண்டுகள் கடந்து விட்டன . இதுவரை , ஒரு ரூபாய் கூடக் கொடுக்கவில்லை . இந்த நிலையில் இன்று , மாடுபிடி வீரர்களுக்கு அரசு வேலையில் முன்னுரிமை கொடுக்கப் போகிறோம் என்று மற்றுமொரு ஏமாற்று அறிவிப்பை வெளியிட்டிருக்கிறார் முதலமைச்சர் திரு @ mkstalin . ஏற்கனவே , ஜல்லிக்கட்டு காளைகள் வளர்ப்பவர்கள் ஒவ்வொருவருக்கும் , இந்த ஐந்து ஆண்டுகளில் , கொடுக்கப்பட வேண்டிய சுமார் ₹60,000 ஊக்கத்தொகை எப்போது வருமென்று தெரியவில்லை . இப்படி தொடர்ந்து வெற்று வாக்குறுதிகள் கொடுத்து யாரை ஏமாற்றலாம் என்று எண்ணிக் கொண்டிருக்கிறார் முதலமைச்சர் என்பது தெரியவில்லை . முதலமைச்சர் திரு @ mkstalin அவர்களுக்குப் பிடித்த `` பேரு பெத்த பேரு , தாக நீலு லேது '' என்ற தெலுங்குப் பழமொழி , திமுகவின் தேர்தல் வாக்குறுதிகளுக்கு முழுமையாகப் பொருந்தும் .",BJP,0
"கடந்த 2021 ஆம் ஆண்டு தேர்தலில் , ஜல்லிக்கட்டு காளைகளை வளர்ப்போருக்கு ஊக்கத்தொகையாக , மாதம் 1000 ரூபாய் வழங்கப்படும் என்று வாக்குறுதி கொடுத்தார் முதலமைச்சர் திரு @ mkstalin அவர்கள் . ஆகா , தமிழ்ப் பண்பாட்டை ஊக்குவிக்கப் போகிறார் என்று அனைவரும் நினைத்தோம் . ஆட்சிக்கு வந்து ஐந்து ஆண்டுகள் கடந்து விட்டன . இதுவரை , ஒரு ரூபாய் கூடக் கொடுக்கவில்லை . இந்த நிலையில் இன்று , மாடுபிடி வீரர்களுக்கு அரசு வேலையில் முன்னுரிமை கொடுக்கப் போகிறோம் என்று மற்றுமொரு ஏமாற்று அறிவிப்பை வெளியிட்டிருக்கிறார் முதலமைச்சர் திரு @ mkstalin . ஏற்கனவே , ஜல்லிக்கட்டு காளைகள் வளர்ப்பவர்கள் ஒவ்வொருவருக்கும் , இந்த ஐந்து ஆண்டுகளில் , கொடுக்கப்பட வேண்டிய சுமார் ₹60,000 ஊக்கத்தொகை எப்போது வருமென்று தெரியவில்லை . இப்படி தொடர்ந்து வெற்று வாக்குறுதிகள் கொடுத்து யாரை ஏமாற்றலாம் என்று எண்ணிக் கொண்டிருக்கிறார் முதலமைச்சர் என்பது தெரியவில்லை . முதலமைச்சர் திரு @ mkstalin அவர்களுக்குப் பிடித்த `` பேரு பெத்த பேரு , தாக நீலு லேது '' என்ற தெலுங்குப் பழமொழி , திமுகவின் தேர்தல் வாக்குறுதிகளுக்கு முழுமையாகப் பொருந்தும் .",Congress,0
"கடந்த 2021 ஆம் ஆண்டு தேர்தலில் , ஜல்லிக்கட்டு காளைகளை வளர்ப்போருக்கு ஊக்கத்தொகையாக , மாதம் 1000 ரூபாய் வழங்கப்படும் என்று வாக்குறுதி கொடுத்தார் முதலமைச்சர் திரு @ mkstalin அவர்கள் . ஆகா , தமிழ்ப் பண்பாட்டை ஊக்குவிக்கப் போகிறார் என்று அனைவரும் நினைத்தோம் . ஆட்சிக்கு வந்து ஐந்து ஆண்டுகள் கடந்து விட்டன . இதுவரை , ஒரு ரூபாய் கூடக் கொடுக்கவில்லை . இந்த நிலையில் இன்று , மாடுபிடி வீரர்களுக்கு அரசு வேலையில் முன்னுரிமை கொடுக்கப் போகிறோம் என்று மற்றுமொரு ஏமாற்று அறிவிப்பை வெளியிட்டிருக்கிறார் முதலமைச்சர் திரு @ mkstalin . ஏற்கனவே , ஜல்லிக்கட்டு காளைகள் வளர்ப்பவர்கள் ஒவ்வொருவருக்கும் , இந்த ஐந்து ஆண்டுகளில் , கொடுக்கப்பட வேண்டிய சுமார் ₹60,000 ஊக்கத்தொகை எப்போது வருமென்று தெரியவில்லை . இப்படி தொடர்ந்து வெற்று வாக்குறுதிகள் கொடுத்து யாரை ஏமாற்றலாம் என்று எண்ணிக் கொண்டிருக்கிறார் முதலமைச்சர் என்பது தெரியவில்லை . முதலமைச்சர் திரு @ mkstalin அவர்களுக்குப் பிடித்த `` பேரு பெத்த பேரு , தாக நீலு லேது '' என்ற தெலுங்குப் பழமொழி , திமுகவின் தேர்தல் வாக்குறுதிகளுக்கு முழுமையாகப் பொருந்தும் .",DMK,1
"கடந்த 2021 ஆம் ஆண்டு தேர்தலில் , ஜல்லிக்கட்டு காளைகளை வளர்ப்போருக்கு ஊக்கத்தொகையாக , மாதம் 1000 ரூபாய் வழங்கப்படும் என்று வாக்குறுதி கொடுத்தார் முதலமைச்சர் திரு @ mkstalin அவர்கள் . ஆகா , தமிழ்ப் பண்பாட்டை ஊக்குவிக்கப் போகிறார் என்று அனைவரும் நினைத்தோம் . ஆட்சிக்கு வந்து ஐந்து ஆண்டுகள் கடந்து விட்டன . இதுவரை , ஒரு ரூபாய் கூடக் கொடுக்கவில்லை . இந்த நிலையில் இன்று , மாடுபிடி வீரர்களுக்கு அரசு வேலையில் முன்னுரிமை கொடுக்கப் போகிறோம் என்று மற்றுமொரு ஏமாற்று அறிவிப்பை வெளியிட்டிருக்கிறார் முதலமைச்சர் திரு @ mkstalin . ஏற்கனவே , ஜல்லிக்கட்டு காளைகள் வளர்ப்பவர்கள் ஒவ்வொருவருக்கும் , இந்த ஐந்து ஆண்டுகளில் , கொடுக்கப்பட வேண்டிய சுமார் ₹60,000 ஊக்கத்தொகை எப்போது வருமென்று தெரியவில்லை . இப்படி தொடர்ந்து வெற்று வாக்குறுதிகள் கொடுத்து யாரை ஏமாற்றலாம் என்று எண்ணிக் கொண்டிருக்கிறார் முதலமைச்சர் என்பது தெரியவில்லை . முதலமைச்சர் திரு @ mkstalin அவர்களுக்குப் பிடித்த `` பேரு பெத்த பேரு , தாக நீலு லேது '' என்ற தெலுங்குப் பழமொழி , திமுகவின் தேர்தல் வாக்குறுதிகளுக்கு முழுமையாகப் பொருந்தும் .",NTK,0
"கடந்த 2021 ஆம் ஆண்டு தேர்தலில் , ஜல்லிக்கட்டு காளைகளை வளர்ப்போருக்கு ஊக்கத்தொகையாக , மாதம் 1000 ரூபாய் வழங்கப்படும் என்று வாக்குறுதி கொடுத்தார் முதலமைச்சர் திரு @ mkstalin அவர்கள் . ஆகா , தமிழ்ப் பண்பாட்டை ஊக்குவிக்கப் போகிறார் என்று அனைவரும் நினைத்தோம் . ஆட்சிக்கு வந்து ஐந்து ஆண்டுகள் கடந்து விட்டன . இதுவரை , ஒரு ரூபாய் கூடக் கொடுக்கவில்லை . இந்த நிலையில் இன்று , மாடுபிடி வீரர்களுக்கு அரசு வேலையில் முன்னுரிமை கொடுக்கப் போகிறோம் என்று மற்றுமொரு ஏமாற்று அறிவிப்பை வெளியிட்டிருக்கிறார் முதலமைச்சர் திரு @ mkstalin . ஏற்கனவே , ஜல்லிக்கட்டு காளைகள் வளர்ப்பவர்கள் ஒவ்வொருவருக்கும் , இந்த ஐந்து ஆண்டுகளில் , கொடுக்கப்பட வேண்டிய சுமார் ₹60,000 ஊக்கத்தொகை எப்போது வருமென்று தெரியவில்லை . இப்படி தொடர்ந்து வெற்று வாக்குறுதிகள் கொடுத்து யாரை ஏமாற்றலாம் என்று எண்ணிக் கொண்டிருக்கிறார் முதலமைச்சர் என்பது தெரியவில்லை . முதலமைச்சர் திரு @ mkstalin அவர்களுக்குப் பிடித்த `` பேரு பெத்த பேரு , தாக நீலு லேது '' என்ற தெலுங்குப் பழமொழி , திமுகவின் தேர்தல் வாக்குறுதிகளுக்கு முழுமையாகப் பொருந்தும் .",TVK,0
விஜய் கிட்ட என்ன இருக்கு ஏன் மக்கள் வாக்களிக்கணும் ? ? ஆனந்த்ஜித் - c-r-e-d-i-b-l-i-t-y man pure gold : collision : :collision : :collision : @ tvkvijayhq # tvkfortn,ADMK,0
விஜய் கிட்ட என்ன இருக்கு ஏன் மக்கள் வாக்களிக்கணும் ? ? ஆனந்த்ஜித் - c-r-e-d-i-b-l-i-t-y man pure gold : collision : :collision : :collision : @ tvkvijayhq # tvkfortn,BJP,0
விஜய் கிட்ட என்ன இருக்கு ஏன் மக்கள் வாக்களிக்கணும் ? ? ஆனந்த்ஜித் - c-r-e-d-i-b-l-i-t-y man pure gold : collision : :collision : :collision : @ tvkvijayhq # tvkfortn,Congress,0
விஜய் கிட்ட என்ன இருக்கு ஏன் மக்கள் வாக்களிக்கணும் ? ? ஆனந்த்ஜித் - c-r-e-d-i-b-l-i-t-y man pure gold : collision : :collision : :collision : @ tvkvijayhq # tvkfortn,DMK,0
விஜய் கிட்ட என்ன இருக்கு ஏன் மக்கள் வாக்களிக்கணும் ? ? ஆனந்த்ஜித் - c-r-e-d-i-b-l-i-t-y man pure gold : collision : :collision : :collision : @ tvkvijayhq # tvkfortn,NTK,0
விஜய் கிட்ட என்ன இருக்கு ஏன் மக்கள் வாக்களிக்கணும் ? ? ஆனந்த்ஜித் - c-r-e-d-i-b-l-i-t-y man pure gold : collision : :collision : :collision : @ tvkvijayhq # tvkfortn,TVK,1
தமிழ்நாட்டு மக்களால அமைச்சரான @ kn_nehru ஏன் இங்க இருக்க கோயிலுக்கு காசு கொடுத்து சோறு போடக்கூடாதா ? திருப்பதில தான் போடணுமா ? சங்கரன்கோவில் சட்டமன்ற தொகுதியில் நேற்று நான் பேசியதில் ஒரு பதிவு ! @ tvkvijayhq | @ bussyanand # தமிழகவெற்றிக்கழகம்‌,ADMK,0
தமிழ்நாட்டு மக்களால அமைச்சரான @ kn_nehru ஏன் இங்க இருக்க கோயிலுக்கு காசு கொடுத்து சோறு போடக்கூடாதா ? திருப்பதில தான் போடணுமா ? சங்கரன்கோவில் சட்டமன்ற தொகுதியில் நேற்று நான் பேசியதில் ஒரு பதிவு ! @ tvkvijayhq | @ bussyanand # தமிழகவெற்றிக்கழகம்‌,BJP,0
தமிழ்நாட்டு மக்களால அமைச்சரான @ kn_nehru ஏன் இங்க இருக்க கோயிலுக்கு காசு கொடுத்து சோறு போடக்கூடாதா ? திருப்பதில தான் போடணுமா ? சங்கரன்கோவில் சட்டமன்ற தொகுதியில் நேற்று நான் பேசியதில் ஒரு பதிவு ! @ tvkvijayhq | @ bussyanand # தமிழகவெற்றிக்கழகம்‌,Congress,0
தமிழ்நாட்டு மக்களால அமைச்சரான @ kn_nehru ஏன் இங்க இருக்க கோயிலுக்கு காசு கொடுத்து சோறு போடக்கூடாதா ? திருப்பதில தான் போடணுமா ? சங்கரன்கோவில் சட்டமன்ற தொகுதியில் நேற்று நான் பேசியதில் ஒரு பதிவு ! @ tvkvijayhq | @ bussyanand # தமிழகவெற்றிக்கழகம்‌,DMK,0
தமிழ்நாட்டு மக்களால அமைச்சரான @ kn_nehru ஏன் இங்க இருக்க கோயிலுக்கு காசு கொடுத்து சோறு போடக்கூடாதா ? திருப்பதில தான் போடணுமா ? சங்கரன்கோவில் சட்டமன்ற தொகுதியில் நேற்று நான் பேசியதில் ஒரு பதிவு ! @ tvkvijayhq | @ bussyanand # தமிழகவெற்றிக்கழகம்‌,NTK,0
தமிழ்நாட்டு மக்களால அமைச்சரான @ kn_nehru ஏன் இங்க இருக்க கோயிலுக்கு காசு கொடுத்து சோறு போடக்கூடாதா ? திருப்பதில தான் போடணுமா ? சங்கரன்கோவில் சட்டமன்ற தொகுதியில் நேற்று நான் பேசியதில் ஒரு பதிவு ! @ tvkvijayhq | @ bussyanand # தமிழகவெற்றிக்கழகம்‌,TVK,1
"people maharashtra given decisive verdict ! mahayuti alliance ’ sweeping success local body polls powerful mandate purposeful , performance-driven governance . villages metro cities , people ’ trust triple-engine leadership stands testimony politics rooted progress , baseless divisive propaganda . congratulations hon . cm mh , thiru @ dev_fadnavis , whose dynamic leadership , governance redefined every level karyakarthas @ bjp4maharashtra . guided hon . pm thiru @ narendramodi avl ’ transformative vision , maharashtra fast emerging global powerhouse . @ ravidadachavan @ shivsenaofc",ADMK,0
"people maharashtra given decisive verdict ! mahayuti alliance ’ sweeping success local body polls powerful mandate purposeful , performance-driven governance . villages metro cities , people ’ trust triple-engine leadership stands testimony politics rooted progress , baseless divisive propaganda . congratulations hon . cm mh , thiru @ dev_fadnavis , whose dynamic leadership , governance redefined every level karyakarthas @ bjp4maharashtra . guided hon . pm thiru @ narendramodi avl ’ transformative vision , maharashtra fast emerging global powerhouse . @ ravidadachavan @ shivsenaofc",BJP,1
"people maharashtra given decisive verdict ! mahayuti alliance ’ sweeping success local body polls powerful mandate purposeful , performance-driven governance . villages metro cities , people ’ trust triple-engine leadership stands testimony politics rooted progress , baseless divisive propaganda . congratulations hon . cm mh , thiru @ dev_fadnavis , whose dynamic leadership , governance redefined every level karyakarthas @ bjp4maharashtra . guided hon . pm thiru @ narendramodi avl ’ transformative vision , maharashtra fast emerging global powerhouse . @ ravidadachavan @ shivsenaofc",Congress,0
"people maharashtra given decisive verdict ! mahayuti alliance ’ sweeping success local body polls powerful mandate purposeful , performance-driven governance . villages metro cities , people ’ trust triple-engine leadership stands testimony politics rooted progress , baseless divisive propaganda . congratulations hon . cm mh , thiru @ dev_fadnavis , whose dynamic leadership , governance redefined every level karyakarthas @ bjp4maharashtra . guided hon . pm thiru @ narendramodi avl ’ transformative vision , maharashtra fast emerging global powerhouse . @ ravidadachavan @ shivsenaofc",DMK,0
"people maharashtra given decisive verdict ! mahayuti alliance ’ sweeping success local body polls powerful mandate purposeful , performance-driven governance . villages metro cities , people ’ trust triple-engine leadership stands testimony politics rooted progress , baseless divisive propaganda . congratulations hon . cm mh , thiru @ dev_fadnavis , whose dynamic leadership , governance redefined every level karyakarthas @ bjp4maharashtra . guided hon . pm thiru @ narendramodi avl ’ transformative vision , maharashtra fast emerging global powerhouse . @ ravidadachavan @ shivsenaofc",NTK,0
"people maharashtra given decisive verdict ! mahayuti alliance ’ sweeping success local body polls powerful mandate purposeful , performance-driven governance . villages metro cities , people ’ trust triple-engine leadership stands testimony politics rooted progress , baseless divisive propaganda . congratulations hon . cm mh , thiru @ dev_fadnavis , whose dynamic leadership , governance redefined every level karyakarthas @ bjp4maharashtra . guided hon . pm thiru @ narendramodi avl ’ transformative vision , maharashtra fast emerging global powerhouse . @ ravidadachavan @ shivsenaofc",TVK,0
இந்தாளு அசிங்க படுறதுக்கே போயிருக்காரு : cat_with_tears_of_joy : :rolling_on_the_floor_laughing : :rolling_on_the_floor_laughing : # தீயசக்தி_திமுக,ADMK,0
இந்தாளு அசிங்க படுறதுக்கே போயிருக்காரு : cat_with_tears_of_joy : :rolling_on_the_floor_laughing : :rolling_on_the_floor_laughing : # தீயசக்தி_திமுக,BJP,0
இந்தாளு அசிங்க படுறதுக்கே போயிருக்காரு : cat_with_tears_of_joy : :rolling_on_the_floor_laughing : :rolling_on_the_floor_laughing : # தீயசக்தி_திமுக,Congress,0
இந்தாளு அசிங்க படுறதுக்கே போயிருக்காரு : cat_with_tears_of_joy : :rolling_on_the_floor_laughing : :rolling_on_the_floor_laughing : # தீயசக்தி_திமுக,DMK,1
இந்தாளு அசிங்க படுறதுக்கே போயிருக்காரு : cat_with_tears_of_joy : :rolling_on_the_floor_laughing : :rolling_on_the_floor_laughing : # தீயசக்தி_திமுக,NTK,0
இந்தாளு அசிங்க படுறதுக்கே போயிருக்காரு : cat_with_tears_of_joy : :rolling_on_the_floor_laughing : :rolling_on_the_floor_laughing : # தீயசக்தி_திமுக,TVK,0
"qualifications @ annamalai_k : 12th : 94 % beng : 84 % upse rank : 244 cat score : 99.32 pgdm : iim lucknow chevening fellow : oxford superintendent police deputy commissioner police state president , tamil nadu bjp qualifications @ authackeray : dynast .",ADMK,0
"qualifications @ annamalai_k : 12th : 94 % beng : 84 % upse rank : 244 cat score : 99.32 pgdm : iim lucknow chevening fellow : oxford superintendent police deputy commissioner police state president , tamil nadu bjp qualifications @ authackeray : dynast .",BJP,1
"qualifications @ annamalai_k : 12th : 94 % beng : 84 % upse rank : 244 cat score : 99.32 pgdm : iim lucknow chevening fellow : oxford superintendent police deputy commissioner police state president , tamil nadu bjp qualifications @ authackeray : dynast .",Congress,0
"qualifications @ annamalai_k : 12th : 94 % beng : 84 % upse rank : 244 cat score : 99.32 pgdm : iim lucknow chevening fellow : oxford superintendent police deputy commissioner police state president , tamil nadu bjp qualifications @ authackeray : dynast .",DMK,0
"qualifications @ annamalai_k : 12th : 94 % beng : 84 % upse rank : 244 cat score : 99.32 pgdm : iim lucknow chevening fellow : oxford superintendent police deputy commissioner police state president , tamil nadu bjp qualifications @ authackeray : dynast .",NTK,0
"qualifications @ annamalai_k : 12th : 94 % beng : 84 % upse rank : 244 cat score : 99.32 pgdm : iim lucknow chevening fellow : oxford superintendent police deputy commissioner police state president , tamil nadu bjp qualifications @ authackeray : dynast .",TVK,0
"கல்வியில் சிறந்த தமிழ்நாடு என்று தம்பட்டம் அடித்து விட்டு , கல்வி சொல்லிக் கொடுக்கும் ஆசிரியர்களை வஞ்சிக்கும் திமுக அரசு !",ADMK,0
"கல்வியில் சிறந்த தமிழ்நாடு என்று தம்பட்டம் அடித்து விட்டு , கல்வி சொல்லிக் கொடுக்கும் ஆசிரியர்களை வஞ்சிக்கும் திமுக அரசு !",BJP,0
"கல்வியில் சிறந்த தமிழ்நாடு என்று தம்பட்டம் அடித்து விட்டு , கல்வி சொல்லிக் கொடுக்கும் ஆசிரியர்களை வஞ்சிக்கும் திமுக அரசு !",Congress,0
"கல்வியில் சிறந்த தமிழ்நாடு என்று தம்பட்டம் அடித்து விட்டு , கல்வி சொல்லிக் கொடுக்கும் ஆசிரியர்களை வஞ்சிக்கும் திமுக அரசு !",DMK,1
"கல்வியில் சிறந்த தமிழ்நாடு என்று தம்பட்டம் அடித்து விட்டு , கல்வி சொல்லிக் கொடுக்கும் ஆசிரியர்களை வஞ்சிக்கும் திமுக அரசு !",NTK,0
"கல்வியில் சிறந்த தமிழ்நாடு என்று தம்பட்டம் அடித்து விட்டு , கல்வி சொல்லிக் கொடுக்கும் ஆசிரியர்களை வஞ்சிக்கும் திமுக அரசு !",TVK,0
"dmk opposing navodaya school navodaya giving seats brahmins , sc , st people . bc mbc students cant join due `` new reservation '' , says dmk speaker prasanna . spreading lies open stage reason dmk getting whopped around india . : skull :",ADMK,0
"dmk opposing navodaya school navodaya giving seats brahmins , sc , st people . bc mbc students cant join due `` new reservation '' , says dmk speaker prasanna . spreading lies open stage reason dmk getting whopped around india . : skull :",BJP,0
"dmk opposing navodaya school navodaya giving seats brahmins , sc , st people . bc mbc students cant join due `` new reservation '' , says dmk speaker prasanna . spreading lies open stage reason dmk getting whopped around india . : skull :",Congress,0
"dmk opposing navodaya school navodaya giving seats brahmins , sc , st people . bc mbc students cant join due `` new reservation '' , says dmk speaker prasanna . spreading lies open stage reason dmk getting whopped around india . : skull :",DMK,1
"dmk opposing navodaya school navodaya giving seats brahmins , sc , st people . bc mbc students cant join due `` new reservation '' , says dmk speaker prasanna . spreading lies open stage reason dmk getting whopped around india . : skull :",NTK,0
"dmk opposing navodaya school navodaya giving seats brahmins , sc , st people . bc mbc students cant join due `` new reservation '' , says dmk speaker prasanna . spreading lies open stage reason dmk getting whopped around india . : skull :",TVK,0
"running away questions done last 6 years . unlike , answered accusations aimed propagated vicious elements like run away . fyki , news initially published tamil news channels , ground witnesses incident . people state want know stopped alliance fulfilling election promise 150 days work vb g-ram-g ( mgnreg ) scheme . running away questions , ? label people drunk well ?",ADMK,0
"running away questions done last 6 years . unlike , answered accusations aimed propagated vicious elements like run away . fyki , news initially published tamil news channels , ground witnesses incident . people state want know stopped alliance fulfilling election promise 150 days work vb g-ram-g ( mgnreg ) scheme . running away questions , ? label people drunk well ?",BJP,1
"running away questions done last 6 years . unlike , answered accusations aimed propagated vicious elements like run away . fyki , news initially published tamil news channels , ground witnesses incident . people state want know stopped alliance fulfilling election promise 150 days work vb g-ram-g ( mgnreg ) scheme . running away questions , ? label people drunk well ?",Congress,0
"running away questions done last 6 years . unlike , answered accusations aimed propagated vicious elements like run away . fyki , news initially published tamil news channels , ground witnesses incident . people state want know stopped alliance fulfilling election promise 150 days work vb g-ram-g ( mgnreg ) scheme . running away questions , ? label people drunk well ?",DMK,1
"running away questions done last 6 years . unlike , answered accusations aimed propagated vicious elements like run away . fyki , news initially published tamil news channels , ground witnesses incident . people state want know stopped alliance fulfilling election promise 150 days work vb g-ram-g ( mgnreg ) scheme . running away questions , ? label people drunk well ?",NTK,0
"running away questions done last 6 years . unlike , answered accusations aimed propagated vicious elements like run away . fyki , news initially published tamil news channels , ground witnesses incident . people state want know stopped alliance fulfilling election promise 150 days work vb g-ram-g ( mgnreg ) scheme . running away questions , ? label people drunk well ?",TVK,0
tvk : Spain : மஞ்சுவிரட்டு போட்டி : ox : :fire : : round_pushpin : தர்மபுரி # tvk,ADMK,0
tvk : Spain : மஞ்சுவிரட்டு போட்டி : ox : :fire : : round_pushpin : தர்மபுரி # tvk,BJP,0
tvk : Spain : மஞ்சுவிரட்டு போட்டி : ox : :fire : : round_pushpin : தர்மபுரி # tvk,Congress,0
tvk : Spain : மஞ்சுவிரட்டு போட்டி : ox : :fire : : round_pushpin : தர்மபுரி # tvk,DMK,0
tvk : Spain : மஞ்சுவிரட்டு போட்டி : ox : :fire : : round_pushpin : தர்மபுரி # tvk,NTK,0
tvk : Spain : மஞ்சுவிரட்டு போட்டி : ox : :fire : : round_pushpin : தர்மபுரி # tvk,TVK,1
"ஐந்து வருஷத்தில் ஐந்தாயிரம் ரூபாய் கொடுத்துவிட்டு எங்க தல மேல 2.5 லட்சம் கடன் சுமையை ஏற்றி இருக்கிறது திமுக அரசு - @ annamalai_k அரசியலில் மக்கள் பிரச்சனையை தரவுகளோடு சாமானிய மக்களுக்கு புரியும்படி பேசுவதற்கு அண்ணாமலையாரை விட்டால் வேற ஆள் இல்லை . : fire : :fire : :fire : வைகோ , சீமான் , மாதிரி இங்க பிரச்சனைகளைப் பற்றி பேசி உசுப்பேத்த நிறைய அரசியல் தலைவர்கள் இருந்தாங்க இருக்காங்க ஆனால் பிரச்சனையுடன் தீர்வையும் வைத்துக்கொண்டு எதார்த்த அரசியல் செய்ய உங்க அண்ணாமலையார் மட்டும் தான் இருக்காரு : fire : :fire : :fire : இனிமேலாவது மத்திய தலைமை நல்ல முடிவுகளை மட்டுமே எடுக்கும் என்ற நம்பிக்கையுடன் வழக்கம்போல் காத்திருக்கும் ஒரு சாதாரண பாஜக ஆதரவாளர் . : folded_hands : # annamalai # tnwelcomesamitshah",ADMK,0
"ஐந்து வருஷத்தில் ஐந்தாயிரம் ரூபாய் கொடுத்துவிட்டு எங்க தல மேல 2.5 லட்சம் கடன் சுமையை ஏற்றி இருக்கிறது திமுக அரசு - @ annamalai_k அரசியலில் மக்கள் பிரச்சனையை தரவுகளோடு சாமானிய மக்களுக்கு புரியும்படி பேசுவதற்கு அண்ணாமலையாரை விட்டால் வேற ஆள் இல்லை . : fire : :fire : :fire : வைகோ , சீமான் , மாதிரி இங்க பிரச்சனைகளைப் பற்றி பேசி உசுப்பேத்த நிறைய அரசியல் தலைவர்கள் இருந்தாங்க இருக்காங்க ஆனால் பிரச்சனையுடன் தீர்வையும் வைத்துக்கொண்டு எதார்த்த அரசியல் செய்ய உங்க அண்ணாமலையார் மட்டும் தான் இருக்காரு : fire : :fire : :fire : இனிமேலாவது மத்திய தலைமை நல்ல முடிவுகளை மட்டுமே எடுக்கும் என்ற நம்பிக்கையுடன் வழக்கம்போல் காத்திருக்கும் ஒரு சாதாரண பாஜக ஆதரவாளர் . : folded_hands : # annamalai # tnwelcomesamitshah",BJP,1
"ஐந்து வருஷத்தில் ஐந்தாயிரம் ரூபாய் கொடுத்துவிட்டு எங்க தல மேல 2.5 லட்சம் கடன் சுமையை ஏற்றி இருக்கிறது திமுக அரசு - @ annamalai_k அரசியலில் மக்கள் பிரச்சனையை தரவுகளோடு சாமானிய மக்களுக்கு புரியும்படி பேசுவதற்கு அண்ணாமலையாரை விட்டால் வேற ஆள் இல்லை . : fire : :fire : :fire : வைகோ , சீமான் , மாதிரி இங்க பிரச்சனைகளைப் பற்றி பேசி உசுப்பேத்த நிறைய அரசியல் தலைவர்கள் இருந்தாங்க இருக்காங்க ஆனால் பிரச்சனையுடன் தீர்வையும் வைத்துக்கொண்டு எதார்த்த அரசியல் செய்ய உங்க அண்ணாமலையார் மட்டும் தான் இருக்காரு : fire : :fire : :fire : இனிமேலாவது மத்திய தலைமை நல்ல முடிவுகளை மட்டுமே எடுக்கும் என்ற நம்பிக்கையுடன் வழக்கம்போல் காத்திருக்கும் ஒரு சாதாரண பாஜக ஆதரவாளர் . : folded_hands : # annamalai # tnwelcomesamitshah",Congress,0
"ஐந்து வருஷத்தில் ஐந்தாயிரம் ரூபாய் கொடுத்துவிட்டு எங்க தல மேல 2.5 லட்சம் கடன் சுமையை ஏற்றி இருக்கிறது திமுக அரசு - @ annamalai_k அரசியலில் மக்கள் பிரச்சனையை தரவுகளோடு சாமானிய மக்களுக்கு புரியும்படி பேசுவதற்கு அண்ணாமலையாரை விட்டால் வேற ஆள் இல்லை . : fire : :fire : :fire : வைகோ , சீமான் , மாதிரி இங்க பிரச்சனைகளைப் பற்றி பேசி உசுப்பேத்த நிறைய அரசியல் தலைவர்கள் இருந்தாங்க இருக்காங்க ஆனால் பிரச்சனையுடன் தீர்வையும் வைத்துக்கொண்டு எதார்த்த அரசியல் செய்ய உங்க அண்ணாமலையார் மட்டும் தான் இருக்காரு : fire : :fire : :fire : இனிமேலாவது மத்திய தலைமை நல்ல முடிவுகளை மட்டுமே எடுக்கும் என்ற நம்பிக்கையுடன் வழக்கம்போல் காத்திருக்கும் ஒரு சாதாரண பாஜக ஆதரவாளர் . : folded_hands : # annamalai # tnwelcomesamitshah",DMK,1
"ஐந்து வருஷத்தில் ஐந்தாயிரம் ரூபாய் கொடுத்துவிட்டு எங்க தல மேல 2.5 லட்சம் கடன் சுமையை ஏற்றி இருக்கிறது திமுக அரசு - @ annamalai_k அரசியலில் மக்கள் பிரச்சனையை தரவுகளோடு சாமானிய மக்களுக்கு புரியும்படி பேசுவதற்கு அண்ணாமலையாரை விட்டால் வேற ஆள் இல்லை . : fire : :fire : :fire : வைகோ , சீமான் , மாதிரி இங்க பிரச்சனைகளைப் பற்றி பேசி உசுப்பேத்த நிறைய அரசியல் தலைவர்கள் இருந்தாங்க இருக்காங்க ஆனால் பிரச்சனையுடன் தீர்வையும் வைத்துக்கொண்டு எதார்த்த அரசியல் செய்ய உங்க அண்ணாமலையார் மட்டும் தான் இருக்காரு : fire : :fire : :fire : இனிமேலாவது மத்திய தலைமை நல்ல முடிவுகளை மட்டுமே எடுக்கும் என்ற நம்பிக்கையுடன் வழக்கம்போல் காத்திருக்கும் ஒரு சாதாரண பாஜக ஆதரவாளர் . : folded_hands : # annamalai # tnwelcomesamitshah",NTK,0
"ஐந்து வருஷத்தில் ஐந்தாயிரம் ரூபாய் கொடுத்துவிட்டு எங்க தல மேல 2.5 லட்சம் கடன் சுமையை ஏற்றி இருக்கிறது திமுக அரசு - @ annamalai_k அரசியலில் மக்கள் பிரச்சனையை தரவுகளோடு சாமானிய மக்களுக்கு புரியும்படி பேசுவதற்கு அண்ணாமலையாரை விட்டால் வேற ஆள் இல்லை . : fire : :fire : :fire : வைகோ , சீமான் , மாதிரி இங்க பிரச்சனைகளைப் பற்றி பேசி உசுப்பேத்த நிறைய அரசியல் தலைவர்கள் இருந்தாங்க இருக்காங்க ஆனால் பிரச்சனையுடன் தீர்வையும் வைத்துக்கொண்டு எதார்த்த அரசியல் செய்ய உங்க அண்ணாமலையார் மட்டும் தான் இருக்காரு : fire : :fire : :fire : இனிமேலாவது மத்திய தலைமை நல்ல முடிவுகளை மட்டுமே எடுக்கும் என்ற நம்பிக்கையுடன் வழக்கம்போல் காத்திருக்கும் ஒரு சாதாரண பாஜக ஆதரவாளர் . : folded_hands : # annamalai # tnwelcomesamitshah",TVK,0
இந்தாள் என்னடா படிச்சிருக்கான் ? ! லேப்டாப்ல wallpaper மாத்தலான்ற அறிவு கூட தெரியாதா : grinning_squinting_face : # தீயசக்தி_திமுக,ADMK,0
இந்தாள் என்னடா படிச்சிருக்கான் ? ! லேப்டாப்ல wallpaper மாத்தலான்ற அறிவு கூட தெரியாதா : grinning_squinting_face : # தீயசக்தி_திமுக,BJP,0
இந்தாள் என்னடா படிச்சிருக்கான் ? ! லேப்டாப்ல wallpaper மாத்தலான்ற அறிவு கூட தெரியாதா : grinning_squinting_face : # தீயசக்தி_திமுக,Congress,0
இந்தாள் என்னடா படிச்சிருக்கான் ? ! லேப்டாப்ல wallpaper மாத்தலான்ற அறிவு கூட தெரியாதா : grinning_squinting_face : # தீயசக்தி_திமுக,DMK,1
இந்தாள் என்னடா படிச்சிருக்கான் ? ! லேப்டாப்ல wallpaper மாத்தலான்ற அறிவு கூட தெரியாதா : grinning_squinting_face : # தீயசக்தி_திமுக,NTK,0
இந்தாள் என்னடா படிச்சிருக்கான் ? ! லேப்டாப்ல wallpaper மாத்தலான்ற அறிவு கூட தெரியாதா : grinning_squinting_face : # தீயசக்தி_திமுக,TVK,0
அண்ணா என்று சொன்னாலே மக்களுக்கு அதிமுக தான் நினைவுக்கு வரும் . ஈவேரா என்றால் தான் திமுக நினைவுக்கு வரும் . எப்படி திமுக காசு போட்டு பராசக்தி படம் எடுத்து அதிமுகவுக்கு ப்ரோமோஷன் செய்யுறாங்கனு தெர்ல ! ? @ blsanthosh @ nainarbjp @ kesavavinayakan,ADMK,1
அண்ணா என்று சொன்னாலே மக்களுக்கு அதிமுக தான் நினைவுக்கு வரும் . ஈவேரா என்றால் தான் திமுக நினைவுக்கு வரும் . எப்படி திமுக காசு போட்டு பராசக்தி படம் எடுத்து அதிமுகவுக்கு ப்ரோமோஷன் செய்யுறாங்கனு தெர்ல ! ? @ blsanthosh @ nainarbjp @ kesavavinayakan,BJP,0
அண்ணா என்று சொன்னாலே மக்களுக்கு அதிமுக தான் நினைவுக்கு வரும் . ஈவேரா என்றால் தான் திமுக நினைவுக்கு வரும் . எப்படி திமுக காசு போட்டு பராசக்தி படம் எடுத்து அதிமுகவுக்கு ப்ரோமோஷன் செய்யுறாங்கனு தெர்ல ! ? @ blsanthosh @ nainarbjp @ kesavavinayakan,Congress,0
அண்ணா என்று சொன்னாலே மக்களுக்கு அதிமுக தான் நினைவுக்கு வரும் . ஈவேரா என்றால் தான் திமுக நினைவுக்கு வரும் . எப்படி திமுக காசு போட்டு பராசக்தி படம் எடுத்து அதிமுகவுக்கு ப்ரோமோஷன் செய்யுறாங்கனு தெர்ல ! ? @ blsanthosh @ nainarbjp @ kesavavinayakan,DMK,1
அண்ணா என்று சொன்னாலே மக்களுக்கு அதிமுக தான் நினைவுக்கு வரும் . ஈவேரா என்றால் தான் திமுக நினைவுக்கு வரும் . எப்படி திமுக காசு போட்டு பராசக்தி படம் எடுத்து அதிமுகவுக்கு ப்ரோமோஷன் செய்யுறாங்கனு தெர்ல ! ? @ blsanthosh @ nainarbjp @ kesavavinayakan,NTK,0
அண்ணா என்று சொன்னாலே மக்களுக்கு அதிமுக தான் நினைவுக்கு வரும் . ஈவேரா என்றால் தான் திமுக நினைவுக்கு வரும் . எப்படி திமுக காசு போட்டு பராசக்தி படம் எடுத்து அதிமுகவுக்கு ப்ரோமோஷன் செய்யுறாங்கனு தெர்ல ! ? @ blsanthosh @ nainarbjp @ kesavavinayakan,TVK,0
"மகாகவி சுப்பிரமணிய பாரதியாரின் பிறந்தநாள் நாடு முழுவதும் பாரதிய மொழிகள் தினம் ஆக கொண்டாடப்படும் நிலையில் , பள்ளி மற்றும் கல்லூரி மாணவர்களுக்கான மாநில அளவிலான மூன்றாம் பதிப்பு கட்டுரைப் போட்டியின் முடிவுகளை தமிழ்நாடு மக்கள் மாளிகை பெருமையுடன் அறிவிக்கிறது . இந்திய மொழியியல் பன்முகத்தன்மையை வளர்த்தெடுப்பதன் மூலமும் , இளைஞர்களிடையே இந்தியாவின் நீடித்த ஆன்மிகம் மற்றும் கலாசார பாரம்பரியத்தை வளர்த்தெடுப்பதன் மூலமும் மகாகவி பாரதியாரின் எழுச்சியூட்டும் மரபைக் கொண்டாட மக்கள் மாளிகை மேற்கொள்ளும் முயற்சியே இந்த வருடாந்திரப் போட்டியாகும் . அனைத்து பங்கேற்பாளர்களின் உற்சாகமான பங்கேற்புக்காக மனமார்ந்த வாழ்த்துக்கள் மற்றும் வெற்றியாளர்களுக்கு சிறப்பு பாராட்டுகள் . # மகாகவிபாரதியார் # பாரதியமொழிகள்தினம் # ஒரேபாரதம்உன்னதபாரதம் # போட்டி # ஆளுநர்ரவி # மக்கள்மாளிகைதமிழ்நாடு",ADMK,0
"மகாகவி சுப்பிரமணிய பாரதியாரின் பிறந்தநாள் நாடு முழுவதும் பாரதிய மொழிகள் தினம் ஆக கொண்டாடப்படும் நிலையில் , பள்ளி மற்றும் கல்லூரி மாணவர்களுக்கான மாநில அளவிலான மூன்றாம் பதிப்பு கட்டுரைப் போட்டியின் முடிவுகளை தமிழ்நாடு மக்கள் மாளிகை பெருமையுடன் அறிவிக்கிறது . இந்திய மொழியியல் பன்முகத்தன்மையை வளர்த்தெடுப்பதன் மூலமும் , இளைஞர்களிடையே இந்தியாவின் நீடித்த ஆன்மிகம் மற்றும் கலாசார பாரம்பரியத்தை வளர்த்தெடுப்பதன் மூலமும் மகாகவி பாரதியாரின் எழுச்சியூட்டும் மரபைக் கொண்டாட மக்கள் மாளிகை மேற்கொள்ளும் முயற்சியே இந்த வருடாந்திரப் போட்டியாகும் . அனைத்து பங்கேற்பாளர்களின் உற்சாகமான பங்கேற்புக்காக மனமார்ந்த வாழ்த்துக்கள் மற்றும் வெற்றியாளர்களுக்கு சிறப்பு பாராட்டுகள் . # மகாகவிபாரதியார் # பாரதியமொழிகள்தினம் # ஒரேபாரதம்உன்னதபாரதம் # போட்டி # ஆளுநர்ரவி # மக்கள்மாளிகைதமிழ்நாடு",BJP,1
"மகாகவி சுப்பிரமணிய பாரதியாரின் பிறந்தநாள் நாடு முழுவதும் பாரதிய மொழிகள் தினம் ஆக கொண்டாடப்படும் நிலையில் , பள்ளி மற்றும் கல்லூரி மாணவர்களுக்கான மாநில அளவிலான மூன்றாம் பதிப்பு கட்டுரைப் போட்டியின் முடிவுகளை தமிழ்நாடு மக்கள் மாளிகை பெருமையுடன் அறிவிக்கிறது . இந்திய மொழியியல் பன்முகத்தன்மையை வளர்த்தெடுப்பதன் மூலமும் , இளைஞர்களிடையே இந்தியாவின் நீடித்த ஆன்மிகம் மற்றும் கலாசார பாரம்பரியத்தை வளர்த்தெடுப்பதன் மூலமும் மகாகவி பாரதியாரின் எழுச்சியூட்டும் மரபைக் கொண்டாட மக்கள் மாளிகை மேற்கொள்ளும் முயற்சியே இந்த வருடாந்திரப் போட்டியாகும் . அனைத்து பங்கேற்பாளர்களின் உற்சாகமான பங்கேற்புக்காக மனமார்ந்த வாழ்த்துக்கள் மற்றும் வெற்றியாளர்களுக்கு சிறப்பு பாராட்டுகள் . # மகாகவிபாரதியார் # பாரதியமொழிகள்தினம் # ஒரேபாரதம்உன்னதபாரதம் # போட்டி # ஆளுநர்ரவி # மக்கள்மாளிகைதமிழ்நாடு",Congress,0
"மகாகவி சுப்பிரமணிய பாரதியாரின் பிறந்தநாள் நாடு முழுவதும் பாரதிய மொழிகள் தினம் ஆக கொண்டாடப்படும் நிலையில் , பள்ளி மற்றும் கல்லூரி மாணவர்களுக்கான மாநில அளவிலான மூன்றாம் பதிப்பு கட்டுரைப் போட்டியின் முடிவுகளை தமிழ்நாடு மக்கள் மாளிகை பெருமையுடன் அறிவிக்கிறது . இந்திய மொழியியல் பன்முகத்தன்மையை வளர்த்தெடுப்பதன் மூலமும் , இளைஞர்களிடையே இந்தியாவின் நீடித்த ஆன்மிகம் மற்றும் கலாசார பாரம்பரியத்தை வளர்த்தெடுப்பதன் மூலமும் மகாகவி பாரதியாரின் எழுச்சியூட்டும் மரபைக் கொண்டாட மக்கள் மாளிகை மேற்கொள்ளும் முயற்சியே இந்த வருடாந்திரப் போட்டியாகும் . அனைத்து பங்கேற்பாளர்களின் உற்சாகமான பங்கேற்புக்காக மனமார்ந்த வாழ்த்துக்கள் மற்றும் வெற்றியாளர்களுக்கு சிறப்பு பாராட்டுகள் . # மகாகவிபாரதியார் # பாரதியமொழிகள்தினம் # ஒரேபாரதம்உன்னதபாரதம் # போட்டி # ஆளுநர்ரவி # மக்கள்மாளிகைதமிழ்நாடு",DMK,0
"மகாகவி சுப்பிரமணிய பாரதியாரின் பிறந்தநாள் நாடு முழுவதும் பாரதிய மொழிகள் தினம் ஆக கொண்டாடப்படும் நிலையில் , பள்ளி மற்றும் கல்லூரி மாணவர்களுக்கான மாநில அளவிலான மூன்றாம் பதிப்பு கட்டுரைப் போட்டியின் முடிவுகளை தமிழ்நாடு மக்கள் மாளிகை பெருமையுடன் அறிவிக்கிறது . இந்திய மொழியியல் பன்முகத்தன்மையை வளர்த்தெடுப்பதன் மூலமும் , இளைஞர்களிடையே இந்தியாவின் நீடித்த ஆன்மிகம் மற்றும் கலாசார பாரம்பரியத்தை வளர்த்தெடுப்பதன் மூலமும் மகாகவி பாரதியாரின் எழுச்சியூட்டும் மரபைக் கொண்டாட மக்கள் மாளிகை மேற்கொள்ளும் முயற்சியே இந்த வருடாந்திரப் போட்டியாகும் . அனைத்து பங்கேற்பாளர்களின் உற்சாகமான பங்கேற்புக்காக மனமார்ந்த வாழ்த்துக்கள் மற்றும் வெற்றியாளர்களுக்கு சிறப்பு பாராட்டுகள் . # மகாகவிபாரதியார் # பாரதியமொழிகள்தினம் # ஒரேபாரதம்உன்னதபாரதம் # போட்டி # ஆளுநர்ரவி # மக்கள்மாளிகைதமிழ்நாடு",NTK,0
"மகாகவி சுப்பிரமணிய பாரதியாரின் பிறந்தநாள் நாடு முழுவதும் பாரதிய மொழிகள் தினம் ஆக கொண்டாடப்படும் நிலையில் , பள்ளி மற்றும் கல்லூரி மாணவர்களுக்கான மாநில அளவிலான மூன்றாம் பதிப்பு கட்டுரைப் போட்டியின் முடிவுகளை தமிழ்நாடு மக்கள் மாளிகை பெருமையுடன் அறிவிக்கிறது . இந்திய மொழியியல் பன்முகத்தன்மையை வளர்த்தெடுப்பதன் மூலமும் , இளைஞர்களிடையே இந்தியாவின் நீடித்த ஆன்மிகம் மற்றும் கலாசார பாரம்பரியத்தை வளர்த்தெடுப்பதன் மூலமும் மகாகவி பாரதியாரின் எழுச்சியூட்டும் மரபைக் கொண்டாட மக்கள் மாளிகை மேற்கொள்ளும் முயற்சியே இந்த வருடாந்திரப் போட்டியாகும் . அனைத்து பங்கேற்பாளர்களின் உற்சாகமான பங்கேற்புக்காக மனமார்ந்த வாழ்த்துக்கள் மற்றும் வெற்றியாளர்களுக்கு சிறப்பு பாராட்டுகள் . # மகாகவிபாரதியார் # பாரதியமொழிகள்தினம் # ஒரேபாரதம்உன்னதபாரதம் # போட்டி # ஆளுநர்ரவி # மக்கள்மாளிகைதமிழ்நாடு",TVK,0
"திமுக கொடுத்த தேர்தல் வாக்குறுதிகள் குறித்து , முதலமைச்சர் திரு @ mkstalin , ஒவ்வொரு வாரமும் , ஒவ்வொரு சதவீத கணக்கைக் கூறி வருகிறார் . ஆனால் பகுதி நேர ஆசிரியர்கள் , தங்களுக்குக் கொடுத்த தேர்தல் வாக்குறுதியை அவருக்கு நினைவூட்ட , வாக்குறுதி எண் 181-ஐ , நெற்றியில் எழுதிப் போராடும் நிலைக்குத் தள்ளப்பட்டிருக்கிறார்கள் . கடந்த 2016 தேர்தலிலேயே , பகுதி நேர ஆசிரியர்களுக்குப் பணி நிரந்தரம் செய்வோம் என்று தேர்தல் வாக்குறுதியாகக் கொடுத்து , அவர்கள் போராட்டத்துக்கு நேரில் சென்று ஆதரவளித்த அப்போது எதிர்க்கட்சியாக இருந்த முதலமைச்சர் திரு @ mkstalin , ஆட்சிக்கு வந்த பிறகு அவர்களை முற்றிலுமாகப் புறக்கணித்து வருகிறார் . கடந்த ஐந்து ஆண்டுகளாக , 10 % வாக்குறுதிகளைக் கூட முழுமையாக நிறைவேற்றாமல் , அடுத்த தேர்தலுக்கு வாக்குறுதி அளிக்க , தனது தங்கை தலைமையில் குழு அமைத்திருக்கிறார் முதலமைச்சர் திரு @ mkstalin . திமுக தமிழக மக்களை எத்தனை ஏளனமாகப் பார்க்கிறது என்பதற்கு இது ஒரு எடுத்துக்காட்டு . திமுகவின் நம்பிக்கை மோசடிக்கு , 2026 தேர்தலில் தமிழக மக்கள் உரிய பதிலடி கொடுப்பார்கள் .",ADMK,0
"திமுக கொடுத்த தேர்தல் வாக்குறுதிகள் குறித்து , முதலமைச்சர் திரு @ mkstalin , ஒவ்வொரு வாரமும் , ஒவ்வொரு சதவீத கணக்கைக் கூறி வருகிறார் . ஆனால் பகுதி நேர ஆசிரியர்கள் , தங்களுக்குக் கொடுத்த தேர்தல் வாக்குறுதியை அவருக்கு நினைவூட்ட , வாக்குறுதி எண் 181-ஐ , நெற்றியில் எழுதிப் போராடும் நிலைக்குத் தள்ளப்பட்டிருக்கிறார்கள் . கடந்த 2016 தேர்தலிலேயே , பகுதி நேர ஆசிரியர்களுக்குப் பணி நிரந்தரம் செய்வோம் என்று தேர்தல் வாக்குறுதியாகக் கொடுத்து , அவர்கள் போராட்டத்துக்கு நேரில் சென்று ஆதரவளித்த அப்போது எதிர்க்கட்சியாக இருந்த முதலமைச்சர் திரு @ mkstalin , ஆட்சிக்கு வந்த பிறகு அவர்களை முற்றிலுமாகப் புறக்கணித்து வருகிறார் . கடந்த ஐந்து ஆண்டுகளாக , 10 % வாக்குறுதிகளைக் கூட முழுமையாக நிறைவேற்றாமல் , அடுத்த தேர்தலுக்கு வாக்குறுதி அளிக்க , தனது தங்கை தலைமையில் குழு அமைத்திருக்கிறார் முதலமைச்சர் திரு @ mkstalin . திமுக தமிழக மக்களை எத்தனை ஏளனமாகப் பார்க்கிறது என்பதற்கு இது ஒரு எடுத்துக்காட்டு . திமுகவின் நம்பிக்கை மோசடிக்கு , 2026 தேர்தலில் தமிழக மக்கள் உரிய பதிலடி கொடுப்பார்கள் .",BJP,0
"திமுக கொடுத்த தேர்தல் வாக்குறுதிகள் குறித்து , முதலமைச்சர் திரு @ mkstalin , ஒவ்வொரு வாரமும் , ஒவ்வொரு சதவீத கணக்கைக் கூறி வருகிறார் . ஆனால் பகுதி நேர ஆசிரியர்கள் , தங்களுக்குக் கொடுத்த தேர்தல் வாக்குறுதியை அவருக்கு நினைவூட்ட , வாக்குறுதி எண் 181-ஐ , நெற்றியில் எழுதிப் போராடும் நிலைக்குத் தள்ளப்பட்டிருக்கிறார்கள் . கடந்த 2016 தேர்தலிலேயே , பகுதி நேர ஆசிரியர்களுக்குப் பணி நிரந்தரம் செய்வோம் என்று தேர்தல் வாக்குறுதியாகக் கொடுத்து , அவர்கள் போராட்டத்துக்கு நேரில் சென்று ஆதரவளித்த அப்போது எதிர்க்கட்சியாக இருந்த முதலமைச்சர் திரு @ mkstalin , ஆட்சிக்கு வந்த பிறகு அவர்களை முற்றிலுமாகப் புறக்கணித்து வருகிறார் . கடந்த ஐந்து ஆண்டுகளாக , 10 % வாக்குறுதிகளைக் கூட முழுமையாக நிறைவேற்றாமல் , அடுத்த தேர்தலுக்கு வாக்குறுதி அளிக்க , தனது தங்கை தலைமையில் குழு அமைத்திருக்கிறார் முதலமைச்சர் திரு @ mkstalin . திமுக தமிழக மக்களை எத்தனை ஏளனமாகப் பார்க்கிறது என்பதற்கு இது ஒரு எடுத்துக்காட்டு . திமுகவின் நம்பிக்கை மோசடிக்கு , 2026 தேர்தலில் தமிழக மக்கள் உரிய பதிலடி கொடுப்பார்கள் .",Congress,0
"திமுக கொடுத்த தேர்தல் வாக்குறுதிகள் குறித்து , முதலமைச்சர் திரு @ mkstalin , ஒவ்வொரு வாரமும் , ஒவ்வொரு சதவீத கணக்கைக் கூறி வருகிறார் . ஆனால் பகுதி நேர ஆசிரியர்கள் , தங்களுக்குக் கொடுத்த தேர்தல் வாக்குறுதியை அவருக்கு நினைவூட்ட , வாக்குறுதி எண் 181-ஐ , நெற்றியில் எழுதிப் போராடும் நிலைக்குத் தள்ளப்பட்டிருக்கிறார்கள் . கடந்த 2016 தேர்தலிலேயே , பகுதி நேர ஆசிரியர்களுக்குப் பணி நிரந்தரம் செய்வோம் என்று தேர்தல் வாக்குறுதியாகக் கொடுத்து , அவர்கள் போராட்டத்துக்கு நேரில் சென்று ஆதரவளித்த அப்போது எதிர்க்கட்சியாக இருந்த முதலமைச்சர் திரு @ mkstalin , ஆட்சிக்கு வந்த பிறகு அவர்களை முற்றிலுமாகப் புறக்கணித்து வருகிறார் . கடந்த ஐந்து ஆண்டுகளாக , 10 % வாக்குறுதிகளைக் கூட முழுமையாக நிறைவேற்றாமல் , அடுத்த தேர்தலுக்கு வாக்குறுதி அளிக்க , தனது தங்கை தலைமையில் குழு அமைத்திருக்கிறார் முதலமைச்சர் திரு @ mkstalin . திமுக தமிழக மக்களை எத்தனை ஏளனமாகப் பார்க்கிறது என்பதற்கு இது ஒரு எடுத்துக்காட்டு . திமுகவின் நம்பிக்கை மோசடிக்கு , 2026 தேர்தலில் தமிழக மக்கள் உரிய பதிலடி கொடுப்பார்கள் .",DMK,1
"திமுக கொடுத்த தேர்தல் வாக்குறுதிகள் குறித்து , முதலமைச்சர் திரு @ mkstalin , ஒவ்வொரு வாரமும் , ஒவ்வொரு சதவீத கணக்கைக் கூறி வருகிறார் . ஆனால் பகுதி நேர ஆசிரியர்கள் , தங்களுக்குக் கொடுத்த தேர்தல் வாக்குறுதியை அவருக்கு நினைவூட்ட , வாக்குறுதி எண் 181-ஐ , நெற்றியில் எழுதிப் போராடும் நிலைக்குத் தள்ளப்பட்டிருக்கிறார்கள் . கடந்த 2016 தேர்தலிலேயே , பகுதி நேர ஆசிரியர்களுக்குப் பணி நிரந்தரம் செய்வோம் என்று தேர்தல் வாக்குறுதியாகக் கொடுத்து , அவர்கள் போராட்டத்துக்கு நேரில் சென்று ஆதரவளித்த அப்போது எதிர்க்கட்சியாக இருந்த முதலமைச்சர் திரு @ mkstalin , ஆட்சிக்கு வந்த பிறகு அவர்களை முற்றிலுமாகப் புறக்கணித்து வருகிறார் . கடந்த ஐந்து ஆண்டுகளாக , 10 % வாக்குறுதிகளைக் கூட முழுமையாக நிறைவேற்றாமல் , அடுத்த தேர்தலுக்கு வாக்குறுதி அளிக்க , தனது தங்கை தலைமையில் குழு அமைத்திருக்கிறார் முதலமைச்சர் திரு @ mkstalin . திமுக தமிழக மக்களை எத்தனை ஏளனமாகப் பார்க்கிறது என்பதற்கு இது ஒரு எடுத்துக்காட்டு . திமுகவின் நம்பிக்கை மோசடிக்கு , 2026 தேர்தலில் தமிழக மக்கள் உரிய பதிலடி கொடுப்பார்கள் .",NTK,0
"திமுக கொடுத்த தேர்தல் வாக்குறுதிகள் குறித்து , முதலமைச்சர் திரு @ mkstalin , ஒவ்வொரு வாரமும் , ஒவ்வொரு சதவீத கணக்கைக் கூறி வருகிறார் . ஆனால் பகுதி நேர ஆசிரியர்கள் , தங்களுக்குக் கொடுத்த தேர்தல் வாக்குறுதியை அவருக்கு நினைவூட்ட , வாக்குறுதி எண் 181-ஐ , நெற்றியில் எழுதிப் போராடும் நிலைக்குத் தள்ளப்பட்டிருக்கிறார்கள் . கடந்த 2016 தேர்தலிலேயே , பகுதி நேர ஆசிரியர்களுக்குப் பணி நிரந்தரம் செய்வோம் என்று தேர்தல் வாக்குறுதியாகக் கொடுத்து , அவர்கள் போராட்டத்துக்கு நேரில் சென்று ஆதரவளித்த அப்போது எதிர்க்கட்சியாக இருந்த முதலமைச்சர் திரு @ mkstalin , ஆட்சிக்கு வந்த பிறகு அவர்களை முற்றிலுமாகப் புறக்கணித்து வருகிறார் . கடந்த ஐந்து ஆண்டுகளாக , 10 % வாக்குறுதிகளைக் கூட முழுமையாக நிறைவேற்றாமல் , அடுத்த தேர்தலுக்கு வாக்குறுதி அளிக்க , தனது தங்கை தலைமையில் குழு அமைத்திருக்கிறார் முதலமைச்சர் திரு @ mkstalin . திமுக தமிழக மக்களை எத்தனை ஏளனமாகப் பார்க்கிறது என்பதற்கு இது ஒரு எடுத்துக்காட்டு . திமுகவின் நம்பிக்கை மோசடிக்கு , 2026 தேர்தலில் தமிழக மக்கள் உரிய பதிலடி கொடுப்பார்கள் .",TVK,0
"dear @ rahulgandhi , 2026 tamil nadu election campaign , please ’ disappear thailand , bangkok , england . come tamil nadu campaign — greatly help ensure bjp–nda victory . @ narendramodi @ amitshah @ rajnathsingh @ nsitharaman @ ashwinivaishnaw @ blsanthosh @ menonarvindbjp @ reddysudhakar21 @ nainarbjp @ kesavavinayakan @ annamalai_k",ADMK,0
"dear @ rahulgandhi , 2026 tamil nadu election campaign , please ’ disappear thailand , bangkok , england . come tamil nadu campaign — greatly help ensure bjp–nda victory . @ narendramodi @ amitshah @ rajnathsingh @ nsitharaman @ ashwinivaishnaw @ blsanthosh @ menonarvindbjp @ reddysudhakar21 @ nainarbjp @ kesavavinayakan @ annamalai_k",BJP,1
"dear @ rahulgandhi , 2026 tamil nadu election campaign , please ’ disappear thailand , bangkok , england . come tamil nadu campaign — greatly help ensure bjp–nda victory . @ narendramodi @ amitshah @ rajnathsingh @ nsitharaman @ ashwinivaishnaw @ blsanthosh @ menonarvindbjp @ reddysudhakar21 @ nainarbjp @ kesavavinayakan @ annamalai_k",Congress,1
"dear @ rahulgandhi , 2026 tamil nadu election campaign , please ’ disappear thailand , bangkok , england . come tamil nadu campaign — greatly help ensure bjp–nda victory . @ narendramodi @ amitshah @ rajnathsingh @ nsitharaman @ ashwinivaishnaw @ blsanthosh @ menonarvindbjp @ reddysudhakar21 @ nainarbjp @ kesavavinayakan @ annamalai_k",DMK,0
"dear @ rahulgandhi , 2026 tamil nadu election campaign , please ’ disappear thailand , bangkok , england . come tamil nadu campaign — greatly help ensure bjp–nda victory . @ narendramodi @ amitshah @ rajnathsingh @ nsitharaman @ ashwinivaishnaw @ blsanthosh @ menonarvindbjp @ reddysudhakar21 @ nainarbjp @ kesavavinayakan @ annamalai_k",NTK,0
"dear @ rahulgandhi , 2026 tamil nadu election campaign , please ’ disappear thailand , bangkok , england . come tamil nadu campaign — greatly help ensure bjp–nda victory . @ narendramodi @ amitshah @ rajnathsingh @ nsitharaman @ ashwinivaishnaw @ blsanthosh @ menonarvindbjp @ reddysudhakar21 @ nainarbjp @ kesavavinayakan @ annamalai_k",TVK,0
"eve mahakavi subramania bharathiar ’ birth anniversary , celebrated nationwide bharatiya bhasha diwas , lok bhavan , tamil nadu , proudly announces results third edition state-level essay competition school college students . annual competition lok bhavan ’ initiative celebrate mahakavi bharathiar ’ inspiring legacy fostering india ’ linguistic diversity nurturing india ’ enduring spiritual cultural heritage among youth . heartiest congratulations participants enthusiastic participation special congratulations winners . # mahakavibharathiar # bharatiyabhashadiwas # ekbharatshreshtabharat # competition # governorravi # lokbhavantn",ADMK,0
"eve mahakavi subramania bharathiar ’ birth anniversary , celebrated nationwide bharatiya bhasha diwas , lok bhavan , tamil nadu , proudly announces results third edition state-level essay competition school college students . annual competition lok bhavan ’ initiative celebrate mahakavi bharathiar ’ inspiring legacy fostering india ’ linguistic diversity nurturing india ’ enduring spiritual cultural heritage among youth . heartiest congratulations participants enthusiastic participation special congratulations winners . # mahakavibharathiar # bharatiyabhashadiwas # ekbharatshreshtabharat # competition # governorravi # lokbhavantn",BJP,1
"eve mahakavi subramania bharathiar ’ birth anniversary , celebrated nationwide bharatiya bhasha diwas , lok bhavan , tamil nadu , proudly announces results third edition state-level essay competition school college students . annual competition lok bhavan ’ initiative celebrate mahakavi bharathiar ’ inspiring legacy fostering india ’ linguistic diversity nurturing india ’ enduring spiritual cultural heritage among youth . heartiest congratulations participants enthusiastic participation special congratulations winners . # mahakavibharathiar # bharatiyabhashadiwas # ekbharatshreshtabharat # competition # governorravi # lokbhavantn",Congress,0
"eve mahakavi subramania bharathiar ’ birth anniversary , celebrated nationwide bharatiya bhasha diwas , lok bhavan , tamil nadu , proudly announces results third edition state-level essay competition school college students . annual competition lok bhavan ’ initiative celebrate mahakavi bharathiar ’ inspiring legacy fostering india ’ linguistic diversity nurturing india ’ enduring spiritual cultural heritage among youth . heartiest congratulations participants enthusiastic participation special congratulations winners . # mahakavibharathiar # bharatiyabhashadiwas # ekbharatshreshtabharat # competition # governorravi # lokbhavantn",DMK,0
"eve mahakavi subramania bharathiar ’ birth anniversary , celebrated nationwide bharatiya bhasha diwas , lok bhavan , tamil nadu , proudly announces results third edition state-level essay competition school college students . annual competition lok bhavan ’ initiative celebrate mahakavi bharathiar ’ inspiring legacy fostering india ’ linguistic diversity nurturing india ’ enduring spiritual cultural heritage among youth . heartiest congratulations participants enthusiastic participation special congratulations winners . # mahakavibharathiar # bharatiyabhashadiwas # ekbharatshreshtabharat # competition # governorravi # lokbhavantn",NTK,0
"eve mahakavi subramania bharathiar ’ birth anniversary , celebrated nationwide bharatiya bhasha diwas , lok bhavan , tamil nadu , proudly announces results third edition state-level essay competition school college students . annual competition lok bhavan ’ initiative celebrate mahakavi bharathiar ’ inspiring legacy fostering india ’ linguistic diversity nurturing india ’ enduring spiritual cultural heritage among youth . heartiest congratulations participants enthusiastic participation special congratulations winners . # mahakavibharathiar # bharatiyabhashadiwas # ekbharatshreshtabharat # competition # governorravi # lokbhavantn",TVK,0
திருவல்லிக்கேணி நடுக்குப்பம் பகுதி யில் மீனவர் அணி சார்பில் தவெக கோலம் . @ bussyanand @ chepauktvk_offl @ tvkvijayhq,ADMK,0
திருவல்லிக்கேணி நடுக்குப்பம் பகுதி யில் மீனவர் அணி சார்பில் தவெக கோலம் . @ bussyanand @ chepauktvk_offl @ tvkvijayhq,BJP,0
திருவல்லிக்கேணி நடுக்குப்பம் பகுதி யில் மீனவர் அணி சார்பில் தவெக கோலம் . @ bussyanand @ chepauktvk_offl @ tvkvijayhq,Congress,0
திருவல்லிக்கேணி நடுக்குப்பம் பகுதி யில் மீனவர் அணி சார்பில் தவெக கோலம் . @ bussyanand @ chepauktvk_offl @ tvkvijayhq,DMK,0
திருவல்லிக்கேணி நடுக்குப்பம் பகுதி யில் மீனவர் அணி சார்பில் தவெக கோலம் . @ bussyanand @ chepauktvk_offl @ tvkvijayhq,NTK,0
திருவல்லிக்கேணி நடுக்குப்பம் பகுதி யில் மீனவர் அணி சார்பில் தவெக கோலம் . @ bussyanand @ chepauktvk_offl @ tvkvijayhq,TVK,1
"வர வர debate லாம் பார்த்தா dmk ruling party ahh ! ! இல்ல tvk ruling party ahh nae தெரியலையே பா ! ! : thinking_face : ... வெறும் tvk மட்டும் கெத்தா dmk kuu opposition voice கொடுக்குது மத்ததெல்லாம் tvk vae பார்த்து தொகுருது , நடுங்குது : fire : :flexed_biceps : :collision : இனிமே இப்படிதான் எங்கள சுத்தி தான் இங்க அரசியலே இயங்கணும் : hundred_points : # tvkvijay # tvkfortn # தமிழகவெற்றிக்கழகம்",ADMK,0
"வர வர debate லாம் பார்த்தா dmk ruling party ahh ! ! இல்ல tvk ruling party ahh nae தெரியலையே பா ! ! : thinking_face : ... வெறும் tvk மட்டும் கெத்தா dmk kuu opposition voice கொடுக்குது மத்ததெல்லாம் tvk vae பார்த்து தொகுருது , நடுங்குது : fire : :flexed_biceps : :collision : இனிமே இப்படிதான் எங்கள சுத்தி தான் இங்க அரசியலே இயங்கணும் : hundred_points : # tvkvijay # tvkfortn # தமிழகவெற்றிக்கழகம்",BJP,0
"வர வர debate லாம் பார்த்தா dmk ruling party ahh ! ! இல்ல tvk ruling party ahh nae தெரியலையே பா ! ! : thinking_face : ... வெறும் tvk மட்டும் கெத்தா dmk kuu opposition voice கொடுக்குது மத்ததெல்லாம் tvk vae பார்த்து தொகுருது , நடுங்குது : fire : :flexed_biceps : :collision : இனிமே இப்படிதான் எங்கள சுத்தி தான் இங்க அரசியலே இயங்கணும் : hundred_points : # tvkvijay # tvkfortn # தமிழகவெற்றிக்கழகம்",Congress,0
"வர வர debate லாம் பார்த்தா dmk ruling party ahh ! ! இல்ல tvk ruling party ahh nae தெரியலையே பா ! ! : thinking_face : ... வெறும் tvk மட்டும் கெத்தா dmk kuu opposition voice கொடுக்குது மத்ததெல்லாம் tvk vae பார்த்து தொகுருது , நடுங்குது : fire : :flexed_biceps : :collision : இனிமே இப்படிதான் எங்கள சுத்தி தான் இங்க அரசியலே இயங்கணும் : hundred_points : # tvkvijay # tvkfortn # தமிழகவெற்றிக்கழகம்",DMK,1
"வர வர debate லாம் பார்த்தா dmk ruling party ahh ! ! இல்ல tvk ruling party ahh nae தெரியலையே பா ! ! : thinking_face : ... வெறும் tvk மட்டும் கெத்தா dmk kuu opposition voice கொடுக்குது மத்ததெல்லாம் tvk vae பார்த்து தொகுருது , நடுங்குது : fire : :flexed_biceps : :collision : இனிமே இப்படிதான் எங்கள சுத்தி தான் இங்க அரசியலே இயங்கணும் : hundred_points : # tvkvijay # tvkfortn # தமிழகவெற்றிக்கழகம்",NTK,0
"வர வர debate லாம் பார்த்தா dmk ruling party ahh ! ! இல்ல tvk ruling party ahh nae தெரியலையே பா ! ! : thinking_face : ... வெறும் tvk மட்டும் கெத்தா dmk kuu opposition voice கொடுக்குது மத்ததெல்லாம் tvk vae பார்த்து தொகுருது , நடுங்குது : fire : :flexed_biceps : :collision : இனிமே இப்படிதான் எங்கள சுத்தி தான் இங்க அரசியலே இயங்கணும் : hundred_points : # tvkvijay # tvkfortn # தமிழகவெற்றிக்கழகம்",TVK,1
"glad see increased participation youth events like ironman 70.3 held goa today . events contribute towards # fitindia movement . congratulations everyone took part . delighted two young party colleagues , annamalai tejasvi surya among successfully completed ironman triathlon . @ annamalai_k @ tejasvi_surya",ADMK,0
"glad see increased participation youth events like ironman 70.3 held goa today . events contribute towards # fitindia movement . congratulations everyone took part . delighted two young party colleagues , annamalai tejasvi surya among successfully completed ironman triathlon . @ annamalai_k @ tejasvi_surya",BJP,1
"glad see increased participation youth events like ironman 70.3 held goa today . events contribute towards # fitindia movement . congratulations everyone took part . delighted two young party colleagues , annamalai tejasvi surya among successfully completed ironman triathlon . @ annamalai_k @ tejasvi_surya",Congress,0
"glad see increased participation youth events like ironman 70.3 held goa today . events contribute towards # fitindia movement . congratulations everyone took part . delighted two young party colleagues , annamalai tejasvi surya among successfully completed ironman triathlon . @ annamalai_k @ tejasvi_surya",DMK,0
"glad see increased participation youth events like ironman 70.3 held goa today . events contribute towards # fitindia movement . congratulations everyone took part . delighted two young party colleagues , annamalai tejasvi surya among successfully completed ironman triathlon . @ annamalai_k @ tejasvi_surya",NTK,0
"glad see increased participation youth events like ironman 70.3 held goa today . events contribute towards # fitindia movement . congratulations everyone took part . delighted two young party colleagues , annamalai tejasvi surya among successfully completed ironman triathlon . @ annamalai_k @ tejasvi_surya",TVK,0
"‘ ஆளுநர் மாளிகை , தமிழ்நாடு ’ என்பது ‘ மக்கள் மாளிகை , தமிழ்நாடு ' எனப் பெயர் மாற்றம் . செய்தி வெளியீடு எண் : 43 # செய்திவெளியீடு # மக்கள்மாளிகை # ஆளுநர்ரவி",ADMK,0
"‘ ஆளுநர் மாளிகை , தமிழ்நாடு ’ என்பது ‘ மக்கள் மாளிகை , தமிழ்நாடு ' எனப் பெயர் மாற்றம் . செய்தி வெளியீடு எண் : 43 # செய்திவெளியீடு # மக்கள்மாளிகை # ஆளுநர்ரவி",BJP,1
"‘ ஆளுநர் மாளிகை , தமிழ்நாடு ’ என்பது ‘ மக்கள் மாளிகை , தமிழ்நாடு ' எனப் பெயர் மாற்றம் . செய்தி வெளியீடு எண் : 43 # செய்திவெளியீடு # மக்கள்மாளிகை # ஆளுநர்ரவி",Congress,0
"‘ ஆளுநர் மாளிகை , தமிழ்நாடு ’ என்பது ‘ மக்கள் மாளிகை , தமிழ்நாடு ' எனப் பெயர் மாற்றம் . செய்தி வெளியீடு எண் : 43 # செய்திவெளியீடு # மக்கள்மாளிகை # ஆளுநர்ரவி",DMK,0
"‘ ஆளுநர் மாளிகை , தமிழ்நாடு ’ என்பது ‘ மக்கள் மாளிகை , தமிழ்நாடு ' எனப் பெயர் மாற்றம் . செய்தி வெளியீடு எண் : 43 # செய்திவெளியீடு # மக்கள்மாளிகை # ஆளுநர்ரவி",NTK,0
"‘ ஆளுநர் மாளிகை , தமிழ்நாடு ’ என்பது ‘ மக்கள் மாளிகை , தமிழ்நாடு ' எனப் பெயர் மாற்றம் . செய்தி வெளியீடு எண் : 43 # செய்திவெளியீடு # மக்கள்மாளிகை # ஆளுநர்ரவி",TVK,0
ஸ்டாலின் ஆட்சிக்கு வந்தால் தமிழ்நாடு இனி தாங்காது என்று உண்மையை உரக்கச் சொல்லும் சாமானியர் !,ADMK,0
ஸ்டாலின் ஆட்சிக்கு வந்தால் தமிழ்நாடு இனி தாங்காது என்று உண்மையை உரக்கச் சொல்லும் சாமானியர் !,BJP,0
ஸ்டாலின் ஆட்சிக்கு வந்தால் தமிழ்நாடு இனி தாங்காது என்று உண்மையை உரக்கச் சொல்லும் சாமானியர் !,Congress,0
ஸ்டாலின் ஆட்சிக்கு வந்தால் தமிழ்நாடு இனி தாங்காது என்று உண்மையை உரக்கச் சொல்லும் சாமானியர் !,DMK,1
ஸ்டாலின் ஆட்சிக்கு வந்தால் தமிழ்நாடு இனி தாங்காது என்று உண்மையை உரக்கச் சொல்லும் சாமானியர் !,NTK,0
ஸ்டாலின் ஆட்சிக்கு வந்தால் தமிழ்நாடு இனி தாங்காது என்று உண்மையை உரக்கச் சொல்லும் சாமானியர் !,TVK,0
"ஆளுநர் ரவி அவர்கள் , பாரதியார் மண்டபத்தில் நடைபெற்ற பாரதிய மொழிகள் தின கொண்டாட்டங்களில் உரையாற்றியபோது , பாரத மொழிகள் எவ்வாறு பாரதத்தை ஒரே தேசமாக வளப்படுத்தியுள்ளன என்பதை அடிக்கோடிட்டுக் காட்டினார் . ஆயிரக்கணக்கான ஆண்டுகளாக இந்த மொழிகள் ஒன்றுக்கொன்று தொடர்பைக்கொண்டும் , வளப்படுத்தியும் , நமது நாகரிக பாரம்பரியத்தை தடையின்றி இணைத்து ஆழப்படுத்தி வருகின்றன என்று அவர் குறிப்பிட்டார் . நமது சுயத்தையும் அடையாளத்தையும் அழிக்கும் நோக்கில் , பிரிட்டிஷ் காலனித்துவ ஆட்சி நமது மொழிகளை இடைவிடாமல் இலக்கு வைத்தது—அவற்றை வெறும் `` வட்டார மொழிகள் '' , அதாவது அடிமைகளின் பேச்சு என்று இழிவுபடுத்தியது . மகாகவி பாரதியார் போன்ற மாபெரும் ஆளுமைகள் இத்தகைய முயற்சிகளை எதிர்த்து உறுதியாக நின்று , பாரத மொழிகளின் பெருமையை நிலைநிறுத்திப் பேணிக்காத்தனர் . துரதிருஷ்டவசமாக , சுதந்திரத்துக்குப் பிறகு பிற்போக்குத்தனமான அரசியல் , போலி தடங்கல்களை ஏற்படுத்தி , பல நூற்றாண்டுகளாக நமது சமூகங்களை இணைத்து வந்த மொழிகளைத் தவறாகப் பயன்படுத்தி , நமது அற்புதமான மொழி பன்முகத்தன்மையை பிளவுகளாக மாற்றியது . பிரதமர் திரு @ narendramodi அவர்களின் பாரதிய மொழிகள் தினத்தைக் கொண்டாடும் முன்முயற்சி , மொழிகளின் உண்மையான பிணைப்புப் பாத்திரத்தை மீட்டெடுத்திருக்கிறது—இது புதிய பாரதத்தின் தேசிய உணர்வையும் நாகரிக பெருமையையும் புத்துயிர் பெறச் செய்கிறது . நாம் ' வேற்றுமையில் ஒற்றுமை ' என அழைப்பது , உண்மையில் ஒரே ஒருமையின் பல்வேறு வெளிப்பாடுகளே என்று ஆளுநர் ரவி குறிப்பிட்டார் . மெக்காலேயின் 1835 ஆம் ஆண்டு மொழி ஏகாதிபத்திய திட்டத்தின் இரு நூற்றாண்டுகள் நிறைவடையும் 2035-ஆம் ஆண்டுக்குள் நமது மொழி மனப்பான்மையை முழுமையாக காலனித்துவமற்றதாக்கி , ஒவ்வொரு பாரத மொழியையும் ஒரே தேசிய ஒற்றுமையின் ஒளிரும் வெளிப்பாடாக மீட்டெடுக்கும் ஒரு உறுதியான பத்தாண்டு கால முயற்சிக்கு ஆளுநர் அழைப்பு விடுத்தார் .",ADMK,0
"ஆளுநர் ரவி அவர்கள் , பாரதியார் மண்டபத்தில் நடைபெற்ற பாரதிய மொழிகள் தின கொண்டாட்டங்களில் உரையாற்றியபோது , பாரத மொழிகள் எவ்வாறு பாரதத்தை ஒரே தேசமாக வளப்படுத்தியுள்ளன என்பதை அடிக்கோடிட்டுக் காட்டினார் . ஆயிரக்கணக்கான ஆண்டுகளாக இந்த மொழிகள் ஒன்றுக்கொன்று தொடர்பைக்கொண்டும் , வளப்படுத்தியும் , நமது நாகரிக பாரம்பரியத்தை தடையின்றி இணைத்து ஆழப்படுத்தி வருகின்றன என்று அவர் குறிப்பிட்டார் . நமது சுயத்தையும் அடையாளத்தையும் அழிக்கும் நோக்கில் , பிரிட்டிஷ் காலனித்துவ ஆட்சி நமது மொழிகளை இடைவிடாமல் இலக்கு வைத்தது—அவற்றை வெறும் `` வட்டார மொழிகள் '' , அதாவது அடிமைகளின் பேச்சு என்று இழிவுபடுத்தியது . மகாகவி பாரதியார் போன்ற மாபெரும் ஆளுமைகள் இத்தகைய முயற்சிகளை எதிர்த்து உறுதியாக நின்று , பாரத மொழிகளின் பெருமையை நிலைநிறுத்திப் பேணிக்காத்தனர் . துரதிருஷ்டவசமாக , சுதந்திரத்துக்குப் பிறகு பிற்போக்குத்தனமான அரசியல் , போலி தடங்கல்களை ஏற்படுத்தி , பல நூற்றாண்டுகளாக நமது சமூகங்களை இணைத்து வந்த மொழிகளைத் தவறாகப் பயன்படுத்தி , நமது அற்புதமான மொழி பன்முகத்தன்மையை பிளவுகளாக மாற்றியது . பிரதமர் திரு @ narendramodi அவர்களின் பாரதிய மொழிகள் தினத்தைக் கொண்டாடும் முன்முயற்சி , மொழிகளின் உண்மையான பிணைப்புப் பாத்திரத்தை மீட்டெடுத்திருக்கிறது—இது புதிய பாரதத்தின் தேசிய உணர்வையும் நாகரிக பெருமையையும் புத்துயிர் பெறச் செய்கிறது . நாம் ' வேற்றுமையில் ஒற்றுமை ' என அழைப்பது , உண்மையில் ஒரே ஒருமையின் பல்வேறு வெளிப்பாடுகளே என்று ஆளுநர் ரவி குறிப்பிட்டார் . மெக்காலேயின் 1835 ஆம் ஆண்டு மொழி ஏகாதிபத்திய திட்டத்தின் இரு நூற்றாண்டுகள் நிறைவடையும் 2035-ஆம் ஆண்டுக்குள் நமது மொழி மனப்பான்மையை முழுமையாக காலனித்துவமற்றதாக்கி , ஒவ்வொரு பாரத மொழியையும் ஒரே தேசிய ஒற்றுமையின் ஒளிரும் வெளிப்பாடாக மீட்டெடுக்கும் ஒரு உறுதியான பத்தாண்டு கால முயற்சிக்கு ஆளுநர் அழைப்பு விடுத்தார் .",BJP,1
"ஆளுநர் ரவி அவர்கள் , பாரதியார் மண்டபத்தில் நடைபெற்ற பாரதிய மொழிகள் தின கொண்டாட்டங்களில் உரையாற்றியபோது , பாரத மொழிகள் எவ்வாறு பாரதத்தை ஒரே தேசமாக வளப்படுத்தியுள்ளன என்பதை அடிக்கோடிட்டுக் காட்டினார் . ஆயிரக்கணக்கான ஆண்டுகளாக இந்த மொழிகள் ஒன்றுக்கொன்று தொடர்பைக்கொண்டும் , வளப்படுத்தியும் , நமது நாகரிக பாரம்பரியத்தை தடையின்றி இணைத்து ஆழப்படுத்தி வருகின்றன என்று அவர் குறிப்பிட்டார் . நமது சுயத்தையும் அடையாளத்தையும் அழிக்கும் நோக்கில் , பிரிட்டிஷ் காலனித்துவ ஆட்சி நமது மொழிகளை இடைவிடாமல் இலக்கு வைத்தது—அவற்றை வெறும் `` வட்டார மொழிகள் '' , அதாவது அடிமைகளின் பேச்சு என்று இழிவுபடுத்தியது . மகாகவி பாரதியார் போன்ற மாபெரும் ஆளுமைகள் இத்தகைய முயற்சிகளை எதிர்த்து உறுதியாக நின்று , பாரத மொழிகளின் பெருமையை நிலைநிறுத்திப் பேணிக்காத்தனர் . துரதிருஷ்டவசமாக , சுதந்திரத்துக்குப் பிறகு பிற்போக்குத்தனமான அரசியல் , போலி தடங்கல்களை ஏற்படுத்தி , பல நூற்றாண்டுகளாக நமது சமூகங்களை இணைத்து வந்த மொழிகளைத் தவறாகப் பயன்படுத்தி , நமது அற்புதமான மொழி பன்முகத்தன்மையை பிளவுகளாக மாற்றியது . பிரதமர் திரு @ narendramodi அவர்களின் பாரதிய மொழிகள் தினத்தைக் கொண்டாடும் முன்முயற்சி , மொழிகளின் உண்மையான பிணைப்புப் பாத்திரத்தை மீட்டெடுத்திருக்கிறது—இது புதிய பாரதத்தின் தேசிய உணர்வையும் நாகரிக பெருமையையும் புத்துயிர் பெறச் செய்கிறது . நாம் ' வேற்றுமையில் ஒற்றுமை ' என அழைப்பது , உண்மையில் ஒரே ஒருமையின் பல்வேறு வெளிப்பாடுகளே என்று ஆளுநர் ரவி குறிப்பிட்டார் . மெக்காலேயின் 1835 ஆம் ஆண்டு மொழி ஏகாதிபத்திய திட்டத்தின் இரு நூற்றாண்டுகள் நிறைவடையும் 2035-ஆம் ஆண்டுக்குள் நமது மொழி மனப்பான்மையை முழுமையாக காலனித்துவமற்றதாக்கி , ஒவ்வொரு பாரத மொழியையும் ஒரே தேசிய ஒற்றுமையின் ஒளிரும் வெளிப்பாடாக மீட்டெடுக்கும் ஒரு உறுதியான பத்தாண்டு கால முயற்சிக்கு ஆளுநர் அழைப்பு விடுத்தார் .",Congress,0
"ஆளுநர் ரவி அவர்கள் , பாரதியார் மண்டபத்தில் நடைபெற்ற பாரதிய மொழிகள் தின கொண்டாட்டங்களில் உரையாற்றியபோது , பாரத மொழிகள் எவ்வாறு பாரதத்தை ஒரே தேசமாக வளப்படுத்தியுள்ளன என்பதை அடிக்கோடிட்டுக் காட்டினார் . ஆயிரக்கணக்கான ஆண்டுகளாக இந்த மொழிகள் ஒன்றுக்கொன்று தொடர்பைக்கொண்டும் , வளப்படுத்தியும் , நமது நாகரிக பாரம்பரியத்தை தடையின்றி இணைத்து ஆழப்படுத்தி வருகின்றன என்று அவர் குறிப்பிட்டார் . நமது சுயத்தையும் அடையாளத்தையும் அழிக்கும் நோக்கில் , பிரிட்டிஷ் காலனித்துவ ஆட்சி நமது மொழிகளை இடைவிடாமல் இலக்கு வைத்தது—அவற்றை வெறும் `` வட்டார மொழிகள் '' , அதாவது அடிமைகளின் பேச்சு என்று இழிவுபடுத்தியது . மகாகவி பாரதியார் போன்ற மாபெரும் ஆளுமைகள் இத்தகைய முயற்சிகளை எதிர்த்து உறுதியாக நின்று , பாரத மொழிகளின் பெருமையை நிலைநிறுத்திப் பேணிக்காத்தனர் . துரதிருஷ்டவசமாக , சுதந்திரத்துக்குப் பிறகு பிற்போக்குத்தனமான அரசியல் , போலி தடங்கல்களை ஏற்படுத்தி , பல நூற்றாண்டுகளாக நமது சமூகங்களை இணைத்து வந்த மொழிகளைத் தவறாகப் பயன்படுத்தி , நமது அற்புதமான மொழி பன்முகத்தன்மையை பிளவுகளாக மாற்றியது . பிரதமர் திரு @ narendramodi அவர்களின் பாரதிய மொழிகள் தினத்தைக் கொண்டாடும் முன்முயற்சி , மொழிகளின் உண்மையான பிணைப்புப் பாத்திரத்தை மீட்டெடுத்திருக்கிறது—இது புதிய பாரதத்தின் தேசிய உணர்வையும் நாகரிக பெருமையையும் புத்துயிர் பெறச் செய்கிறது . நாம் ' வேற்றுமையில் ஒற்றுமை ' என அழைப்பது , உண்மையில் ஒரே ஒருமையின் பல்வேறு வெளிப்பாடுகளே என்று ஆளுநர் ரவி குறிப்பிட்டார் . மெக்காலேயின் 1835 ஆம் ஆண்டு மொழி ஏகாதிபத்திய திட்டத்தின் இரு நூற்றாண்டுகள் நிறைவடையும் 2035-ஆம் ஆண்டுக்குள் நமது மொழி மனப்பான்மையை முழுமையாக காலனித்துவமற்றதாக்கி , ஒவ்வொரு பாரத மொழியையும் ஒரே தேசிய ஒற்றுமையின் ஒளிரும் வெளிப்பாடாக மீட்டெடுக்கும் ஒரு உறுதியான பத்தாண்டு கால முயற்சிக்கு ஆளுநர் அழைப்பு விடுத்தார் .",DMK,0
"ஆளுநர் ரவி அவர்கள் , பாரதியார் மண்டபத்தில் நடைபெற்ற பாரதிய மொழிகள் தின கொண்டாட்டங்களில் உரையாற்றியபோது , பாரத மொழிகள் எவ்வாறு பாரதத்தை ஒரே தேசமாக வளப்படுத்தியுள்ளன என்பதை அடிக்கோடிட்டுக் காட்டினார் . ஆயிரக்கணக்கான ஆண்டுகளாக இந்த மொழிகள் ஒன்றுக்கொன்று தொடர்பைக்கொண்டும் , வளப்படுத்தியும் , நமது நாகரிக பாரம்பரியத்தை தடையின்றி இணைத்து ஆழப்படுத்தி வருகின்றன என்று அவர் குறிப்பிட்டார் . நமது சுயத்தையும் அடையாளத்தையும் அழிக்கும் நோக்கில் , பிரிட்டிஷ் காலனித்துவ ஆட்சி நமது மொழிகளை இடைவிடாமல் இலக்கு வைத்தது—அவற்றை வெறும் `` வட்டார மொழிகள் '' , அதாவது அடிமைகளின் பேச்சு என்று இழிவுபடுத்தியது . மகாகவி பாரதியார் போன்ற மாபெரும் ஆளுமைகள் இத்தகைய முயற்சிகளை எதிர்த்து உறுதியாக நின்று , பாரத மொழிகளின் பெருமையை நிலைநிறுத்திப் பேணிக்காத்தனர் . துரதிருஷ்டவசமாக , சுதந்திரத்துக்குப் பிறகு பிற்போக்குத்தனமான அரசியல் , போலி தடங்கல்களை ஏற்படுத்தி , பல நூற்றாண்டுகளாக நமது சமூகங்களை இணைத்து வந்த மொழிகளைத் தவறாகப் பயன்படுத்தி , நமது அற்புதமான மொழி பன்முகத்தன்மையை பிளவுகளாக மாற்றியது . பிரதமர் திரு @ narendramodi அவர்களின் பாரதிய மொழிகள் தினத்தைக் கொண்டாடும் முன்முயற்சி , மொழிகளின் உண்மையான பிணைப்புப் பாத்திரத்தை மீட்டெடுத்திருக்கிறது—இது புதிய பாரதத்தின் தேசிய உணர்வையும் நாகரிக பெருமையையும் புத்துயிர் பெறச் செய்கிறது . நாம் ' வேற்றுமையில் ஒற்றுமை ' என அழைப்பது , உண்மையில் ஒரே ஒருமையின் பல்வேறு வெளிப்பாடுகளே என்று ஆளுநர் ரவி குறிப்பிட்டார் . மெக்காலேயின் 1835 ஆம் ஆண்டு மொழி ஏகாதிபத்திய திட்டத்தின் இரு நூற்றாண்டுகள் நிறைவடையும் 2035-ஆம் ஆண்டுக்குள் நமது மொழி மனப்பான்மையை முழுமையாக காலனித்துவமற்றதாக்கி , ஒவ்வொரு பாரத மொழியையும் ஒரே தேசிய ஒற்றுமையின் ஒளிரும் வெளிப்பாடாக மீட்டெடுக்கும் ஒரு உறுதியான பத்தாண்டு கால முயற்சிக்கு ஆளுநர் அழைப்பு விடுத்தார் .",NTK,0
"ஆளுநர் ரவி அவர்கள் , பாரதியார் மண்டபத்தில் நடைபெற்ற பாரதிய மொழிகள் தின கொண்டாட்டங்களில் உரையாற்றியபோது , பாரத மொழிகள் எவ்வாறு பாரதத்தை ஒரே தேசமாக வளப்படுத்தியுள்ளன என்பதை அடிக்கோடிட்டுக் காட்டினார் . ஆயிரக்கணக்கான ஆண்டுகளாக இந்த மொழிகள் ஒன்றுக்கொன்று தொடர்பைக்கொண்டும் , வளப்படுத்தியும் , நமது நாகரிக பாரம்பரியத்தை தடையின்றி இணைத்து ஆழப்படுத்தி வருகின்றன என்று அவர் குறிப்பிட்டார் . நமது சுயத்தையும் அடையாளத்தையும் அழிக்கும் நோக்கில் , பிரிட்டிஷ் காலனித்துவ ஆட்சி நமது மொழிகளை இடைவிடாமல் இலக்கு வைத்தது—அவற்றை வெறும் `` வட்டார மொழிகள் '' , அதாவது அடிமைகளின் பேச்சு என்று இழிவுபடுத்தியது . மகாகவி பாரதியார் போன்ற மாபெரும் ஆளுமைகள் இத்தகைய முயற்சிகளை எதிர்த்து உறுதியாக நின்று , பாரத மொழிகளின் பெருமையை நிலைநிறுத்திப் பேணிக்காத்தனர் . துரதிருஷ்டவசமாக , சுதந்திரத்துக்குப் பிறகு பிற்போக்குத்தனமான அரசியல் , போலி தடங்கல்களை ஏற்படுத்தி , பல நூற்றாண்டுகளாக நமது சமூகங்களை இணைத்து வந்த மொழிகளைத் தவறாகப் பயன்படுத்தி , நமது அற்புதமான மொழி பன்முகத்தன்மையை பிளவுகளாக மாற்றியது . பிரதமர் திரு @ narendramodi அவர்களின் பாரதிய மொழிகள் தினத்தைக் கொண்டாடும் முன்முயற்சி , மொழிகளின் உண்மையான பிணைப்புப் பாத்திரத்தை மீட்டெடுத்திருக்கிறது—இது புதிய பாரதத்தின் தேசிய உணர்வையும் நாகரிக பெருமையையும் புத்துயிர் பெறச் செய்கிறது . நாம் ' வேற்றுமையில் ஒற்றுமை ' என அழைப்பது , உண்மையில் ஒரே ஒருமையின் பல்வேறு வெளிப்பாடுகளே என்று ஆளுநர் ரவி குறிப்பிட்டார் . மெக்காலேயின் 1835 ஆம் ஆண்டு மொழி ஏகாதிபத்திய திட்டத்தின் இரு நூற்றாண்டுகள் நிறைவடையும் 2035-ஆம் ஆண்டுக்குள் நமது மொழி மனப்பான்மையை முழுமையாக காலனித்துவமற்றதாக்கி , ஒவ்வொரு பாரத மொழியையும் ஒரே தேசிய ஒற்றுமையின் ஒளிரும் வெளிப்பாடாக மீட்டெடுக்கும் ஒரு உறுதியான பத்தாண்டு கால முயற்சிக்கு ஆளுநர் அழைப்பு விடுத்தார் .",TVK,0
"attending private school event gudalur , tamil nadu , thiru @ rahulgandhi avl said education extremely expensive privatised ( moment later , course-corrected upon realising setting private institution , party platform ) . self-goal sorts ; delivering sermons privatisation private school stage , state ruling dmk ’ leaders run profit flourishing network private educational institutions .",ADMK,0
"attending private school event gudalur , tamil nadu , thiru @ rahulgandhi avl said education extremely expensive privatised ( moment later , course-corrected upon realising setting private institution , party platform ) . self-goal sorts ; delivering sermons privatisation private school stage , state ruling dmk ’ leaders run profit flourishing network private educational institutions .",BJP,0
"attending private school event gudalur , tamil nadu , thiru @ rahulgandhi avl said education extremely expensive privatised ( moment later , course-corrected upon realising setting private institution , party platform ) . self-goal sorts ; delivering sermons privatisation private school stage , state ruling dmk ’ leaders run profit flourishing network private educational institutions .",Congress,1
"attending private school event gudalur , tamil nadu , thiru @ rahulgandhi avl said education extremely expensive privatised ( moment later , course-corrected upon realising setting private institution , party platform ) . self-goal sorts ; delivering sermons privatisation private school stage , state ruling dmk ’ leaders run profit flourishing network private educational institutions .",DMK,1
"attending private school event gudalur , tamil nadu , thiru @ rahulgandhi avl said education extremely expensive privatised ( moment later , course-corrected upon realising setting private institution , party platform ) . self-goal sorts ; delivering sermons privatisation private school stage , state ruling dmk ’ leaders run profit flourishing network private educational institutions .",NTK,0
"attending private school event gudalur , tamil nadu , thiru @ rahulgandhi avl said education extremely expensive privatised ( moment later , course-corrected upon realising setting private institution , party platform ) . self-goal sorts ; delivering sermons privatisation private school stage , state ruling dmk ’ leaders run profit flourishing network private educational institutions .",TVK,0
ஸ்டாலின் தலைமையிலான இந்து விரோத திமுக அரசை கிழித்து தொங்கவிட்ட சென்னை உயர்நீதிமன்ற நீதிபதிகள் : fire : :fire : :fire : :fire : சென்னை உயர்நீதிமன்றம் மதுரை கிளை திருப்பரங்குன்றம் பிரச்சனையில் திமுக தேவையில்லாமல் உள்நோக்கத்துடன் அரசியல் ஆதாயம் தேடுகிறது என்று சொல்லி தமிழக அரசு சென்னை உயர் நீதிமன்ற மதுரை கிளை தனி நீதிபதி ஜி ஆர் சுவாமிநாதன் அவர்கள் பிறப்பித்த உத்தரவுக்கு எதிராக பாப்பிள்ஸ் செய்யப்பட்ட மனுவை நிராகரித்துள்ளது . மேலும் தீபத்தோன் எந்த களுக்கு தான் சொந்தம் என்று திட்டவட்டமாக தீர்ப்பளித்துள்ளது . : fire : :fire : :fire : இந்தத் தீர்ப்பை கொண்டாடிய திருப்பரங்குன்றம் மக்கள் அங்கு பாதுகாப்பில் ஈடுபடுத்தப்பட்டிருக்கும் தமிழக காவல்துறையின் காவலர்களுக்கு இனிப்புகளை வழங்கினர் . : fire : :fire : :fire : திருப்பரங்குன்றம் மலை இந்துக்களுக்கே என்று மீண்டும் உறுதி செய்திருக்கிறது இந்த வரலாற்று சிறப்புமிக்க சென்னை உயர்நீதிமன்ற தீர்ப்பு : orange_heart : :orange_heart : :orange_heart : @ annamalai_k # annamalai,ADMK,0
ஸ்டாலின் தலைமையிலான இந்து விரோத திமுக அரசை கிழித்து தொங்கவிட்ட சென்னை உயர்நீதிமன்ற நீதிபதிகள் : fire : :fire : :fire : :fire : சென்னை உயர்நீதிமன்றம் மதுரை கிளை திருப்பரங்குன்றம் பிரச்சனையில் திமுக தேவையில்லாமல் உள்நோக்கத்துடன் அரசியல் ஆதாயம் தேடுகிறது என்று சொல்லி தமிழக அரசு சென்னை உயர் நீதிமன்ற மதுரை கிளை தனி நீதிபதி ஜி ஆர் சுவாமிநாதன் அவர்கள் பிறப்பித்த உத்தரவுக்கு எதிராக பாப்பிள்ஸ் செய்யப்பட்ட மனுவை நிராகரித்துள்ளது . மேலும் தீபத்தோன் எந்த களுக்கு தான் சொந்தம் என்று திட்டவட்டமாக தீர்ப்பளித்துள்ளது . : fire : :fire : :fire : இந்தத் தீர்ப்பை கொண்டாடிய திருப்பரங்குன்றம் மக்கள் அங்கு பாதுகாப்பில் ஈடுபடுத்தப்பட்டிருக்கும் தமிழக காவல்துறையின் காவலர்களுக்கு இனிப்புகளை வழங்கினர் . : fire : :fire : :fire : திருப்பரங்குன்றம் மலை இந்துக்களுக்கே என்று மீண்டும் உறுதி செய்திருக்கிறது இந்த வரலாற்று சிறப்புமிக்க சென்னை உயர்நீதிமன்ற தீர்ப்பு : orange_heart : :orange_heart : :orange_heart : @ annamalai_k # annamalai,BJP,1
ஸ்டாலின் தலைமையிலான இந்து விரோத திமுக அரசை கிழித்து தொங்கவிட்ட சென்னை உயர்நீதிமன்ற நீதிபதிகள் : fire : :fire : :fire : :fire : சென்னை உயர்நீதிமன்றம் மதுரை கிளை திருப்பரங்குன்றம் பிரச்சனையில் திமுக தேவையில்லாமல் உள்நோக்கத்துடன் அரசியல் ஆதாயம் தேடுகிறது என்று சொல்லி தமிழக அரசு சென்னை உயர் நீதிமன்ற மதுரை கிளை தனி நீதிபதி ஜி ஆர் சுவாமிநாதன் அவர்கள் பிறப்பித்த உத்தரவுக்கு எதிராக பாப்பிள்ஸ் செய்யப்பட்ட மனுவை நிராகரித்துள்ளது . மேலும் தீபத்தோன் எந்த களுக்கு தான் சொந்தம் என்று திட்டவட்டமாக தீர்ப்பளித்துள்ளது . : fire : :fire : :fire : இந்தத் தீர்ப்பை கொண்டாடிய திருப்பரங்குன்றம் மக்கள் அங்கு பாதுகாப்பில் ஈடுபடுத்தப்பட்டிருக்கும் தமிழக காவல்துறையின் காவலர்களுக்கு இனிப்புகளை வழங்கினர் . : fire : :fire : :fire : திருப்பரங்குன்றம் மலை இந்துக்களுக்கே என்று மீண்டும் உறுதி செய்திருக்கிறது இந்த வரலாற்று சிறப்புமிக்க சென்னை உயர்நீதிமன்ற தீர்ப்பு : orange_heart : :orange_heart : :orange_heart : @ annamalai_k # annamalai,Congress,0
ஸ்டாலின் தலைமையிலான இந்து விரோத திமுக அரசை கிழித்து தொங்கவிட்ட சென்னை உயர்நீதிமன்ற நீதிபதிகள் : fire : :fire : :fire : :fire : சென்னை உயர்நீதிமன்றம் மதுரை கிளை திருப்பரங்குன்றம் பிரச்சனையில் திமுக தேவையில்லாமல் உள்நோக்கத்துடன் அரசியல் ஆதாயம் தேடுகிறது என்று சொல்லி தமிழக அரசு சென்னை உயர் நீதிமன்ற மதுரை கிளை தனி நீதிபதி ஜி ஆர் சுவாமிநாதன் அவர்கள் பிறப்பித்த உத்தரவுக்கு எதிராக பாப்பிள்ஸ் செய்யப்பட்ட மனுவை நிராகரித்துள்ளது . மேலும் தீபத்தோன் எந்த களுக்கு தான் சொந்தம் என்று திட்டவட்டமாக தீர்ப்பளித்துள்ளது . : fire : :fire : :fire : இந்தத் தீர்ப்பை கொண்டாடிய திருப்பரங்குன்றம் மக்கள் அங்கு பாதுகாப்பில் ஈடுபடுத்தப்பட்டிருக்கும் தமிழக காவல்துறையின் காவலர்களுக்கு இனிப்புகளை வழங்கினர் . : fire : :fire : :fire : திருப்பரங்குன்றம் மலை இந்துக்களுக்கே என்று மீண்டும் உறுதி செய்திருக்கிறது இந்த வரலாற்று சிறப்புமிக்க சென்னை உயர்நீதிமன்ற தீர்ப்பு : orange_heart : :orange_heart : :orange_heart : @ annamalai_k # annamalai,DMK,1
ஸ்டாலின் தலைமையிலான இந்து விரோத திமுக அரசை கிழித்து தொங்கவிட்ட சென்னை உயர்நீதிமன்ற நீதிபதிகள் : fire : :fire : :fire : :fire : சென்னை உயர்நீதிமன்றம் மதுரை கிளை திருப்பரங்குன்றம் பிரச்சனையில் திமுக தேவையில்லாமல் உள்நோக்கத்துடன் அரசியல் ஆதாயம் தேடுகிறது என்று சொல்லி தமிழக அரசு சென்னை உயர் நீதிமன்ற மதுரை கிளை தனி நீதிபதி ஜி ஆர் சுவாமிநாதன் அவர்கள் பிறப்பித்த உத்தரவுக்கு எதிராக பாப்பிள்ஸ் செய்யப்பட்ட மனுவை நிராகரித்துள்ளது . மேலும் தீபத்தோன் எந்த களுக்கு தான் சொந்தம் என்று திட்டவட்டமாக தீர்ப்பளித்துள்ளது . : fire : :fire : :fire : இந்தத் தீர்ப்பை கொண்டாடிய திருப்பரங்குன்றம் மக்கள் அங்கு பாதுகாப்பில் ஈடுபடுத்தப்பட்டிருக்கும் தமிழக காவல்துறையின் காவலர்களுக்கு இனிப்புகளை வழங்கினர் . : fire : :fire : :fire : திருப்பரங்குன்றம் மலை இந்துக்களுக்கே என்று மீண்டும் உறுதி செய்திருக்கிறது இந்த வரலாற்று சிறப்புமிக்க சென்னை உயர்நீதிமன்ற தீர்ப்பு : orange_heart : :orange_heart : :orange_heart : @ annamalai_k # annamalai,NTK,0
ஸ்டாலின் தலைமையிலான இந்து விரோத திமுக அரசை கிழித்து தொங்கவிட்ட சென்னை உயர்நீதிமன்ற நீதிபதிகள் : fire : :fire : :fire : :fire : சென்னை உயர்நீதிமன்றம் மதுரை கிளை திருப்பரங்குன்றம் பிரச்சனையில் திமுக தேவையில்லாமல் உள்நோக்கத்துடன் அரசியல் ஆதாயம் தேடுகிறது என்று சொல்லி தமிழக அரசு சென்னை உயர் நீதிமன்ற மதுரை கிளை தனி நீதிபதி ஜி ஆர் சுவாமிநாதன் அவர்கள் பிறப்பித்த உத்தரவுக்கு எதிராக பாப்பிள்ஸ் செய்யப்பட்ட மனுவை நிராகரித்துள்ளது . மேலும் தீபத்தோன் எந்த களுக்கு தான் சொந்தம் என்று திட்டவட்டமாக தீர்ப்பளித்துள்ளது . : fire : :fire : :fire : இந்தத் தீர்ப்பை கொண்டாடிய திருப்பரங்குன்றம் மக்கள் அங்கு பாதுகாப்பில் ஈடுபடுத்தப்பட்டிருக்கும் தமிழக காவல்துறையின் காவலர்களுக்கு இனிப்புகளை வழங்கினர் . : fire : :fire : :fire : திருப்பரங்குன்றம் மலை இந்துக்களுக்கே என்று மீண்டும் உறுதி செய்திருக்கிறது இந்த வரலாற்று சிறப்புமிக்க சென்னை உயர்நீதிமன்ற தீர்ப்பு : orange_heart : :orange_heart : :orange_heart : @ annamalai_k # annamalai,TVK,0
பக்தர்களின் கோரிக்கைகளை புறக்கணித்து மத அரசியல் செய்வதே திமுக அரசின் நோக்கமா ?,ADMK,0
பக்தர்களின் கோரிக்கைகளை புறக்கணித்து மத அரசியல் செய்வதே திமுக அரசின் நோக்கமா ?,BJP,0
பக்தர்களின் கோரிக்கைகளை புறக்கணித்து மத அரசியல் செய்வதே திமுக அரசின் நோக்கமா ?,Congress,0
பக்தர்களின் கோரிக்கைகளை புறக்கணித்து மத அரசியல் செய்வதே திமுக அரசின் நோக்கமா ?,DMK,1
பக்தர்களின் கோரிக்கைகளை புறக்கணித்து மத அரசியல் செய்வதே திமுக அரசின் நோக்கமா ?,NTK,0
பக்தர்களின் கோரிக்கைகளை புறக்கணித்து மத அரசியல் செய்வதே திமுக அரசின் நோக்கமா ?,TVK,0
", people tamil nadu , love @ narendramodi ji unconditionally… @ narendramodi @ amitshah @ rajnathsingh @ myogiadityanath @ ashwinivaishnaw @ nsitharaman @ jpnadda @ nitinnabin @ blsanthosh @ menonarvindbjp @ reddysudhakar21 @ nainarbjp @ kesavavinayakan @ annamalai_k",ADMK,0
", people tamil nadu , love @ narendramodi ji unconditionally… @ narendramodi @ amitshah @ rajnathsingh @ myogiadityanath @ ashwinivaishnaw @ nsitharaman @ jpnadda @ nitinnabin @ blsanthosh @ menonarvindbjp @ reddysudhakar21 @ nainarbjp @ kesavavinayakan @ annamalai_k",BJP,1
", people tamil nadu , love @ narendramodi ji unconditionally… @ narendramodi @ amitshah @ rajnathsingh @ myogiadityanath @ ashwinivaishnaw @ nsitharaman @ jpnadda @ nitinnabin @ blsanthosh @ menonarvindbjp @ reddysudhakar21 @ nainarbjp @ kesavavinayakan @ annamalai_k",Congress,0
", people tamil nadu , love @ narendramodi ji unconditionally… @ narendramodi @ amitshah @ rajnathsingh @ myogiadityanath @ ashwinivaishnaw @ nsitharaman @ jpnadda @ nitinnabin @ blsanthosh @ menonarvindbjp @ reddysudhakar21 @ nainarbjp @ kesavavinayakan @ annamalai_k",DMK,0
", people tamil nadu , love @ narendramodi ji unconditionally… @ narendramodi @ amitshah @ rajnathsingh @ myogiadityanath @ ashwinivaishnaw @ nsitharaman @ jpnadda @ nitinnabin @ blsanthosh @ menonarvindbjp @ reddysudhakar21 @ nainarbjp @ kesavavinayakan @ annamalai_k",NTK,0
", people tamil nadu , love @ narendramodi ji unconditionally… @ narendramodi @ amitshah @ rajnathsingh @ myogiadityanath @ ashwinivaishnaw @ nsitharaman @ jpnadda @ nitinnabin @ blsanthosh @ menonarvindbjp @ reddysudhakar21 @ nainarbjp @ kesavavinayakan @ annamalai_k",TVK,0
"தமிழகத்தில் திமுக ஆட்சிக்கு வந்து ஐந்து ஆண்டுகள் முடிவடையும் நிலையில் , தனது அரசு எத்தனை வாக்குறுதிகளை நிறைவேற்றியிருக்கிறது என்பதே முதலமைச்சர் திரு @ mkstalin அவர்களுக்கு தெரியவில்லை . யார் எதை எழுதிக் கொடுத்தாலும் , அதை மேடையில் வாசிப்பது மட்டுமே அவரது வேலையாக இருக்கிறது . கடந்த 2023 செப்டம்பரில் , 99 % வாக்குறுதிகள் நிறைவேற்றப்பட்டதாக கூறினார் . கடந்த வாரம் , அது 72 % ஆனது . இன்று , 80 % வாக்குறுதிகள் நிறைவேற்றியுள்ளோம் எனக் கூறுகிறார் . இது முழுக்க முழுக்க , மக்களை ஏமாற்றும் நாடகம் . போலியான வாக்குறுதிகளால் மீண்டும் தமிழக மக்களை ஏமாற்றலாம் என்ற திமுகவின் கனவு , ஒருபோதும் பலிக்காது .",ADMK,0
"தமிழகத்தில் திமுக ஆட்சிக்கு வந்து ஐந்து ஆண்டுகள் முடிவடையும் நிலையில் , தனது அரசு எத்தனை வாக்குறுதிகளை நிறைவேற்றியிருக்கிறது என்பதே முதலமைச்சர் திரு @ mkstalin அவர்களுக்கு தெரியவில்லை . யார் எதை எழுதிக் கொடுத்தாலும் , அதை மேடையில் வாசிப்பது மட்டுமே அவரது வேலையாக இருக்கிறது . கடந்த 2023 செப்டம்பரில் , 99 % வாக்குறுதிகள் நிறைவேற்றப்பட்டதாக கூறினார் . கடந்த வாரம் , அது 72 % ஆனது . இன்று , 80 % வாக்குறுதிகள் நிறைவேற்றியுள்ளோம் எனக் கூறுகிறார் . இது முழுக்க முழுக்க , மக்களை ஏமாற்றும் நாடகம் . போலியான வாக்குறுதிகளால் மீண்டும் தமிழக மக்களை ஏமாற்றலாம் என்ற திமுகவின் கனவு , ஒருபோதும் பலிக்காது .",BJP,0
"தமிழகத்தில் திமுக ஆட்சிக்கு வந்து ஐந்து ஆண்டுகள் முடிவடையும் நிலையில் , தனது அரசு எத்தனை வாக்குறுதிகளை நிறைவேற்றியிருக்கிறது என்பதே முதலமைச்சர் திரு @ mkstalin அவர்களுக்கு தெரியவில்லை . யார் எதை எழுதிக் கொடுத்தாலும் , அதை மேடையில் வாசிப்பது மட்டுமே அவரது வேலையாக இருக்கிறது . கடந்த 2023 செப்டம்பரில் , 99 % வாக்குறுதிகள் நிறைவேற்றப்பட்டதாக கூறினார் . கடந்த வாரம் , அது 72 % ஆனது . இன்று , 80 % வாக்குறுதிகள் நிறைவேற்றியுள்ளோம் எனக் கூறுகிறார் . இது முழுக்க முழுக்க , மக்களை ஏமாற்றும் நாடகம் . போலியான வாக்குறுதிகளால் மீண்டும் தமிழக மக்களை ஏமாற்றலாம் என்ற திமுகவின் கனவு , ஒருபோதும் பலிக்காது .",Congress,0
"தமிழகத்தில் திமுக ஆட்சிக்கு வந்து ஐந்து ஆண்டுகள் முடிவடையும் நிலையில் , தனது அரசு எத்தனை வாக்குறுதிகளை நிறைவேற்றியிருக்கிறது என்பதே முதலமைச்சர் திரு @ mkstalin அவர்களுக்கு தெரியவில்லை . யார் எதை எழுதிக் கொடுத்தாலும் , அதை மேடையில் வாசிப்பது மட்டுமே அவரது வேலையாக இருக்கிறது . கடந்த 2023 செப்டம்பரில் , 99 % வாக்குறுதிகள் நிறைவேற்றப்பட்டதாக கூறினார் . கடந்த வாரம் , அது 72 % ஆனது . இன்று , 80 % வாக்குறுதிகள் நிறைவேற்றியுள்ளோம் எனக் கூறுகிறார் . இது முழுக்க முழுக்க , மக்களை ஏமாற்றும் நாடகம் . போலியான வாக்குறுதிகளால் மீண்டும் தமிழக மக்களை ஏமாற்றலாம் என்ற திமுகவின் கனவு , ஒருபோதும் பலிக்காது .",DMK,1
"தமிழகத்தில் திமுக ஆட்சிக்கு வந்து ஐந்து ஆண்டுகள் முடிவடையும் நிலையில் , தனது அரசு எத்தனை வாக்குறுதிகளை நிறைவேற்றியிருக்கிறது என்பதே முதலமைச்சர் திரு @ mkstalin அவர்களுக்கு தெரியவில்லை . யார் எதை எழுதிக் கொடுத்தாலும் , அதை மேடையில் வாசிப்பது மட்டுமே அவரது வேலையாக இருக்கிறது . கடந்த 2023 செப்டம்பரில் , 99 % வாக்குறுதிகள் நிறைவேற்றப்பட்டதாக கூறினார் . கடந்த வாரம் , அது 72 % ஆனது . இன்று , 80 % வாக்குறுதிகள் நிறைவேற்றியுள்ளோம் எனக் கூறுகிறார் . இது முழுக்க முழுக்க , மக்களை ஏமாற்றும் நாடகம் . போலியான வாக்குறுதிகளால் மீண்டும் தமிழக மக்களை ஏமாற்றலாம் என்ற திமுகவின் கனவு , ஒருபோதும் பலிக்காது .",NTK,0
"தமிழகத்தில் திமுக ஆட்சிக்கு வந்து ஐந்து ஆண்டுகள் முடிவடையும் நிலையில் , தனது அரசு எத்தனை வாக்குறுதிகளை நிறைவேற்றியிருக்கிறது என்பதே முதலமைச்சர் திரு @ mkstalin அவர்களுக்கு தெரியவில்லை . யார் எதை எழுதிக் கொடுத்தாலும் , அதை மேடையில் வாசிப்பது மட்டுமே அவரது வேலையாக இருக்கிறது . கடந்த 2023 செப்டம்பரில் , 99 % வாக்குறுதிகள் நிறைவேற்றப்பட்டதாக கூறினார் . கடந்த வாரம் , அது 72 % ஆனது . இன்று , 80 % வாக்குறுதிகள் நிறைவேற்றியுள்ளோம் எனக் கூறுகிறார் . இது முழுக்க முழுக்க , மக்களை ஏமாற்றும் நாடகம் . போலியான வாக்குறுதிகளால் மீண்டும் தமிழக மக்களை ஏமாற்றலாம் என்ற திமுகவின் கனவு , ஒருபோதும் பலிக்காது .",TVK,0
"common citizen every right question member parliament constituency tangible contributions made , beyond empty political rhetoric . basic , democratic question invite intimidation ? question limited karur mp alone . past six years , mps i.n.d.i . alliance remained deep slumber . questions met fists & intimidation rather facts , clear admission failure .",ADMK,0
"common citizen every right question member parliament constituency tangible contributions made , beyond empty political rhetoric . basic , democratic question invite intimidation ? question limited karur mp alone . past six years , mps i.n.d.i . alliance remained deep slumber . questions met fists & intimidation rather facts , clear admission failure .",BJP,0
"common citizen every right question member parliament constituency tangible contributions made , beyond empty political rhetoric . basic , democratic question invite intimidation ? question limited karur mp alone . past six years , mps i.n.d.i . alliance remained deep slumber . questions met fists & intimidation rather facts , clear admission failure .",Congress,0
"common citizen every right question member parliament constituency tangible contributions made , beyond empty political rhetoric . basic , democratic question invite intimidation ? question limited karur mp alone . past six years , mps i.n.d.i . alliance remained deep slumber . questions met fists & intimidation rather facts , clear admission failure .",DMK,1
"common citizen every right question member parliament constituency tangible contributions made , beyond empty political rhetoric . basic , democratic question invite intimidation ? question limited karur mp alone . past six years , mps i.n.d.i . alliance remained deep slumber . questions met fists & intimidation rather facts , clear admission failure .",NTK,0
"common citizen every right question member parliament constituency tangible contributions made , beyond empty political rhetoric . basic , democratic question invite intimidation ? question limited karur mp alone . past six years , mps i.n.d.i . alliance remained deep slumber . questions met fists & intimidation rather facts , clear admission failure .",TVK,0
மதுரையாக இருந்தாலும் சரி புதுக்கோட்டையாக இருந்தாலும் சரி தமிழகத்தில் எந்த பகுதியாக இருந்தாலும் சரி அண்ணாமலை என்ற பெயரை சொன்னாலே மாஸ் தான் : fire : :fire : :fire : @ annamalai_k # tnwelcomesamitsha # annamalai,ADMK,0
மதுரையாக இருந்தாலும் சரி புதுக்கோட்டையாக இருந்தாலும் சரி தமிழகத்தில் எந்த பகுதியாக இருந்தாலும் சரி அண்ணாமலை என்ற பெயரை சொன்னாலே மாஸ் தான் : fire : :fire : :fire : @ annamalai_k # tnwelcomesamitsha # annamalai,BJP,1
மதுரையாக இருந்தாலும் சரி புதுக்கோட்டையாக இருந்தாலும் சரி தமிழகத்தில் எந்த பகுதியாக இருந்தாலும் சரி அண்ணாமலை என்ற பெயரை சொன்னாலே மாஸ் தான் : fire : :fire : :fire : @ annamalai_k # tnwelcomesamitsha # annamalai,Congress,0
மதுரையாக இருந்தாலும் சரி புதுக்கோட்டையாக இருந்தாலும் சரி தமிழகத்தில் எந்த பகுதியாக இருந்தாலும் சரி அண்ணாமலை என்ற பெயரை சொன்னாலே மாஸ் தான் : fire : :fire : :fire : @ annamalai_k # tnwelcomesamitsha # annamalai,DMK,0
மதுரையாக இருந்தாலும் சரி புதுக்கோட்டையாக இருந்தாலும் சரி தமிழகத்தில் எந்த பகுதியாக இருந்தாலும் சரி அண்ணாமலை என்ற பெயரை சொன்னாலே மாஸ் தான் : fire : :fire : :fire : @ annamalai_k # tnwelcomesamitsha # annamalai,NTK,0
மதுரையாக இருந்தாலும் சரி புதுக்கோட்டையாக இருந்தாலும் சரி தமிழகத்தில் எந்த பகுதியாக இருந்தாலும் சரி அண்ணாமலை என்ற பெயரை சொன்னாலே மாஸ் தான் : fire : :fire : :fire : @ annamalai_k # tnwelcomesamitsha # annamalai,TVK,0
உங்களுக்கு பாஜக கோவில்களை அரசு பிடியிலிருந்து விடுவிக்கும் விஷயத்தில் பாஜகவை விமர்சனம் செய்ய வேண்டும் என்றால் அதை தாராளமாக செய்யுங்கள் ஆனால் இந்த அரசியலில் மதம் கலக்க வேண்டாம் என்ற வெங்காயத்தைச் எல்லாம் வேண்டாம் . : enraged_face : :enraged_face : :enraged_face : 60 ஆண்டு காலமாக திராவிட கட்சிகள் இதை தான் செய்து கொண்டிருக்கிறது . மற்ற மதங்கள் மட்டும் அரசியல் படுத்தப்பட்டு வாக்கு வங்கிகளாக உருவாகி இங்கு ஆட்சியாளர்களை ஆட்டி படைக்கும்பொழுது இந்துக்கள் மட்டும் கையாலாகாதவர்களாக அவர்களின் அடிப்படை உரிமைகளுக்கு பிச்சை எடுத்துட்டு இருக்காங்க . : enraged_face : :enraged_face : :enraged_face : தமிழகத்தை தவிர இந்தியாவில் உள்ள அனைத்து மாநிலங்களும் தங்கள் மதத்திற்காக ஒன்றிணை ஆரம்பித்து விட்டார்கள் அதன் எதிரொலி தான் கேரளா வரைக்கும் நடந்து முடிந்த தேர்தலில் ஒலித்துக் கொண்டிருக்கிறது . எனக்கு மோடிஜி மீது மிகுந்த நம்பிக்கை இருக்கு கோவில்களை அரசு கட்டுப்பாட்டில் இருந்து விடுவிக்க சரியான நேரத்தில் முடிவெடுப்பார் என்று . # இந்துஒற்றுமை # hinduunity # vivekananda @ annamalai_k # annamalai,ADMK,0
உங்களுக்கு பாஜக கோவில்களை அரசு பிடியிலிருந்து விடுவிக்கும் விஷயத்தில் பாஜகவை விமர்சனம் செய்ய வேண்டும் என்றால் அதை தாராளமாக செய்யுங்கள் ஆனால் இந்த அரசியலில் மதம் கலக்க வேண்டாம் என்ற வெங்காயத்தைச் எல்லாம் வேண்டாம் . : enraged_face : :enraged_face : :enraged_face : 60 ஆண்டு காலமாக திராவிட கட்சிகள் இதை தான் செய்து கொண்டிருக்கிறது . மற்ற மதங்கள் மட்டும் அரசியல் படுத்தப்பட்டு வாக்கு வங்கிகளாக உருவாகி இங்கு ஆட்சியாளர்களை ஆட்டி படைக்கும்பொழுது இந்துக்கள் மட்டும் கையாலாகாதவர்களாக அவர்களின் அடிப்படை உரிமைகளுக்கு பிச்சை எடுத்துட்டு இருக்காங்க . : enraged_face : :enraged_face : :enraged_face : தமிழகத்தை தவிர இந்தியாவில் உள்ள அனைத்து மாநிலங்களும் தங்கள் மதத்திற்காக ஒன்றிணை ஆரம்பித்து விட்டார்கள் அதன் எதிரொலி தான் கேரளா வரைக்கும் நடந்து முடிந்த தேர்தலில் ஒலித்துக் கொண்டிருக்கிறது . எனக்கு மோடிஜி மீது மிகுந்த நம்பிக்கை இருக்கு கோவில்களை அரசு கட்டுப்பாட்டில் இருந்து விடுவிக்க சரியான நேரத்தில் முடிவெடுப்பார் என்று . # இந்துஒற்றுமை # hinduunity # vivekananda @ annamalai_k # annamalai,BJP,1
உங்களுக்கு பாஜக கோவில்களை அரசு பிடியிலிருந்து விடுவிக்கும் விஷயத்தில் பாஜகவை விமர்சனம் செய்ய வேண்டும் என்றால் அதை தாராளமாக செய்யுங்கள் ஆனால் இந்த அரசியலில் மதம் கலக்க வேண்டாம் என்ற வெங்காயத்தைச் எல்லாம் வேண்டாம் . : enraged_face : :enraged_face : :enraged_face : 60 ஆண்டு காலமாக திராவிட கட்சிகள் இதை தான் செய்து கொண்டிருக்கிறது . மற்ற மதங்கள் மட்டும் அரசியல் படுத்தப்பட்டு வாக்கு வங்கிகளாக உருவாகி இங்கு ஆட்சியாளர்களை ஆட்டி படைக்கும்பொழுது இந்துக்கள் மட்டும் கையாலாகாதவர்களாக அவர்களின் அடிப்படை உரிமைகளுக்கு பிச்சை எடுத்துட்டு இருக்காங்க . : enraged_face : :enraged_face : :enraged_face : தமிழகத்தை தவிர இந்தியாவில் உள்ள அனைத்து மாநிலங்களும் தங்கள் மதத்திற்காக ஒன்றிணை ஆரம்பித்து விட்டார்கள் அதன் எதிரொலி தான் கேரளா வரைக்கும் நடந்து முடிந்த தேர்தலில் ஒலித்துக் கொண்டிருக்கிறது . எனக்கு மோடிஜி மீது மிகுந்த நம்பிக்கை இருக்கு கோவில்களை அரசு கட்டுப்பாட்டில் இருந்து விடுவிக்க சரியான நேரத்தில் முடிவெடுப்பார் என்று . # இந்துஒற்றுமை # hinduunity # vivekananda @ annamalai_k # annamalai,Congress,0
உங்களுக்கு பாஜக கோவில்களை அரசு பிடியிலிருந்து விடுவிக்கும் விஷயத்தில் பாஜகவை விமர்சனம் செய்ய வேண்டும் என்றால் அதை தாராளமாக செய்யுங்கள் ஆனால் இந்த அரசியலில் மதம் கலக்க வேண்டாம் என்ற வெங்காயத்தைச் எல்லாம் வேண்டாம் . : enraged_face : :enraged_face : :enraged_face : 60 ஆண்டு காலமாக திராவிட கட்சிகள் இதை தான் செய்து கொண்டிருக்கிறது . மற்ற மதங்கள் மட்டும் அரசியல் படுத்தப்பட்டு வாக்கு வங்கிகளாக உருவாகி இங்கு ஆட்சியாளர்களை ஆட்டி படைக்கும்பொழுது இந்துக்கள் மட்டும் கையாலாகாதவர்களாக அவர்களின் அடிப்படை உரிமைகளுக்கு பிச்சை எடுத்துட்டு இருக்காங்க . : enraged_face : :enraged_face : :enraged_face : தமிழகத்தை தவிர இந்தியாவில் உள்ள அனைத்து மாநிலங்களும் தங்கள் மதத்திற்காக ஒன்றிணை ஆரம்பித்து விட்டார்கள் அதன் எதிரொலி தான் கேரளா வரைக்கும் நடந்து முடிந்த தேர்தலில் ஒலித்துக் கொண்டிருக்கிறது . எனக்கு மோடிஜி மீது மிகுந்த நம்பிக்கை இருக்கு கோவில்களை அரசு கட்டுப்பாட்டில் இருந்து விடுவிக்க சரியான நேரத்தில் முடிவெடுப்பார் என்று . # இந்துஒற்றுமை # hinduunity # vivekananda @ annamalai_k # annamalai,DMK,1
உங்களுக்கு பாஜக கோவில்களை அரசு பிடியிலிருந்து விடுவிக்கும் விஷயத்தில் பாஜகவை விமர்சனம் செய்ய வேண்டும் என்றால் அதை தாராளமாக செய்யுங்கள் ஆனால் இந்த அரசியலில் மதம் கலக்க வேண்டாம் என்ற வெங்காயத்தைச் எல்லாம் வேண்டாம் . : enraged_face : :enraged_face : :enraged_face : 60 ஆண்டு காலமாக திராவிட கட்சிகள் இதை தான் செய்து கொண்டிருக்கிறது . மற்ற மதங்கள் மட்டும் அரசியல் படுத்தப்பட்டு வாக்கு வங்கிகளாக உருவாகி இங்கு ஆட்சியாளர்களை ஆட்டி படைக்கும்பொழுது இந்துக்கள் மட்டும் கையாலாகாதவர்களாக அவர்களின் அடிப்படை உரிமைகளுக்கு பிச்சை எடுத்துட்டு இருக்காங்க . : enraged_face : :enraged_face : :enraged_face : தமிழகத்தை தவிர இந்தியாவில் உள்ள அனைத்து மாநிலங்களும் தங்கள் மதத்திற்காக ஒன்றிணை ஆரம்பித்து விட்டார்கள் அதன் எதிரொலி தான் கேரளா வரைக்கும் நடந்து முடிந்த தேர்தலில் ஒலித்துக் கொண்டிருக்கிறது . எனக்கு மோடிஜி மீது மிகுந்த நம்பிக்கை இருக்கு கோவில்களை அரசு கட்டுப்பாட்டில் இருந்து விடுவிக்க சரியான நேரத்தில் முடிவெடுப்பார் என்று . # இந்துஒற்றுமை # hinduunity # vivekananda @ annamalai_k # annamalai,NTK,0
உங்களுக்கு பாஜக கோவில்களை அரசு பிடியிலிருந்து விடுவிக்கும் விஷயத்தில் பாஜகவை விமர்சனம் செய்ய வேண்டும் என்றால் அதை தாராளமாக செய்யுங்கள் ஆனால் இந்த அரசியலில் மதம் கலக்க வேண்டாம் என்ற வெங்காயத்தைச் எல்லாம் வேண்டாம் . : enraged_face : :enraged_face : :enraged_face : 60 ஆண்டு காலமாக திராவிட கட்சிகள் இதை தான் செய்து கொண்டிருக்கிறது . மற்ற மதங்கள் மட்டும் அரசியல் படுத்தப்பட்டு வாக்கு வங்கிகளாக உருவாகி இங்கு ஆட்சியாளர்களை ஆட்டி படைக்கும்பொழுது இந்துக்கள் மட்டும் கையாலாகாதவர்களாக அவர்களின் அடிப்படை உரிமைகளுக்கு பிச்சை எடுத்துட்டு இருக்காங்க . : enraged_face : :enraged_face : :enraged_face : தமிழகத்தை தவிர இந்தியாவில் உள்ள அனைத்து மாநிலங்களும் தங்கள் மதத்திற்காக ஒன்றிணை ஆரம்பித்து விட்டார்கள் அதன் எதிரொலி தான் கேரளா வரைக்கும் நடந்து முடிந்த தேர்தலில் ஒலித்துக் கொண்டிருக்கிறது . எனக்கு மோடிஜி மீது மிகுந்த நம்பிக்கை இருக்கு கோவில்களை அரசு கட்டுப்பாட்டில் இருந்து விடுவிக்க சரியான நேரத்தில் முடிவெடுப்பார் என்று . # இந்துஒற்றுமை # hinduunity # vivekananda @ annamalai_k # annamalai,TVK,0
கம்ப்யூட்டர் சாம்பிராணி திமுக : grinning_squinting_face : @ ibrahim_0369 : OK_hand : :OK_hand : # தீயசக்திதிமுக # dmkfailestn,ADMK,0
கம்ப்யூட்டர் சாம்பிராணி திமுக : grinning_squinting_face : @ ibrahim_0369 : OK_hand : :OK_hand : # தீயசக்திதிமுக # dmkfailestn,BJP,0
கம்ப்யூட்டர் சாம்பிராணி திமுக : grinning_squinting_face : @ ibrahim_0369 : OK_hand : :OK_hand : # தீயசக்திதிமுக # dmkfailestn,Congress,0
கம்ப்யூட்டர் சாம்பிராணி திமுக : grinning_squinting_face : @ ibrahim_0369 : OK_hand : :OK_hand : # தீயசக்திதிமுக # dmkfailestn,DMK,1
கம்ப்யூட்டர் சாம்பிராணி திமுக : grinning_squinting_face : @ ibrahim_0369 : OK_hand : :OK_hand : # தீயசக்திதிமுக # dmkfailestn,NTK,0
கம்ப்யூட்டர் சாம்பிராணி திமுக : grinning_squinting_face : @ ibrahim_0369 : OK_hand : :OK_hand : # தீயசக்திதிமுக # dmkfailestn,TVK,0
"நாகாலாந்து மற்றும் அஸ்ஸாம் மாநிலங்கள் உருவான தினத்தை தமிழ்நாட்டில் வசிக்கும் இரு மாநில மக்களின் துடிப்பான பங்கேற்புடன் மக்கள் மாளிகை கொண்டாடியது . நாகாலாந்து மற்றும் அஸ்ஸாமின் வளமான பழங்குடி நடனங்களை வெளிப்படுத்தும் அற்புதமான கலாசார நிகழ்ச்சிகளால் இக்கொண்டாட்டம் சிறப்புற்றது . ஆளுநர் ரவி அவர்கள் தனது உரையில் , மாநிலங்கள் உருவான தின கொண்டாட்டம் எந்தவொரு குறிப்பிட்ட மாநில மக்களுக்கும் மட்டுமல்ல என்றும் , பாரதத்தின் அசாதாரண பன்முகத்தன்மையின் துடிப்பான கொண்டாட்டமாகும் என்றும் வலியுறுத்தினார் . மகாபுருஷர் ஸ்ரீமந்த சங்கரதேவ் , டாக்டர் பூபன் ஹசாரிகா ஆகியோரின் நாகரிக மரபை விவரித்த அவர் , நீடித்த பிரம்மபுத்ரா-காவிரி கலாசாரம் மற்றும் நாகரிக தொடர்பு குறித்தும் தமது உரையில் பிரதிபலித்து இதுவே ஒரே பாரதம் உன்னத பாரதம் என்ற உணர்வில் நங்கூரமிட்டுள்ளதாக குறிப்பிட்டார் . மக்கள் மாளிகை , தமிழ்நாட்டுக்கு வெளியே தமிழை ஊக்குவிக்க கொண்டுள்ள நோக்கத்தின் ஒரு பகுதியாக , குவாஹட்டி பல்கலைக்கழகத்தில் தமிழ் பட்டய படிப்புகள் மூலம் வடகிழக்கு மாணவர்கள் ஆர்வத்துடன் தமிழைக் கற்று வருகின்றனர் என்பதையும் ஆளுநர் எடுத்துரைத்தார் . ஆளுநர் ரவி அவர்கள் , சிறந்து விளங்கும் மக்கள் மற்றும் கலைஞர்களை அவர்களின் கண்கவர் நிகழ்ச்சிகளுக்காக சிறப்பித்தார் . # நாகாலாந்து # அஸ்ஸாம் # ஒரேபாரதம்உன்னதபாரதம்",ADMK,0
"நாகாலாந்து மற்றும் அஸ்ஸாம் மாநிலங்கள் உருவான தினத்தை தமிழ்நாட்டில் வசிக்கும் இரு மாநில மக்களின் துடிப்பான பங்கேற்புடன் மக்கள் மாளிகை கொண்டாடியது . நாகாலாந்து மற்றும் அஸ்ஸாமின் வளமான பழங்குடி நடனங்களை வெளிப்படுத்தும் அற்புதமான கலாசார நிகழ்ச்சிகளால் இக்கொண்டாட்டம் சிறப்புற்றது . ஆளுநர் ரவி அவர்கள் தனது உரையில் , மாநிலங்கள் உருவான தின கொண்டாட்டம் எந்தவொரு குறிப்பிட்ட மாநில மக்களுக்கும் மட்டுமல்ல என்றும் , பாரதத்தின் அசாதாரண பன்முகத்தன்மையின் துடிப்பான கொண்டாட்டமாகும் என்றும் வலியுறுத்தினார் . மகாபுருஷர் ஸ்ரீமந்த சங்கரதேவ் , டாக்டர் பூபன் ஹசாரிகா ஆகியோரின் நாகரிக மரபை விவரித்த அவர் , நீடித்த பிரம்மபுத்ரா-காவிரி கலாசாரம் மற்றும் நாகரிக தொடர்பு குறித்தும் தமது உரையில் பிரதிபலித்து இதுவே ஒரே பாரதம் உன்னத பாரதம் என்ற உணர்வில் நங்கூரமிட்டுள்ளதாக குறிப்பிட்டார் . மக்கள் மாளிகை , தமிழ்நாட்டுக்கு வெளியே தமிழை ஊக்குவிக்க கொண்டுள்ள நோக்கத்தின் ஒரு பகுதியாக , குவாஹட்டி பல்கலைக்கழகத்தில் தமிழ் பட்டய படிப்புகள் மூலம் வடகிழக்கு மாணவர்கள் ஆர்வத்துடன் தமிழைக் கற்று வருகின்றனர் என்பதையும் ஆளுநர் எடுத்துரைத்தார் . ஆளுநர் ரவி அவர்கள் , சிறந்து விளங்கும் மக்கள் மற்றும் கலைஞர்களை அவர்களின் கண்கவர் நிகழ்ச்சிகளுக்காக சிறப்பித்தார் . # நாகாலாந்து # அஸ்ஸாம் # ஒரேபாரதம்உன்னதபாரதம்",BJP,1
"நாகாலாந்து மற்றும் அஸ்ஸாம் மாநிலங்கள் உருவான தினத்தை தமிழ்நாட்டில் வசிக்கும் இரு மாநில மக்களின் துடிப்பான பங்கேற்புடன் மக்கள் மாளிகை கொண்டாடியது . நாகாலாந்து மற்றும் அஸ்ஸாமின் வளமான பழங்குடி நடனங்களை வெளிப்படுத்தும் அற்புதமான கலாசார நிகழ்ச்சிகளால் இக்கொண்டாட்டம் சிறப்புற்றது . ஆளுநர் ரவி அவர்கள் தனது உரையில் , மாநிலங்கள் உருவான தின கொண்டாட்டம் எந்தவொரு குறிப்பிட்ட மாநில மக்களுக்கும் மட்டுமல்ல என்றும் , பாரதத்தின் அசாதாரண பன்முகத்தன்மையின் துடிப்பான கொண்டாட்டமாகும் என்றும் வலியுறுத்தினார் . மகாபுருஷர் ஸ்ரீமந்த சங்கரதேவ் , டாக்டர் பூபன் ஹசாரிகா ஆகியோரின் நாகரிக மரபை விவரித்த அவர் , நீடித்த பிரம்மபுத்ரா-காவிரி கலாசாரம் மற்றும் நாகரிக தொடர்பு குறித்தும் தமது உரையில் பிரதிபலித்து இதுவே ஒரே பாரதம் உன்னத பாரதம் என்ற உணர்வில் நங்கூரமிட்டுள்ளதாக குறிப்பிட்டார் . மக்கள் மாளிகை , தமிழ்நாட்டுக்கு வெளியே தமிழை ஊக்குவிக்க கொண்டுள்ள நோக்கத்தின் ஒரு பகுதியாக , குவாஹட்டி பல்கலைக்கழகத்தில் தமிழ் பட்டய படிப்புகள் மூலம் வடகிழக்கு மாணவர்கள் ஆர்வத்துடன் தமிழைக் கற்று வருகின்றனர் என்பதையும் ஆளுநர் எடுத்துரைத்தார் . ஆளுநர் ரவி அவர்கள் , சிறந்து விளங்கும் மக்கள் மற்றும் கலைஞர்களை அவர்களின் கண்கவர் நிகழ்ச்சிகளுக்காக சிறப்பித்தார் . # நாகாலாந்து # அஸ்ஸாம் # ஒரேபாரதம்உன்னதபாரதம்",Congress,0
"நாகாலாந்து மற்றும் அஸ்ஸாம் மாநிலங்கள் உருவான தினத்தை தமிழ்நாட்டில் வசிக்கும் இரு மாநில மக்களின் துடிப்பான பங்கேற்புடன் மக்கள் மாளிகை கொண்டாடியது . நாகாலாந்து மற்றும் அஸ்ஸாமின் வளமான பழங்குடி நடனங்களை வெளிப்படுத்தும் அற்புதமான கலாசார நிகழ்ச்சிகளால் இக்கொண்டாட்டம் சிறப்புற்றது . ஆளுநர் ரவி அவர்கள் தனது உரையில் , மாநிலங்கள் உருவான தின கொண்டாட்டம் எந்தவொரு குறிப்பிட்ட மாநில மக்களுக்கும் மட்டுமல்ல என்றும் , பாரதத்தின் அசாதாரண பன்முகத்தன்மையின் துடிப்பான கொண்டாட்டமாகும் என்றும் வலியுறுத்தினார் . மகாபுருஷர் ஸ்ரீமந்த சங்கரதேவ் , டாக்டர் பூபன் ஹசாரிகா ஆகியோரின் நாகரிக மரபை விவரித்த அவர் , நீடித்த பிரம்மபுத்ரா-காவிரி கலாசாரம் மற்றும் நாகரிக தொடர்பு குறித்தும் தமது உரையில் பிரதிபலித்து இதுவே ஒரே பாரதம் உன்னத பாரதம் என்ற உணர்வில் நங்கூரமிட்டுள்ளதாக குறிப்பிட்டார் . மக்கள் மாளிகை , தமிழ்நாட்டுக்கு வெளியே தமிழை ஊக்குவிக்க கொண்டுள்ள நோக்கத்தின் ஒரு பகுதியாக , குவாஹட்டி பல்கலைக்கழகத்தில் தமிழ் பட்டய படிப்புகள் மூலம் வடகிழக்கு மாணவர்கள் ஆர்வத்துடன் தமிழைக் கற்று வருகின்றனர் என்பதையும் ஆளுநர் எடுத்துரைத்தார் . ஆளுநர் ரவி அவர்கள் , சிறந்து விளங்கும் மக்கள் மற்றும் கலைஞர்களை அவர்களின் கண்கவர் நிகழ்ச்சிகளுக்காக சிறப்பித்தார் . # நாகாலாந்து # அஸ்ஸாம் # ஒரேபாரதம்உன்னதபாரதம்",DMK,0
"நாகாலாந்து மற்றும் அஸ்ஸாம் மாநிலங்கள் உருவான தினத்தை தமிழ்நாட்டில் வசிக்கும் இரு மாநில மக்களின் துடிப்பான பங்கேற்புடன் மக்கள் மாளிகை கொண்டாடியது . நாகாலாந்து மற்றும் அஸ்ஸாமின் வளமான பழங்குடி நடனங்களை வெளிப்படுத்தும் அற்புதமான கலாசார நிகழ்ச்சிகளால் இக்கொண்டாட்டம் சிறப்புற்றது . ஆளுநர் ரவி அவர்கள் தனது உரையில் , மாநிலங்கள் உருவான தின கொண்டாட்டம் எந்தவொரு குறிப்பிட்ட மாநில மக்களுக்கும் மட்டுமல்ல என்றும் , பாரதத்தின் அசாதாரண பன்முகத்தன்மையின் துடிப்பான கொண்டாட்டமாகும் என்றும் வலியுறுத்தினார் . மகாபுருஷர் ஸ்ரீமந்த சங்கரதேவ் , டாக்டர் பூபன் ஹசாரிகா ஆகியோரின் நாகரிக மரபை விவரித்த அவர் , நீடித்த பிரம்மபுத்ரா-காவிரி கலாசாரம் மற்றும் நாகரிக தொடர்பு குறித்தும் தமது உரையில் பிரதிபலித்து இதுவே ஒரே பாரதம் உன்னத பாரதம் என்ற உணர்வில் நங்கூரமிட்டுள்ளதாக குறிப்பிட்டார் . மக்கள் மாளிகை , தமிழ்நாட்டுக்கு வெளியே தமிழை ஊக்குவிக்க கொண்டுள்ள நோக்கத்தின் ஒரு பகுதியாக , குவாஹட்டி பல்கலைக்கழகத்தில் தமிழ் பட்டய படிப்புகள் மூலம் வடகிழக்கு மாணவர்கள் ஆர்வத்துடன் தமிழைக் கற்று வருகின்றனர் என்பதையும் ஆளுநர் எடுத்துரைத்தார் . ஆளுநர் ரவி அவர்கள் , சிறந்து விளங்கும் மக்கள் மற்றும் கலைஞர்களை அவர்களின் கண்கவர் நிகழ்ச்சிகளுக்காக சிறப்பித்தார் . # நாகாலாந்து # அஸ்ஸாம் # ஒரேபாரதம்உன்னதபாரதம்",NTK,0
"நாகாலாந்து மற்றும் அஸ்ஸாம் மாநிலங்கள் உருவான தினத்தை தமிழ்நாட்டில் வசிக்கும் இரு மாநில மக்களின் துடிப்பான பங்கேற்புடன் மக்கள் மாளிகை கொண்டாடியது . நாகாலாந்து மற்றும் அஸ்ஸாமின் வளமான பழங்குடி நடனங்களை வெளிப்படுத்தும் அற்புதமான கலாசார நிகழ்ச்சிகளால் இக்கொண்டாட்டம் சிறப்புற்றது . ஆளுநர் ரவி அவர்கள் தனது உரையில் , மாநிலங்கள் உருவான தின கொண்டாட்டம் எந்தவொரு குறிப்பிட்ட மாநில மக்களுக்கும் மட்டுமல்ல என்றும் , பாரதத்தின் அசாதாரண பன்முகத்தன்மையின் துடிப்பான கொண்டாட்டமாகும் என்றும் வலியுறுத்தினார் . மகாபுருஷர் ஸ்ரீமந்த சங்கரதேவ் , டாக்டர் பூபன் ஹசாரிகா ஆகியோரின் நாகரிக மரபை விவரித்த அவர் , நீடித்த பிரம்மபுத்ரா-காவிரி கலாசாரம் மற்றும் நாகரிக தொடர்பு குறித்தும் தமது உரையில் பிரதிபலித்து இதுவே ஒரே பாரதம் உன்னத பாரதம் என்ற உணர்வில் நங்கூரமிட்டுள்ளதாக குறிப்பிட்டார் . மக்கள் மாளிகை , தமிழ்நாட்டுக்கு வெளியே தமிழை ஊக்குவிக்க கொண்டுள்ள நோக்கத்தின் ஒரு பகுதியாக , குவாஹட்டி பல்கலைக்கழகத்தில் தமிழ் பட்டய படிப்புகள் மூலம் வடகிழக்கு மாணவர்கள் ஆர்வத்துடன் தமிழைக் கற்று வருகின்றனர் என்பதையும் ஆளுநர் எடுத்துரைத்தார் . ஆளுநர் ரவி அவர்கள் , சிறந்து விளங்கும் மக்கள் மற்றும் கலைஞர்களை அவர்களின் கண்கவர் நிகழ்ச்சிகளுக்காக சிறப்பித்தார் . # நாகாலாந்து # அஸ்ஸாம் # ஒரேபாரதம்உன்னதபாரதம்",TVK,0
"tamil nadu gripped alarming surge violence past five years , coinciding dmk ’ return power state . , dmk appears determined push culture lawlessness even dangerous level . arrest dmk youth wing functionary rathina balan accomplice aamer suhail attempting sell firearms social media chilling reminder deep rot set . rowdy elements , ganja peddlers international drug traffickers illegal gun runners , dmk increasingly turned safe every unlawful element plaguing society .",ADMK,0
"tamil nadu gripped alarming surge violence past five years , coinciding dmk ’ return power state . , dmk appears determined push culture lawlessness even dangerous level . arrest dmk youth wing functionary rathina balan accomplice aamer suhail attempting sell firearms social media chilling reminder deep rot set . rowdy elements , ganja peddlers international drug traffickers illegal gun runners , dmk increasingly turned safe every unlawful element plaguing society .",BJP,0
"tamil nadu gripped alarming surge violence past five years , coinciding dmk ’ return power state . , dmk appears determined push culture lawlessness even dangerous level . arrest dmk youth wing functionary rathina balan accomplice aamer suhail attempting sell firearms social media chilling reminder deep rot set . rowdy elements , ganja peddlers international drug traffickers illegal gun runners , dmk increasingly turned safe every unlawful element plaguing society .",Congress,0
"tamil nadu gripped alarming surge violence past five years , coinciding dmk ’ return power state . , dmk appears determined push culture lawlessness even dangerous level . arrest dmk youth wing functionary rathina balan accomplice aamer suhail attempting sell firearms social media chilling reminder deep rot set . rowdy elements , ganja peddlers international drug traffickers illegal gun runners , dmk increasingly turned safe every unlawful element plaguing society .",DMK,1
"tamil nadu gripped alarming surge violence past five years , coinciding dmk ’ return power state . , dmk appears determined push culture lawlessness even dangerous level . arrest dmk youth wing functionary rathina balan accomplice aamer suhail attempting sell firearms social media chilling reminder deep rot set . rowdy elements , ganja peddlers international drug traffickers illegal gun runners , dmk increasingly turned safe every unlawful element plaguing society .",NTK,0
"tamil nadu gripped alarming surge violence past five years , coinciding dmk ’ return power state . , dmk appears determined push culture lawlessness even dangerous level . arrest dmk youth wing functionary rathina balan accomplice aamer suhail attempting sell firearms social media chilling reminder deep rot set . rowdy elements , ganja peddlers international drug traffickers illegal gun runners , dmk increasingly turned safe every unlawful element plaguing society .",TVK,0
"wounds brutal attack suraj yet healed , even conscience state could recover , thiruttani witnessed yet another act senseless violence yesterday . local businessman , jamal , attacked group without provocation cause . longer isolated incident , become disturbing pattern tn past years . lawlessness normalised , criminal elements encouraged , ordinary citizens left defend . dmk ’ watch , public safety collapsed . many surajs jamals must suffer dmk acknowledges complete failure maintaining law order ?",ADMK,0
"wounds brutal attack suraj yet healed , even conscience state could recover , thiruttani witnessed yet another act senseless violence yesterday . local businessman , jamal , attacked group without provocation cause . longer isolated incident , become disturbing pattern tn past years . lawlessness normalised , criminal elements encouraged , ordinary citizens left defend . dmk ’ watch , public safety collapsed . many surajs jamals must suffer dmk acknowledges complete failure maintaining law order ?",BJP,0
"wounds brutal attack suraj yet healed , even conscience state could recover , thiruttani witnessed yet another act senseless violence yesterday . local businessman , jamal , attacked group without provocation cause . longer isolated incident , become disturbing pattern tn past years . lawlessness normalised , criminal elements encouraged , ordinary citizens left defend . dmk ’ watch , public safety collapsed . many surajs jamals must suffer dmk acknowledges complete failure maintaining law order ?",Congress,0
"wounds brutal attack suraj yet healed , even conscience state could recover , thiruttani witnessed yet another act senseless violence yesterday . local businessman , jamal , attacked group without provocation cause . longer isolated incident , become disturbing pattern tn past years . lawlessness normalised , criminal elements encouraged , ordinary citizens left defend . dmk ’ watch , public safety collapsed . many surajs jamals must suffer dmk acknowledges complete failure maintaining law order ?",DMK,1
"wounds brutal attack suraj yet healed , even conscience state could recover , thiruttani witnessed yet another act senseless violence yesterday . local businessman , jamal , attacked group without provocation cause . longer isolated incident , become disturbing pattern tn past years . lawlessness normalised , criminal elements encouraged , ordinary citizens left defend . dmk ’ watch , public safety collapsed . many surajs jamals must suffer dmk acknowledges complete failure maintaining law order ?",NTK,0
"wounds brutal attack suraj yet healed , even conscience state could recover , thiruttani witnessed yet another act senseless violence yesterday . local businessman , jamal , attacked group without provocation cause . longer isolated incident , become disturbing pattern tn past years . lawlessness normalised , criminal elements encouraged , ordinary citizens left defend . dmk ’ watch , public safety collapsed . many surajs jamals must suffer dmk acknowledges complete failure maintaining law order ?",TVK,0
திமுக வேட்டி கட்டும் போது பொட்டு வைக்காதீங்க - திமுக எம்.பி . ஆ . ராசா,ADMK,0
திமுக வேட்டி கட்டும் போது பொட்டு வைக்காதீங்க - திமுக எம்.பி . ஆ . ராசா,BJP,0
திமுக வேட்டி கட்டும் போது பொட்டு வைக்காதீங்க - திமுக எம்.பி . ஆ . ராசா,Congress,0
திமுக வேட்டி கட்டும் போது பொட்டு வைக்காதீங்க - திமுக எம்.பி . ஆ . ராசா,DMK,1
திமுக வேட்டி கட்டும் போது பொட்டு வைக்காதீங்க - திமுக எம்.பி . ஆ . ராசா,NTK,0
திமுக வேட்டி கட்டும் போது பொட்டு வைக்காதீங்க - திமுக எம்.பி . ஆ . ராசா,TVK,0
ஒரு பக்கம் bhai dmk va bjp ah பொளக்குறாரு .. : fire : :face_with_tears_of_joy : :OK_hand : இன்னொரு பக்கம் நம்ப @ loyolamani அண்ணே dmk va admk பொளக்குறாரு ... : face_with_tears_of_joy : :fire : :OK_hand : இன்னைக்கு day தெரிக்குது போங்க ... : fire : :fire : # தமிழகவெற்றிக்கழகம்‌ @ tvkvijayhq # tvkfortn,ADMK,1
ஒரு பக்கம் bhai dmk va bjp ah பொளக்குறாரு .. : fire : :face_with_tears_of_joy : :OK_hand : இன்னொரு பக்கம் நம்ப @ loyolamani அண்ணே dmk va admk பொளக்குறாரு ... : face_with_tears_of_joy : :fire : :OK_hand : இன்னைக்கு day தெரிக்குது போங்க ... : fire : :fire : # தமிழகவெற்றிக்கழகம்‌ @ tvkvijayhq # tvkfortn,BJP,1
ஒரு பக்கம் bhai dmk va bjp ah பொளக்குறாரு .. : fire : :face_with_tears_of_joy : :OK_hand : இன்னொரு பக்கம் நம்ப @ loyolamani அண்ணே dmk va admk பொளக்குறாரு ... : face_with_tears_of_joy : :fire : :OK_hand : இன்னைக்கு day தெரிக்குது போங்க ... : fire : :fire : # தமிழகவெற்றிக்கழகம்‌ @ tvkvijayhq # tvkfortn,Congress,0
ஒரு பக்கம் bhai dmk va bjp ah பொளக்குறாரு .. : fire : :face_with_tears_of_joy : :OK_hand : இன்னொரு பக்கம் நம்ப @ loyolamani அண்ணே dmk va admk பொளக்குறாரு ... : face_with_tears_of_joy : :fire : :OK_hand : இன்னைக்கு day தெரிக்குது போங்க ... : fire : :fire : # தமிழகவெற்றிக்கழகம்‌ @ tvkvijayhq # tvkfortn,DMK,1
ஒரு பக்கம் bhai dmk va bjp ah பொளக்குறாரு .. : fire : :face_with_tears_of_joy : :OK_hand : இன்னொரு பக்கம் நம்ப @ loyolamani அண்ணே dmk va admk பொளக்குறாரு ... : face_with_tears_of_joy : :fire : :OK_hand : இன்னைக்கு day தெரிக்குது போங்க ... : fire : :fire : # தமிழகவெற்றிக்கழகம்‌ @ tvkvijayhq # tvkfortn,NTK,0
ஒரு பக்கம் bhai dmk va bjp ah பொளக்குறாரு .. : fire : :face_with_tears_of_joy : :OK_hand : இன்னொரு பக்கம் நம்ப @ loyolamani அண்ணே dmk va admk பொளக்குறாரு ... : face_with_tears_of_joy : :fire : :OK_hand : இன்னைக்கு day தெரிக்குது போங்க ... : fire : :fire : # தமிழகவெற்றிக்கழகம்‌ @ tvkvijayhq # tvkfortn,TVK,1
"ஆளுநர் திரு . ஆர்.என் . ரவி அவர்கள் , சென்னையில் நடைபெற்ற ஸ்ரீ கிருஷ்ண கான சபையின் நாம சங்கீர்த்தன வெள்ளி விழா தொடக்க நிகழ்வில் , சங்கீதத்தில் சிறந்த பங்களிப்பை வழங்கி வருவதற்காக சங்கீர்த்தன கலாநிதி விருதை திரு . யக்ஞராம சர்மாவுக்கும் , சங்கீர்த்தன சூடாமணி விருதை திரு . கடலூர் கோபி பாகவதருக்கும் வழங்கினார் . பக்தி எவ்வாறு சனாதன தர்மத்தை அமைப்புகளின் இருப்புகளுக்கு அப்பால் மக்களின் இதயங்களில் கொண்டு சென்றது என்பதை ஆளுநர் ரவி பிரதிபலித்தார் . நாயன்மார்கள் , ஆழ்வார்கள் மற்றும் எண்ணற்ற துறவிகள் மூலம் தமிழ்நாட்டின் புனித மண்ணில் தோன்றிய இந்த ஆன்மிக இயக்கம் , பாரதம் முழுவதும் , பல்வேறு மொழிகளின் ஊடாக , சனாதன தர்மத்தை வளர்த்து , பாதுகாத்து , பல நூற்றாண்டுகளாக அடிமைப்பட்டு , காலனித்துவத்தின் பிடியில் இருந்த போதும் பாரதத்தை ஒரே தேசமாக நிலைநிறுத்தியது . கடந்த தசாப்தத்தில் பாரதம் எவ்வாறு குறிப்பிடத்தக்க அனைத்திலும் மாற்றம் கண்டுள்ளது என்பதையும் , 2047 -ஆம் ஆண்டுக்குள் முழுமையாக வளர்ச்சியடைந்து தன்னிறைவு பெறும் இலக்கை நோக்கி முன்னேறி வருகிறது என்பதையும் ஆளுநர் எடுத்துரைத்தார் . இந்த தேசிய மாற்றத்தில் , இந்த பாரம்பரியத்தை இளைய தலைமுறையினருக்கு எடுத்துச் சென்று , மோதல்கள் மற்றும் ஏற்றத்தாழ்வுகளால் முடங்கிப்போன இன்றைய உலகிற்கு அதன் ஒளியை விரிவுபடுத்துவதும் , பாரதத்தையும் சனாதன தர்மத்தையும் அழிக்க சதி செய்யும் சக்திகளுக்கு எதிராக விழிப்புடன் இருப்பதும் நமது கூட்டுப் பொறுப்பாகும் என அவர் வலியுறுத்தினார் .",ADMK,0
"ஆளுநர் திரு . ஆர்.என் . ரவி அவர்கள் , சென்னையில் நடைபெற்ற ஸ்ரீ கிருஷ்ண கான சபையின் நாம சங்கீர்த்தன வெள்ளி விழா தொடக்க நிகழ்வில் , சங்கீதத்தில் சிறந்த பங்களிப்பை வழங்கி வருவதற்காக சங்கீர்த்தன கலாநிதி விருதை திரு . யக்ஞராம சர்மாவுக்கும் , சங்கீர்த்தன சூடாமணி விருதை திரு . கடலூர் கோபி பாகவதருக்கும் வழங்கினார் . பக்தி எவ்வாறு சனாதன தர்மத்தை அமைப்புகளின் இருப்புகளுக்கு அப்பால் மக்களின் இதயங்களில் கொண்டு சென்றது என்பதை ஆளுநர் ரவி பிரதிபலித்தார் . நாயன்மார்கள் , ஆழ்வார்கள் மற்றும் எண்ணற்ற துறவிகள் மூலம் தமிழ்நாட்டின் புனித மண்ணில் தோன்றிய இந்த ஆன்மிக இயக்கம் , பாரதம் முழுவதும் , பல்வேறு மொழிகளின் ஊடாக , சனாதன தர்மத்தை வளர்த்து , பாதுகாத்து , பல நூற்றாண்டுகளாக அடிமைப்பட்டு , காலனித்துவத்தின் பிடியில் இருந்த போதும் பாரதத்தை ஒரே தேசமாக நிலைநிறுத்தியது . கடந்த தசாப்தத்தில் பாரதம் எவ்வாறு குறிப்பிடத்தக்க அனைத்திலும் மாற்றம் கண்டுள்ளது என்பதையும் , 2047 -ஆம் ஆண்டுக்குள் முழுமையாக வளர்ச்சியடைந்து தன்னிறைவு பெறும் இலக்கை நோக்கி முன்னேறி வருகிறது என்பதையும் ஆளுநர் எடுத்துரைத்தார் . இந்த தேசிய மாற்றத்தில் , இந்த பாரம்பரியத்தை இளைய தலைமுறையினருக்கு எடுத்துச் சென்று , மோதல்கள் மற்றும் ஏற்றத்தாழ்வுகளால் முடங்கிப்போன இன்றைய உலகிற்கு அதன் ஒளியை விரிவுபடுத்துவதும் , பாரதத்தையும் சனாதன தர்மத்தையும் அழிக்க சதி செய்யும் சக்திகளுக்கு எதிராக விழிப்புடன் இருப்பதும் நமது கூட்டுப் பொறுப்பாகும் என அவர் வலியுறுத்தினார் .",BJP,1
"ஆளுநர் திரு . ஆர்.என் . ரவி அவர்கள் , சென்னையில் நடைபெற்ற ஸ்ரீ கிருஷ்ண கான சபையின் நாம சங்கீர்த்தன வெள்ளி விழா தொடக்க நிகழ்வில் , சங்கீதத்தில் சிறந்த பங்களிப்பை வழங்கி வருவதற்காக சங்கீர்த்தன கலாநிதி விருதை திரு . யக்ஞராம சர்மாவுக்கும் , சங்கீர்த்தன சூடாமணி விருதை திரு . கடலூர் கோபி பாகவதருக்கும் வழங்கினார் . பக்தி எவ்வாறு சனாதன தர்மத்தை அமைப்புகளின் இருப்புகளுக்கு அப்பால் மக்களின் இதயங்களில் கொண்டு சென்றது என்பதை ஆளுநர் ரவி பிரதிபலித்தார் . நாயன்மார்கள் , ஆழ்வார்கள் மற்றும் எண்ணற்ற துறவிகள் மூலம் தமிழ்நாட்டின் புனித மண்ணில் தோன்றிய இந்த ஆன்மிக இயக்கம் , பாரதம் முழுவதும் , பல்வேறு மொழிகளின் ஊடாக , சனாதன தர்மத்தை வளர்த்து , பாதுகாத்து , பல நூற்றாண்டுகளாக அடிமைப்பட்டு , காலனித்துவத்தின் பிடியில் இருந்த போதும் பாரதத்தை ஒரே தேசமாக நிலைநிறுத்தியது . கடந்த தசாப்தத்தில் பாரதம் எவ்வாறு குறிப்பிடத்தக்க அனைத்திலும் மாற்றம் கண்டுள்ளது என்பதையும் , 2047 -ஆம் ஆண்டுக்குள் முழுமையாக வளர்ச்சியடைந்து தன்னிறைவு பெறும் இலக்கை நோக்கி முன்னேறி வருகிறது என்பதையும் ஆளுநர் எடுத்துரைத்தார் . இந்த தேசிய மாற்றத்தில் , இந்த பாரம்பரியத்தை இளைய தலைமுறையினருக்கு எடுத்துச் சென்று , மோதல்கள் மற்றும் ஏற்றத்தாழ்வுகளால் முடங்கிப்போன இன்றைய உலகிற்கு அதன் ஒளியை விரிவுபடுத்துவதும் , பாரதத்தையும் சனாதன தர்மத்தையும் அழிக்க சதி செய்யும் சக்திகளுக்கு எதிராக விழிப்புடன் இருப்பதும் நமது கூட்டுப் பொறுப்பாகும் என அவர் வலியுறுத்தினார் .",Congress,0
"ஆளுநர் திரு . ஆர்.என் . ரவி அவர்கள் , சென்னையில் நடைபெற்ற ஸ்ரீ கிருஷ்ண கான சபையின் நாம சங்கீர்த்தன வெள்ளி விழா தொடக்க நிகழ்வில் , சங்கீதத்தில் சிறந்த பங்களிப்பை வழங்கி வருவதற்காக சங்கீர்த்தன கலாநிதி விருதை திரு . யக்ஞராம சர்மாவுக்கும் , சங்கீர்த்தன சூடாமணி விருதை திரு . கடலூர் கோபி பாகவதருக்கும் வழங்கினார் . பக்தி எவ்வாறு சனாதன தர்மத்தை அமைப்புகளின் இருப்புகளுக்கு அப்பால் மக்களின் இதயங்களில் கொண்டு சென்றது என்பதை ஆளுநர் ரவி பிரதிபலித்தார் . நாயன்மார்கள் , ஆழ்வார்கள் மற்றும் எண்ணற்ற துறவிகள் மூலம் தமிழ்நாட்டின் புனித மண்ணில் தோன்றிய இந்த ஆன்மிக இயக்கம் , பாரதம் முழுவதும் , பல்வேறு மொழிகளின் ஊடாக , சனாதன தர்மத்தை வளர்த்து , பாதுகாத்து , பல நூற்றாண்டுகளாக அடிமைப்பட்டு , காலனித்துவத்தின் பிடியில் இருந்த போதும் பாரதத்தை ஒரே தேசமாக நிலைநிறுத்தியது . கடந்த தசாப்தத்தில் பாரதம் எவ்வாறு குறிப்பிடத்தக்க அனைத்திலும் மாற்றம் கண்டுள்ளது என்பதையும் , 2047 -ஆம் ஆண்டுக்குள் முழுமையாக வளர்ச்சியடைந்து தன்னிறைவு பெறும் இலக்கை நோக்கி முன்னேறி வருகிறது என்பதையும் ஆளுநர் எடுத்துரைத்தார் . இந்த தேசிய மாற்றத்தில் , இந்த பாரம்பரியத்தை இளைய தலைமுறையினருக்கு எடுத்துச் சென்று , மோதல்கள் மற்றும் ஏற்றத்தாழ்வுகளால் முடங்கிப்போன இன்றைய உலகிற்கு அதன் ஒளியை விரிவுபடுத்துவதும் , பாரதத்தையும் சனாதன தர்மத்தையும் அழிக்க சதி செய்யும் சக்திகளுக்கு எதிராக விழிப்புடன் இருப்பதும் நமது கூட்டுப் பொறுப்பாகும் என அவர் வலியுறுத்தினார் .",DMK,0
"ஆளுநர் திரு . ஆர்.என் . ரவி அவர்கள் , சென்னையில் நடைபெற்ற ஸ்ரீ கிருஷ்ண கான சபையின் நாம சங்கீர்த்தன வெள்ளி விழா தொடக்க நிகழ்வில் , சங்கீதத்தில் சிறந்த பங்களிப்பை வழங்கி வருவதற்காக சங்கீர்த்தன கலாநிதி விருதை திரு . யக்ஞராம சர்மாவுக்கும் , சங்கீர்த்தன சூடாமணி விருதை திரு . கடலூர் கோபி பாகவதருக்கும் வழங்கினார் . பக்தி எவ்வாறு சனாதன தர்மத்தை அமைப்புகளின் இருப்புகளுக்கு அப்பால் மக்களின் இதயங்களில் கொண்டு சென்றது என்பதை ஆளுநர் ரவி பிரதிபலித்தார் . நாயன்மார்கள் , ஆழ்வார்கள் மற்றும் எண்ணற்ற துறவிகள் மூலம் தமிழ்நாட்டின் புனித மண்ணில் தோன்றிய இந்த ஆன்மிக இயக்கம் , பாரதம் முழுவதும் , பல்வேறு மொழிகளின் ஊடாக , சனாதன தர்மத்தை வளர்த்து , பாதுகாத்து , பல நூற்றாண்டுகளாக அடிமைப்பட்டு , காலனித்துவத்தின் பிடியில் இருந்த போதும் பாரதத்தை ஒரே தேசமாக நிலைநிறுத்தியது . கடந்த தசாப்தத்தில் பாரதம் எவ்வாறு குறிப்பிடத்தக்க அனைத்திலும் மாற்றம் கண்டுள்ளது என்பதையும் , 2047 -ஆம் ஆண்டுக்குள் முழுமையாக வளர்ச்சியடைந்து தன்னிறைவு பெறும் இலக்கை நோக்கி முன்னேறி வருகிறது என்பதையும் ஆளுநர் எடுத்துரைத்தார் . இந்த தேசிய மாற்றத்தில் , இந்த பாரம்பரியத்தை இளைய தலைமுறையினருக்கு எடுத்துச் சென்று , மோதல்கள் மற்றும் ஏற்றத்தாழ்வுகளால் முடங்கிப்போன இன்றைய உலகிற்கு அதன் ஒளியை விரிவுபடுத்துவதும் , பாரதத்தையும் சனாதன தர்மத்தையும் அழிக்க சதி செய்யும் சக்திகளுக்கு எதிராக விழிப்புடன் இருப்பதும் நமது கூட்டுப் பொறுப்பாகும் என அவர் வலியுறுத்தினார் .",NTK,0
"ஆளுநர் திரு . ஆர்.என் . ரவி அவர்கள் , சென்னையில் நடைபெற்ற ஸ்ரீ கிருஷ்ண கான சபையின் நாம சங்கீர்த்தன வெள்ளி விழா தொடக்க நிகழ்வில் , சங்கீதத்தில் சிறந்த பங்களிப்பை வழங்கி வருவதற்காக சங்கீர்த்தன கலாநிதி விருதை திரு . யக்ஞராம சர்மாவுக்கும் , சங்கீர்த்தன சூடாமணி விருதை திரு . கடலூர் கோபி பாகவதருக்கும் வழங்கினார் . பக்தி எவ்வாறு சனாதன தர்மத்தை அமைப்புகளின் இருப்புகளுக்கு அப்பால் மக்களின் இதயங்களில் கொண்டு சென்றது என்பதை ஆளுநர் ரவி பிரதிபலித்தார் . நாயன்மார்கள் , ஆழ்வார்கள் மற்றும் எண்ணற்ற துறவிகள் மூலம் தமிழ்நாட்டின் புனித மண்ணில் தோன்றிய இந்த ஆன்மிக இயக்கம் , பாரதம் முழுவதும் , பல்வேறு மொழிகளின் ஊடாக , சனாதன தர்மத்தை வளர்த்து , பாதுகாத்து , பல நூற்றாண்டுகளாக அடிமைப்பட்டு , காலனித்துவத்தின் பிடியில் இருந்த போதும் பாரதத்தை ஒரே தேசமாக நிலைநிறுத்தியது . கடந்த தசாப்தத்தில் பாரதம் எவ்வாறு குறிப்பிடத்தக்க அனைத்திலும் மாற்றம் கண்டுள்ளது என்பதையும் , 2047 -ஆம் ஆண்டுக்குள் முழுமையாக வளர்ச்சியடைந்து தன்னிறைவு பெறும் இலக்கை நோக்கி முன்னேறி வருகிறது என்பதையும் ஆளுநர் எடுத்துரைத்தார் . இந்த தேசிய மாற்றத்தில் , இந்த பாரம்பரியத்தை இளைய தலைமுறையினருக்கு எடுத்துச் சென்று , மோதல்கள் மற்றும் ஏற்றத்தாழ்வுகளால் முடங்கிப்போன இன்றைய உலகிற்கு அதன் ஒளியை விரிவுபடுத்துவதும் , பாரதத்தையும் சனாதன தர்மத்தையும் அழிக்க சதி செய்யும் சக்திகளுக்கு எதிராக விழிப்புடன் இருப்பதும் நமது கூட்டுப் பொறுப்பாகும் என அவர் வலியுறுத்தினார் .",TVK,0
bjp grow tamilnadu - anwar raja ( aiadmk ),ADMK,1
bjp grow tamilnadu - anwar raja ( aiadmk ),BJP,1
bjp grow tamilnadu - anwar raja ( aiadmk ),Congress,0
bjp grow tamilnadu - anwar raja ( aiadmk ),DMK,0
bjp grow tamilnadu - anwar raja ( aiadmk ),NTK,0
bjp grow tamilnadu - anwar raja ( aiadmk ),TVK,0
அதிமுகவை கபளீகரம் செய்து விட்டது பாஜக- கம்யூனிஸ்ட் கட்சி குற்றச்சாட்டு…,ADMK,1
அதிமுகவை கபளீகரம் செய்து விட்டது பாஜக- கம்யூனிஸ்ட் கட்சி குற்றச்சாட்டு…,BJP,1
அதிமுகவை கபளீகரம் செய்து விட்டது பாஜக- கம்யூனிஸ்ட் கட்சி குற்றச்சாட்டு…,Congress,0
அதிமுகவை கபளீகரம் செய்து விட்டது பாஜக- கம்யூனிஸ்ட் கட்சி குற்றச்சாட்டு…,DMK,0
அதிமுகவை கபளீகரம் செய்து விட்டது பாஜக- கம்யூனிஸ்ட் கட்சி குற்றச்சாட்டு…,NTK,0
அதிமுகவை கபளீகரம் செய்து விட்டது பாஜக- கம்யூனிஸ்ட் கட்சி குற்றச்சாட்டு…,TVK,0
neet ban drama ... # allpartymeeting # dmk,ADMK,0
neet ban drama ... # allpartymeeting # dmk,BJP,0
neet ban drama ... # allpartymeeting # dmk,Congress,0
neet ban drama ... # allpartymeeting # dmk,DMK,1
neet ban drama ... # allpartymeeting # dmk,NTK,0
neet ban drama ... # allpartymeeting # dmk,TVK,0
"பண்ருட்டி மக்களின் பயணத்தை மேலும் எளிதாக்கிய பாஜக அரசு ! நன்றி @ ashwinivaishnaw அவர்கள் , @ narendramodi @ amitshah @ ashwinivaishnaw @ rajnathsingh @ myogiadityanath @ nsitharaman @ blsanthosh @ menonarvindbjp @ reddysudhakar21 @ nainarbjp @ kesavavinayakan @ annamalai_k",ADMK,0
"பண்ருட்டி மக்களின் பயணத்தை மேலும் எளிதாக்கிய பாஜக அரசு ! நன்றி @ ashwinivaishnaw அவர்கள் , @ narendramodi @ amitshah @ ashwinivaishnaw @ rajnathsingh @ myogiadityanath @ nsitharaman @ blsanthosh @ menonarvindbjp @ reddysudhakar21 @ nainarbjp @ kesavavinayakan @ annamalai_k",BJP,1
"பண்ருட்டி மக்களின் பயணத்தை மேலும் எளிதாக்கிய பாஜக அரசு ! நன்றி @ ashwinivaishnaw அவர்கள் , @ narendramodi @ amitshah @ ashwinivaishnaw @ rajnathsingh @ myogiadityanath @ nsitharaman @ blsanthosh @ menonarvindbjp @ reddysudhakar21 @ nainarbjp @ kesavavinayakan @ annamalai_k",Congress,0
"பண்ருட்டி மக்களின் பயணத்தை மேலும் எளிதாக்கிய பாஜக அரசு ! நன்றி @ ashwinivaishnaw அவர்கள் , @ narendramodi @ amitshah @ ashwinivaishnaw @ rajnathsingh @ myogiadityanath @ nsitharaman @ blsanthosh @ menonarvindbjp @ reddysudhakar21 @ nainarbjp @ kesavavinayakan @ annamalai_k",DMK,0
"பண்ருட்டி மக்களின் பயணத்தை மேலும் எளிதாக்கிய பாஜக அரசு ! நன்றி @ ashwinivaishnaw அவர்கள் , @ narendramodi @ amitshah @ ashwinivaishnaw @ rajnathsingh @ myogiadityanath @ nsitharaman @ blsanthosh @ menonarvindbjp @ reddysudhakar21 @ nainarbjp @ kesavavinayakan @ annamalai_k",NTK,0
"பண்ருட்டி மக்களின் பயணத்தை மேலும் எளிதாக்கிய பாஜக அரசு ! நன்றி @ ashwinivaishnaw அவர்கள் , @ narendramodi @ amitshah @ ashwinivaishnaw @ rajnathsingh @ myogiadityanath @ nsitharaman @ blsanthosh @ menonarvindbjp @ reddysudhakar21 @ nainarbjp @ kesavavinayakan @ annamalai_k",TVK,0
"பொங்கல் பெருவிழா – 2026 , சென்னை மக்கள் மாளிகையில் விழாக்கோலத்துடனும் கலாசாரப் பெருமிதத்துடனும் கொண்டாடப்பட்டது . இதில் விவசாயிகள் , மீனவர்கள் , நெசவாளர்கள் , தமிழறிஞர்கள் , ஆன்மிக தலைவர்கள் , இளைஞர்கள் , சமூக ஆர்வலர்கள் மற்றும் பழங்குடியின சமூகங்களின் பிரதிநிதிகள் உள்பட சமூகத்தின் அனைத்துத் தரப்பினரும் பங்கேற்றனர் . பாரம்பரிய கலை , நாட்டுப்புற இசை மற்றும் நடனங்கள் , பொங்கலின் மகிழ்ச்சியையும் , நமது காலத்தால் அழியாத தமிழ்ப் பாரம்பரியங்களின் செழுமையையும் , தலைமுறை தலைமுறையாகக் கொண்டாடப்படும் நமது கூட்டுப் பாரம்பரியத்தையும் எதிரொலித்தன . # பொங்கல் # ஒரேபாரதம்உன்னதபாரதம் # ஆளுநர்ரவி # மக்கள்மாளிகை # தமிழ்நாடு",ADMK,0
"பொங்கல் பெருவிழா – 2026 , சென்னை மக்கள் மாளிகையில் விழாக்கோலத்துடனும் கலாசாரப் பெருமிதத்துடனும் கொண்டாடப்பட்டது . இதில் விவசாயிகள் , மீனவர்கள் , நெசவாளர்கள் , தமிழறிஞர்கள் , ஆன்மிக தலைவர்கள் , இளைஞர்கள் , சமூக ஆர்வலர்கள் மற்றும் பழங்குடியின சமூகங்களின் பிரதிநிதிகள் உள்பட சமூகத்தின் அனைத்துத் தரப்பினரும் பங்கேற்றனர் . பாரம்பரிய கலை , நாட்டுப்புற இசை மற்றும் நடனங்கள் , பொங்கலின் மகிழ்ச்சியையும் , நமது காலத்தால் அழியாத தமிழ்ப் பாரம்பரியங்களின் செழுமையையும் , தலைமுறை தலைமுறையாகக் கொண்டாடப்படும் நமது கூட்டுப் பாரம்பரியத்தையும் எதிரொலித்தன . # பொங்கல் # ஒரேபாரதம்உன்னதபாரதம் # ஆளுநர்ரவி # மக்கள்மாளிகை # தமிழ்நாடு",BJP,1
"பொங்கல் பெருவிழா – 2026 , சென்னை மக்கள் மாளிகையில் விழாக்கோலத்துடனும் கலாசாரப் பெருமிதத்துடனும் கொண்டாடப்பட்டது . இதில் விவசாயிகள் , மீனவர்கள் , நெசவாளர்கள் , தமிழறிஞர்கள் , ஆன்மிக தலைவர்கள் , இளைஞர்கள் , சமூக ஆர்வலர்கள் மற்றும் பழங்குடியின சமூகங்களின் பிரதிநிதிகள் உள்பட சமூகத்தின் அனைத்துத் தரப்பினரும் பங்கேற்றனர் . பாரம்பரிய கலை , நாட்டுப்புற இசை மற்றும் நடனங்கள் , பொங்கலின் மகிழ்ச்சியையும் , நமது காலத்தால் அழியாத தமிழ்ப் பாரம்பரியங்களின் செழுமையையும் , தலைமுறை தலைமுறையாகக் கொண்டாடப்படும் நமது கூட்டுப் பாரம்பரியத்தையும் எதிரொலித்தன . # பொங்கல் # ஒரேபாரதம்உன்னதபாரதம் # ஆளுநர்ரவி # மக்கள்மாளிகை # தமிழ்நாடு",Congress,0
"பொங்கல் பெருவிழா – 2026 , சென்னை மக்கள் மாளிகையில் விழாக்கோலத்துடனும் கலாசாரப் பெருமிதத்துடனும் கொண்டாடப்பட்டது . இதில் விவசாயிகள் , மீனவர்கள் , நெசவாளர்கள் , தமிழறிஞர்கள் , ஆன்மிக தலைவர்கள் , இளைஞர்கள் , சமூக ஆர்வலர்கள் மற்றும் பழங்குடியின சமூகங்களின் பிரதிநிதிகள் உள்பட சமூகத்தின் அனைத்துத் தரப்பினரும் பங்கேற்றனர் . பாரம்பரிய கலை , நாட்டுப்புற இசை மற்றும் நடனங்கள் , பொங்கலின் மகிழ்ச்சியையும் , நமது காலத்தால் அழியாத தமிழ்ப் பாரம்பரியங்களின் செழுமையையும் , தலைமுறை தலைமுறையாகக் கொண்டாடப்படும் நமது கூட்டுப் பாரம்பரியத்தையும் எதிரொலித்தன . # பொங்கல் # ஒரேபாரதம்உன்னதபாரதம் # ஆளுநர்ரவி # மக்கள்மாளிகை # தமிழ்நாடு",DMK,0
"பொங்கல் பெருவிழா – 2026 , சென்னை மக்கள் மாளிகையில் விழாக்கோலத்துடனும் கலாசாரப் பெருமிதத்துடனும் கொண்டாடப்பட்டது . இதில் விவசாயிகள் , மீனவர்கள் , நெசவாளர்கள் , தமிழறிஞர்கள் , ஆன்மிக தலைவர்கள் , இளைஞர்கள் , சமூக ஆர்வலர்கள் மற்றும் பழங்குடியின சமூகங்களின் பிரதிநிதிகள் உள்பட சமூகத்தின் அனைத்துத் தரப்பினரும் பங்கேற்றனர் . பாரம்பரிய கலை , நாட்டுப்புற இசை மற்றும் நடனங்கள் , பொங்கலின் மகிழ்ச்சியையும் , நமது காலத்தால் அழியாத தமிழ்ப் பாரம்பரியங்களின் செழுமையையும் , தலைமுறை தலைமுறையாகக் கொண்டாடப்படும் நமது கூட்டுப் பாரம்பரியத்தையும் எதிரொலித்தன . # பொங்கல் # ஒரேபாரதம்உன்னதபாரதம் # ஆளுநர்ரவி # மக்கள்மாளிகை # தமிழ்நாடு",NTK,0
"பொங்கல் பெருவிழா – 2026 , சென்னை மக்கள் மாளிகையில் விழாக்கோலத்துடனும் கலாசாரப் பெருமிதத்துடனும் கொண்டாடப்பட்டது . இதில் விவசாயிகள் , மீனவர்கள் , நெசவாளர்கள் , தமிழறிஞர்கள் , ஆன்மிக தலைவர்கள் , இளைஞர்கள் , சமூக ஆர்வலர்கள் மற்றும் பழங்குடியின சமூகங்களின் பிரதிநிதிகள் உள்பட சமூகத்தின் அனைத்துத் தரப்பினரும் பங்கேற்றனர் . பாரம்பரிய கலை , நாட்டுப்புற இசை மற்றும் நடனங்கள் , பொங்கலின் மகிழ்ச்சியையும் , நமது காலத்தால் அழியாத தமிழ்ப் பாரம்பரியங்களின் செழுமையையும் , தலைமுறை தலைமுறையாகக் கொண்டாடப்படும் நமது கூட்டுப் பாரம்பரியத்தையும் எதிரொலித்தன . # பொங்கல் # ஒரேபாரதம்உன்னதபாரதம் # ஆளுநர்ரவி # மக்கள்மாளிகை # தமிழ்நாடு",TVK,0
கோவில் திருவிழாவிற்கு அதிகளவில் கூட்டம் செல்வது உண்மையிலேயே நாகரீக சமூகத்திற்கு நல்ல அடையாளமாக பார்க்க முடியாது - திமுக அமைச்சர் மனோ தங்கராஜ் # dravidamodel,ADMK,0
கோவில் திருவிழாவிற்கு அதிகளவில் கூட்டம் செல்வது உண்மையிலேயே நாகரீக சமூகத்திற்கு நல்ல அடையாளமாக பார்க்க முடியாது - திமுக அமைச்சர் மனோ தங்கராஜ் # dravidamodel,BJP,0
கோவில் திருவிழாவிற்கு அதிகளவில் கூட்டம் செல்வது உண்மையிலேயே நாகரீக சமூகத்திற்கு நல்ல அடையாளமாக பார்க்க முடியாது - திமுக அமைச்சர் மனோ தங்கராஜ் # dravidamodel,Congress,0
கோவில் திருவிழாவிற்கு அதிகளவில் கூட்டம் செல்வது உண்மையிலேயே நாகரீக சமூகத்திற்கு நல்ல அடையாளமாக பார்க்க முடியாது - திமுக அமைச்சர் மனோ தங்கராஜ் # dravidamodel,DMK,1
கோவில் திருவிழாவிற்கு அதிகளவில் கூட்டம் செல்வது உண்மையிலேயே நாகரீக சமூகத்திற்கு நல்ல அடையாளமாக பார்க்க முடியாது - திமுக அமைச்சர் மனோ தங்கராஜ் # dravidamodel,NTK,0
கோவில் திருவிழாவிற்கு அதிகளவில் கூட்டம் செல்வது உண்மையிலேயே நாகரீக சமூகத்திற்கு நல்ல அடையாளமாக பார்க்க முடியாது - திமுக அமைச்சர் மனோ தங்கராஜ் # dravidamodel,TVK,0
"அன்னைத் தமிழ்நாட்டின் அறுவடைத் திருநாளில் .. நலமும் , வளமும் பெற்று நற்றமிழர் வாழ்வு சிறக்க நாளும் உழைத்திடும் தித்திக்கும் # திராவிடமாடல் அரசின் மாண்புமிகு முதலமைச்சர் ; திராவிட பேரரசர் @ mkstalin அவர்களை நேரில் சந்தித்து வாழ்த்து பெற்ற பொன்னான தருணம்… : folded_hands : :bouquet : :heart_suit : :sheaf_of_rice : :sunrise : @ udhaystalin # திராவிடப்_பொங்கல் # pongal2026 # வெல்வோம்_ஒன்றாக",ADMK,0
"அன்னைத் தமிழ்நாட்டின் அறுவடைத் திருநாளில் .. நலமும் , வளமும் பெற்று நற்றமிழர் வாழ்வு சிறக்க நாளும் உழைத்திடும் தித்திக்கும் # திராவிடமாடல் அரசின் மாண்புமிகு முதலமைச்சர் ; திராவிட பேரரசர் @ mkstalin அவர்களை நேரில் சந்தித்து வாழ்த்து பெற்ற பொன்னான தருணம்… : folded_hands : :bouquet : :heart_suit : :sheaf_of_rice : :sunrise : @ udhaystalin # திராவிடப்_பொங்கல் # pongal2026 # வெல்வோம்_ஒன்றாக",BJP,0
"அன்னைத் தமிழ்நாட்டின் அறுவடைத் திருநாளில் .. நலமும் , வளமும் பெற்று நற்றமிழர் வாழ்வு சிறக்க நாளும் உழைத்திடும் தித்திக்கும் # திராவிடமாடல் அரசின் மாண்புமிகு முதலமைச்சர் ; திராவிட பேரரசர் @ mkstalin அவர்களை நேரில் சந்தித்து வாழ்த்து பெற்ற பொன்னான தருணம்… : folded_hands : :bouquet : :heart_suit : :sheaf_of_rice : :sunrise : @ udhaystalin # திராவிடப்_பொங்கல் # pongal2026 # வெல்வோம்_ஒன்றாக",Congress,0
"அன்னைத் தமிழ்நாட்டின் அறுவடைத் திருநாளில் .. நலமும் , வளமும் பெற்று நற்றமிழர் வாழ்வு சிறக்க நாளும் உழைத்திடும் தித்திக்கும் # திராவிடமாடல் அரசின் மாண்புமிகு முதலமைச்சர் ; திராவிட பேரரசர் @ mkstalin அவர்களை நேரில் சந்தித்து வாழ்த்து பெற்ற பொன்னான தருணம்… : folded_hands : :bouquet : :heart_suit : :sheaf_of_rice : :sunrise : @ udhaystalin # திராவிடப்_பொங்கல் # pongal2026 # வெல்வோம்_ஒன்றாக",DMK,1
"அன்னைத் தமிழ்நாட்டின் அறுவடைத் திருநாளில் .. நலமும் , வளமும் பெற்று நற்றமிழர் வாழ்வு சிறக்க நாளும் உழைத்திடும் தித்திக்கும் # திராவிடமாடல் அரசின் மாண்புமிகு முதலமைச்சர் ; திராவிட பேரரசர் @ mkstalin அவர்களை நேரில் சந்தித்து வாழ்த்து பெற்ற பொன்னான தருணம்… : folded_hands : :bouquet : :heart_suit : :sheaf_of_rice : :sunrise : @ udhaystalin # திராவிடப்_பொங்கல் # pongal2026 # வெல்வோம்_ஒன்றாக",NTK,0
"அன்னைத் தமிழ்நாட்டின் அறுவடைத் திருநாளில் .. நலமும் , வளமும் பெற்று நற்றமிழர் வாழ்வு சிறக்க நாளும் உழைத்திடும் தித்திக்கும் # திராவிடமாடல் அரசின் மாண்புமிகு முதலமைச்சர் ; திராவிட பேரரசர் @ mkstalin அவர்களை நேரில் சந்தித்து வாழ்த்து பெற்ற பொன்னான தருணம்… : folded_hands : :bouquet : :heart_suit : :sheaf_of_rice : :sunrise : @ udhaystalin # திராவிடப்_பொங்கல் # pongal2026 # வெல்வோம்_ஒன்றாக",TVK,0
சிரிப்பதற்கும்… சிந்திப்பதற்கும்… # rss # dmk # bjp,ADMK,0
சிரிப்பதற்கும்… சிந்திப்பதற்கும்… # rss # dmk # bjp,BJP,1
சிரிப்பதற்கும்… சிந்திப்பதற்கும்… # rss # dmk # bjp,Congress,0
சிரிப்பதற்கும்… சிந்திப்பதற்கும்… # rss # dmk # bjp,DMK,1
சிரிப்பதற்கும்… சிந்திப்பதற்கும்… # rss # dmk # bjp,NTK,0
சிரிப்பதற்கும்… சிந்திப்பதற்கும்… # rss # dmk # bjp,TVK,0
tn bjp chief annamalai exposes massive mgnrega fraud dmk govt ... # dravidamodel,ADMK,0
tn bjp chief annamalai exposes massive mgnrega fraud dmk govt ... # dravidamodel,BJP,1
tn bjp chief annamalai exposes massive mgnrega fraud dmk govt ... # dravidamodel,Congress,0
tn bjp chief annamalai exposes massive mgnrega fraud dmk govt ... # dravidamodel,DMK,1
tn bjp chief annamalai exposes massive mgnrega fraud dmk govt ... # dravidamodel,NTK,0
tn bjp chief annamalai exposes massive mgnrega fraud dmk govt ... # dravidamodel,TVK,0
"ஆளுநர் ரவி அவர்கள் , ராமேஸ்வரத்தில் உள்ள ஸ்ரீ குருநானக் தாம் குருத்வாராவில் நடைபெற்ற ஸ்ரீ குருநானக் சத்சங் சபாவின் ஆண்டு விழாவில் பங்கேற்று , ஸ்ரீ குருகிராந்த் சாஹிப்பிற்கு நெஞ்சார்ந்து மரியாதை செலுத்தினார் . ஐநூறு ஆண்டுகளுக்கு முன்பு , பாரதம் அந்நிய ஆக்கிரமிப்பாளர்களின் அட்டூழியங்களால் துன்புற்றுக் கொண்டிருந்தபோதும் , 'இந்திய பண்பாடு ' இருத்தலியல் அச்சுறுத்தலுக்கு உள்ளாகியிருந்தபோதும் , ஸ்ரீ குருநானக் தேவ் அவர்கள் , சமூகத்தையும் நாகரிகத்தையும் காப்பதற்காக சுமார் 14 ஆண்டுகள் பாரதம் முழுவதும் பயணம் செய்தார் . அந்தப் பயணத்தின்போது ராமேஸ்வரத்தில் சுமார் ஆறு மாதங்கள் தங்கியிருந்தார் என்று எடுத்துரைத்தார் . நமது கலாசாரம் மற்றும் அடையாளத்தைக் காப்பதற்காக நமது சீக்கிய குருக்களும் வீரமிக்க சாஹிப்ஸாதாக்களும் செய்த அளப்பரிய தியாகங்களை ஆளுநர் நினைவு கூர்ந்ததுடன் , அவை தற்போதைய காலத்துடன் எவ்வாறு பொருந்துகிறது என்பதையும் வலியுறுத்தினார் . அந்தத் தியாகங்களிலிருந்து நமது இளைஞர்கள் உத்வேகம் பெற்று , புத்துணர்ச்சியுடனும் உறுதியான சங்கல்பத்துடனும் ' விக்ஸித் பாரத் 2047 ' ( வளர்ச்சியடைந்த பாரதம் 2047 ) என்ற இலக்கை உருவாக்க வேண்டும் என்றும் ஆளுநர் கேட்டுக்கொண்டார் .",ADMK,0
"ஆளுநர் ரவி அவர்கள் , ராமேஸ்வரத்தில் உள்ள ஸ்ரீ குருநானக் தாம் குருத்வாராவில் நடைபெற்ற ஸ்ரீ குருநானக் சத்சங் சபாவின் ஆண்டு விழாவில் பங்கேற்று , ஸ்ரீ குருகிராந்த் சாஹிப்பிற்கு நெஞ்சார்ந்து மரியாதை செலுத்தினார் . ஐநூறு ஆண்டுகளுக்கு முன்பு , பாரதம் அந்நிய ஆக்கிரமிப்பாளர்களின் அட்டூழியங்களால் துன்புற்றுக் கொண்டிருந்தபோதும் , 'இந்திய பண்பாடு ' இருத்தலியல் அச்சுறுத்தலுக்கு உள்ளாகியிருந்தபோதும் , ஸ்ரீ குருநானக் தேவ் அவர்கள் , சமூகத்தையும் நாகரிகத்தையும் காப்பதற்காக சுமார் 14 ஆண்டுகள் பாரதம் முழுவதும் பயணம் செய்தார் . அந்தப் பயணத்தின்போது ராமேஸ்வரத்தில் சுமார் ஆறு மாதங்கள் தங்கியிருந்தார் என்று எடுத்துரைத்தார் . நமது கலாசாரம் மற்றும் அடையாளத்தைக் காப்பதற்காக நமது சீக்கிய குருக்களும் வீரமிக்க சாஹிப்ஸாதாக்களும் செய்த அளப்பரிய தியாகங்களை ஆளுநர் நினைவு கூர்ந்ததுடன் , அவை தற்போதைய காலத்துடன் எவ்வாறு பொருந்துகிறது என்பதையும் வலியுறுத்தினார் . அந்தத் தியாகங்களிலிருந்து நமது இளைஞர்கள் உத்வேகம் பெற்று , புத்துணர்ச்சியுடனும் உறுதியான சங்கல்பத்துடனும் ' விக்ஸித் பாரத் 2047 ' ( வளர்ச்சியடைந்த பாரதம் 2047 ) என்ற இலக்கை உருவாக்க வேண்டும் என்றும் ஆளுநர் கேட்டுக்கொண்டார் .",BJP,1
"ஆளுநர் ரவி அவர்கள் , ராமேஸ்வரத்தில் உள்ள ஸ்ரீ குருநானக் தாம் குருத்வாராவில் நடைபெற்ற ஸ்ரீ குருநானக் சத்சங் சபாவின் ஆண்டு விழாவில் பங்கேற்று , ஸ்ரீ குருகிராந்த் சாஹிப்பிற்கு நெஞ்சார்ந்து மரியாதை செலுத்தினார் . ஐநூறு ஆண்டுகளுக்கு முன்பு , பாரதம் அந்நிய ஆக்கிரமிப்பாளர்களின் அட்டூழியங்களால் துன்புற்றுக் கொண்டிருந்தபோதும் , 'இந்திய பண்பாடு ' இருத்தலியல் அச்சுறுத்தலுக்கு உள்ளாகியிருந்தபோதும் , ஸ்ரீ குருநானக் தேவ் அவர்கள் , சமூகத்தையும் நாகரிகத்தையும் காப்பதற்காக சுமார் 14 ஆண்டுகள் பாரதம் முழுவதும் பயணம் செய்தார் . அந்தப் பயணத்தின்போது ராமேஸ்வரத்தில் சுமார் ஆறு மாதங்கள் தங்கியிருந்தார் என்று எடுத்துரைத்தார் . நமது கலாசாரம் மற்றும் அடையாளத்தைக் காப்பதற்காக நமது சீக்கிய குருக்களும் வீரமிக்க சாஹிப்ஸாதாக்களும் செய்த அளப்பரிய தியாகங்களை ஆளுநர் நினைவு கூர்ந்ததுடன் , அவை தற்போதைய காலத்துடன் எவ்வாறு பொருந்துகிறது என்பதையும் வலியுறுத்தினார் . அந்தத் தியாகங்களிலிருந்து நமது இளைஞர்கள் உத்வேகம் பெற்று , புத்துணர்ச்சியுடனும் உறுதியான சங்கல்பத்துடனும் ' விக்ஸித் பாரத் 2047 ' ( வளர்ச்சியடைந்த பாரதம் 2047 ) என்ற இலக்கை உருவாக்க வேண்டும் என்றும் ஆளுநர் கேட்டுக்கொண்டார் .",Congress,0
"ஆளுநர் ரவி அவர்கள் , ராமேஸ்வரத்தில் உள்ள ஸ்ரீ குருநானக் தாம் குருத்வாராவில் நடைபெற்ற ஸ்ரீ குருநானக் சத்சங் சபாவின் ஆண்டு விழாவில் பங்கேற்று , ஸ்ரீ குருகிராந்த் சாஹிப்பிற்கு நெஞ்சார்ந்து மரியாதை செலுத்தினார் . ஐநூறு ஆண்டுகளுக்கு முன்பு , பாரதம் அந்நிய ஆக்கிரமிப்பாளர்களின் அட்டூழியங்களால் துன்புற்றுக் கொண்டிருந்தபோதும் , 'இந்திய பண்பாடு ' இருத்தலியல் அச்சுறுத்தலுக்கு உள்ளாகியிருந்தபோதும் , ஸ்ரீ குருநானக் தேவ் அவர்கள் , சமூகத்தையும் நாகரிகத்தையும் காப்பதற்காக சுமார் 14 ஆண்டுகள் பாரதம் முழுவதும் பயணம் செய்தார் . அந்தப் பயணத்தின்போது ராமேஸ்வரத்தில் சுமார் ஆறு மாதங்கள் தங்கியிருந்தார் என்று எடுத்துரைத்தார் . நமது கலாசாரம் மற்றும் அடையாளத்தைக் காப்பதற்காக நமது சீக்கிய குருக்களும் வீரமிக்க சாஹிப்ஸாதாக்களும் செய்த அளப்பரிய தியாகங்களை ஆளுநர் நினைவு கூர்ந்ததுடன் , அவை தற்போதைய காலத்துடன் எவ்வாறு பொருந்துகிறது என்பதையும் வலியுறுத்தினார் . அந்தத் தியாகங்களிலிருந்து நமது இளைஞர்கள் உத்வேகம் பெற்று , புத்துணர்ச்சியுடனும் உறுதியான சங்கல்பத்துடனும் ' விக்ஸித் பாரத் 2047 ' ( வளர்ச்சியடைந்த பாரதம் 2047 ) என்ற இலக்கை உருவாக்க வேண்டும் என்றும் ஆளுநர் கேட்டுக்கொண்டார் .",DMK,0
"ஆளுநர் ரவி அவர்கள் , ராமேஸ்வரத்தில் உள்ள ஸ்ரீ குருநானக் தாம் குருத்வாராவில் நடைபெற்ற ஸ்ரீ குருநானக் சத்சங் சபாவின் ஆண்டு விழாவில் பங்கேற்று , ஸ்ரீ குருகிராந்த் சாஹிப்பிற்கு நெஞ்சார்ந்து மரியாதை செலுத்தினார் . ஐநூறு ஆண்டுகளுக்கு முன்பு , பாரதம் அந்நிய ஆக்கிரமிப்பாளர்களின் அட்டூழியங்களால் துன்புற்றுக் கொண்டிருந்தபோதும் , 'இந்திய பண்பாடு ' இருத்தலியல் அச்சுறுத்தலுக்கு உள்ளாகியிருந்தபோதும் , ஸ்ரீ குருநானக் தேவ் அவர்கள் , சமூகத்தையும் நாகரிகத்தையும் காப்பதற்காக சுமார் 14 ஆண்டுகள் பாரதம் முழுவதும் பயணம் செய்தார் . அந்தப் பயணத்தின்போது ராமேஸ்வரத்தில் சுமார் ஆறு மாதங்கள் தங்கியிருந்தார் என்று எடுத்துரைத்தார் . நமது கலாசாரம் மற்றும் அடையாளத்தைக் காப்பதற்காக நமது சீக்கிய குருக்களும் வீரமிக்க சாஹிப்ஸாதாக்களும் செய்த அளப்பரிய தியாகங்களை ஆளுநர் நினைவு கூர்ந்ததுடன் , அவை தற்போதைய காலத்துடன் எவ்வாறு பொருந்துகிறது என்பதையும் வலியுறுத்தினார் . அந்தத் தியாகங்களிலிருந்து நமது இளைஞர்கள் உத்வேகம் பெற்று , புத்துணர்ச்சியுடனும் உறுதியான சங்கல்பத்துடனும் ' விக்ஸித் பாரத் 2047 ' ( வளர்ச்சியடைந்த பாரதம் 2047 ) என்ற இலக்கை உருவாக்க வேண்டும் என்றும் ஆளுநர் கேட்டுக்கொண்டார் .",NTK,0
"ஆளுநர் ரவி அவர்கள் , ராமேஸ்வரத்தில் உள்ள ஸ்ரீ குருநானக் தாம் குருத்வாராவில் நடைபெற்ற ஸ்ரீ குருநானக் சத்சங் சபாவின் ஆண்டு விழாவில் பங்கேற்று , ஸ்ரீ குருகிராந்த் சாஹிப்பிற்கு நெஞ்சார்ந்து மரியாதை செலுத்தினார் . ஐநூறு ஆண்டுகளுக்கு முன்பு , பாரதம் அந்நிய ஆக்கிரமிப்பாளர்களின் அட்டூழியங்களால் துன்புற்றுக் கொண்டிருந்தபோதும் , 'இந்திய பண்பாடு ' இருத்தலியல் அச்சுறுத்தலுக்கு உள்ளாகியிருந்தபோதும் , ஸ்ரீ குருநானக் தேவ் அவர்கள் , சமூகத்தையும் நாகரிகத்தையும் காப்பதற்காக சுமார் 14 ஆண்டுகள் பாரதம் முழுவதும் பயணம் செய்தார் . அந்தப் பயணத்தின்போது ராமேஸ்வரத்தில் சுமார் ஆறு மாதங்கள் தங்கியிருந்தார் என்று எடுத்துரைத்தார் . நமது கலாசாரம் மற்றும் அடையாளத்தைக் காப்பதற்காக நமது சீக்கிய குருக்களும் வீரமிக்க சாஹிப்ஸாதாக்களும் செய்த அளப்பரிய தியாகங்களை ஆளுநர் நினைவு கூர்ந்ததுடன் , அவை தற்போதைய காலத்துடன் எவ்வாறு பொருந்துகிறது என்பதையும் வலியுறுத்தினார் . அந்தத் தியாகங்களிலிருந்து நமது இளைஞர்கள் உத்வேகம் பெற்று , புத்துணர்ச்சியுடனும் உறுதியான சங்கல்பத்துடனும் ' விக்ஸித் பாரத் 2047 ' ( வளர்ச்சியடைந்த பாரதம் 2047 ) என்ற இலக்கை உருவாக்க வேண்டும் என்றும் ஆளுநர் கேட்டுக்கொண்டார் .",TVK,0
“ போராட்டம் எதற்கு என்று தெரியாத கட்சி தவெக '' - அண்ணாமலை # annamalai # tvk # waqfamendmentbill,ADMK,0
“ போராட்டம் எதற்கு என்று தெரியாத கட்சி தவெக '' - அண்ணாமலை # annamalai # tvk # waqfamendmentbill,BJP,1
“ போராட்டம் எதற்கு என்று தெரியாத கட்சி தவெக '' - அண்ணாமலை # annamalai # tvk # waqfamendmentbill,Congress,0
“ போராட்டம் எதற்கு என்று தெரியாத கட்சி தவெக '' - அண்ணாமலை # annamalai # tvk # waqfamendmentbill,DMK,0
“ போராட்டம் எதற்கு என்று தெரியாத கட்சி தவெக '' - அண்ணாமலை # annamalai # tvk # waqfamendmentbill,NTK,0
“ போராட்டம் எதற்கு என்று தெரியாத கட்சி தவெக '' - அண்ணாமலை # annamalai # tvk # waqfamendmentbill,TVK,0
"பகுதி நேர ஆசிரியர்களைப் பணி நிரந்தரம் செய்வோம் என , கடந்த இரண்டு சட்டமன்றத் தேர்தல்களாக திமுக கொடுத்த தேர்தல் வாக்குறுதியை நிறைவேற்றக் கோரி , தற்கொலை முயற்சியில் ஈடுபட்ட , திரு . கண்ணன் என்ற ஆசிரியர் , சிகிச்சை பலனின்றி உயிரிழந்தார் என்ற செய்தி மிகுந்த வருத்தமளிக்கிறது . அவரது குடும்பத்தினருக்கு , ஆழ்ந்த இரங்கல்களைத் தெரிவித்துக் கொள்கிறேன் . எத்தனை கடினமான சூழலில் வாழ்க்கை இருந்திருந்தால் , தற்கொலை என்ற மிக மோசமான முடிவை எடுக்கும் சூழலுக்கு , ஆசிரியர் திரு . கண்ணன் தள்ளப்பட்டிருப்பார் என்பது குறித்து , முதலமைச்சர் திரு @ mkstalin அவர்களுக்கு , எந்தக் கவலையும் இல்லை . பணி நிரந்தரம் கோரிப் போராடும் ஆசிரியர்களுடன் பேச்சுவார்த்தை நடத்துகிறோம் என்ற பெயரில் , வெறும் ₹2,500 ஊதிய உயர்வு வழங்குவதாக அறிவித்திருக்கிறது திமுக அரசு . பகுதி நேர ஆசிரியர்களின் ஒரே கோரிக்கை பணி நிரந்தரம் மட்டுமே . ஆனால் , அதைக் குறித்து , எந்த அறிவிப்பும் வெளியிடவில்லை . வாக்குறுதியை நிறைவேற்றுவார்கள் என்ற நம்பிக்கையில் இத்தனை ஆண்டு காலம் காத்திருந்த ஆசிரியப் பெருமக்களுக்கு , திமுக செய்திருப்பது மிகப்பெரிய நம்பிக்கைத் துரோகம் . ஊழல் பணத்தில் கொழுத்துத் திரியும் திமுகவினருக்கு , சாதாரண பொதுமக்களின் வலியும் , வாழ்க்கையும் எப்படிப் புரியும் ?",ADMK,0
"பகுதி நேர ஆசிரியர்களைப் பணி நிரந்தரம் செய்வோம் என , கடந்த இரண்டு சட்டமன்றத் தேர்தல்களாக திமுக கொடுத்த தேர்தல் வாக்குறுதியை நிறைவேற்றக் கோரி , தற்கொலை முயற்சியில் ஈடுபட்ட , திரு . கண்ணன் என்ற ஆசிரியர் , சிகிச்சை பலனின்றி உயிரிழந்தார் என்ற செய்தி மிகுந்த வருத்தமளிக்கிறது . அவரது குடும்பத்தினருக்கு , ஆழ்ந்த இரங்கல்களைத் தெரிவித்துக் கொள்கிறேன் . எத்தனை கடினமான சூழலில் வாழ்க்கை இருந்திருந்தால் , தற்கொலை என்ற மிக மோசமான முடிவை எடுக்கும் சூழலுக்கு , ஆசிரியர் திரு . கண்ணன் தள்ளப்பட்டிருப்பார் என்பது குறித்து , முதலமைச்சர் திரு @ mkstalin அவர்களுக்கு , எந்தக் கவலையும் இல்லை . பணி நிரந்தரம் கோரிப் போராடும் ஆசிரியர்களுடன் பேச்சுவார்த்தை நடத்துகிறோம் என்ற பெயரில் , வெறும் ₹2,500 ஊதிய உயர்வு வழங்குவதாக அறிவித்திருக்கிறது திமுக அரசு . பகுதி நேர ஆசிரியர்களின் ஒரே கோரிக்கை பணி நிரந்தரம் மட்டுமே . ஆனால் , அதைக் குறித்து , எந்த அறிவிப்பும் வெளியிடவில்லை . வாக்குறுதியை நிறைவேற்றுவார்கள் என்ற நம்பிக்கையில் இத்தனை ஆண்டு காலம் காத்திருந்த ஆசிரியப் பெருமக்களுக்கு , திமுக செய்திருப்பது மிகப்பெரிய நம்பிக்கைத் துரோகம் . ஊழல் பணத்தில் கொழுத்துத் திரியும் திமுகவினருக்கு , சாதாரண பொதுமக்களின் வலியும் , வாழ்க்கையும் எப்படிப் புரியும் ?",BJP,0
"பகுதி நேர ஆசிரியர்களைப் பணி நிரந்தரம் செய்வோம் என , கடந்த இரண்டு சட்டமன்றத் தேர்தல்களாக திமுக கொடுத்த தேர்தல் வாக்குறுதியை நிறைவேற்றக் கோரி , தற்கொலை முயற்சியில் ஈடுபட்ட , திரு . கண்ணன் என்ற ஆசிரியர் , சிகிச்சை பலனின்றி உயிரிழந்தார் என்ற செய்தி மிகுந்த வருத்தமளிக்கிறது . அவரது குடும்பத்தினருக்கு , ஆழ்ந்த இரங்கல்களைத் தெரிவித்துக் கொள்கிறேன் . எத்தனை கடினமான சூழலில் வாழ்க்கை இருந்திருந்தால் , தற்கொலை என்ற மிக மோசமான முடிவை எடுக்கும் சூழலுக்கு , ஆசிரியர் திரு . கண்ணன் தள்ளப்பட்டிருப்பார் என்பது குறித்து , முதலமைச்சர் திரு @ mkstalin அவர்களுக்கு , எந்தக் கவலையும் இல்லை . பணி நிரந்தரம் கோரிப் போராடும் ஆசிரியர்களுடன் பேச்சுவார்த்தை நடத்துகிறோம் என்ற பெயரில் , வெறும் ₹2,500 ஊதிய உயர்வு வழங்குவதாக அறிவித்திருக்கிறது திமுக அரசு . பகுதி நேர ஆசிரியர்களின் ஒரே கோரிக்கை பணி நிரந்தரம் மட்டுமே . ஆனால் , அதைக் குறித்து , எந்த அறிவிப்பும் வெளியிடவில்லை . வாக்குறுதியை நிறைவேற்றுவார்கள் என்ற நம்பிக்கையில் இத்தனை ஆண்டு காலம் காத்திருந்த ஆசிரியப் பெருமக்களுக்கு , திமுக செய்திருப்பது மிகப்பெரிய நம்பிக்கைத் துரோகம் . ஊழல் பணத்தில் கொழுத்துத் திரியும் திமுகவினருக்கு , சாதாரண பொதுமக்களின் வலியும் , வாழ்க்கையும் எப்படிப் புரியும் ?",Congress,0
"பகுதி நேர ஆசிரியர்களைப் பணி நிரந்தரம் செய்வோம் என , கடந்த இரண்டு சட்டமன்றத் தேர்தல்களாக திமுக கொடுத்த தேர்தல் வாக்குறுதியை நிறைவேற்றக் கோரி , தற்கொலை முயற்சியில் ஈடுபட்ட , திரு . கண்ணன் என்ற ஆசிரியர் , சிகிச்சை பலனின்றி உயிரிழந்தார் என்ற செய்தி மிகுந்த வருத்தமளிக்கிறது . அவரது குடும்பத்தினருக்கு , ஆழ்ந்த இரங்கல்களைத் தெரிவித்துக் கொள்கிறேன் . எத்தனை கடினமான சூழலில் வாழ்க்கை இருந்திருந்தால் , தற்கொலை என்ற மிக மோசமான முடிவை எடுக்கும் சூழலுக்கு , ஆசிரியர் திரு . கண்ணன் தள்ளப்பட்டிருப்பார் என்பது குறித்து , முதலமைச்சர் திரு @ mkstalin அவர்களுக்கு , எந்தக் கவலையும் இல்லை . பணி நிரந்தரம் கோரிப் போராடும் ஆசிரியர்களுடன் பேச்சுவார்த்தை நடத்துகிறோம் என்ற பெயரில் , வெறும் ₹2,500 ஊதிய உயர்வு வழங்குவதாக அறிவித்திருக்கிறது திமுக அரசு . பகுதி நேர ஆசிரியர்களின் ஒரே கோரிக்கை பணி நிரந்தரம் மட்டுமே . ஆனால் , அதைக் குறித்து , எந்த அறிவிப்பும் வெளியிடவில்லை . வாக்குறுதியை நிறைவேற்றுவார்கள் என்ற நம்பிக்கையில் இத்தனை ஆண்டு காலம் காத்திருந்த ஆசிரியப் பெருமக்களுக்கு , திமுக செய்திருப்பது மிகப்பெரிய நம்பிக்கைத் துரோகம் . ஊழல் பணத்தில் கொழுத்துத் திரியும் திமுகவினருக்கு , சாதாரண பொதுமக்களின் வலியும் , வாழ்க்கையும் எப்படிப் புரியும் ?",DMK,1
"பகுதி நேர ஆசிரியர்களைப் பணி நிரந்தரம் செய்வோம் என , கடந்த இரண்டு சட்டமன்றத் தேர்தல்களாக திமுக கொடுத்த தேர்தல் வாக்குறுதியை நிறைவேற்றக் கோரி , தற்கொலை முயற்சியில் ஈடுபட்ட , திரு . கண்ணன் என்ற ஆசிரியர் , சிகிச்சை பலனின்றி உயிரிழந்தார் என்ற செய்தி மிகுந்த வருத்தமளிக்கிறது . அவரது குடும்பத்தினருக்கு , ஆழ்ந்த இரங்கல்களைத் தெரிவித்துக் கொள்கிறேன் . எத்தனை கடினமான சூழலில் வாழ்க்கை இருந்திருந்தால் , தற்கொலை என்ற மிக மோசமான முடிவை எடுக்கும் சூழலுக்கு , ஆசிரியர் திரு . கண்ணன் தள்ளப்பட்டிருப்பார் என்பது குறித்து , முதலமைச்சர் திரு @ mkstalin அவர்களுக்கு , எந்தக் கவலையும் இல்லை . பணி நிரந்தரம் கோரிப் போராடும் ஆசிரியர்களுடன் பேச்சுவார்த்தை நடத்துகிறோம் என்ற பெயரில் , வெறும் ₹2,500 ஊதிய உயர்வு வழங்குவதாக அறிவித்திருக்கிறது திமுக அரசு . பகுதி நேர ஆசிரியர்களின் ஒரே கோரிக்கை பணி நிரந்தரம் மட்டுமே . ஆனால் , அதைக் குறித்து , எந்த அறிவிப்பும் வெளியிடவில்லை . வாக்குறுதியை நிறைவேற்றுவார்கள் என்ற நம்பிக்கையில் இத்தனை ஆண்டு காலம் காத்திருந்த ஆசிரியப் பெருமக்களுக்கு , திமுக செய்திருப்பது மிகப்பெரிய நம்பிக்கைத் துரோகம் . ஊழல் பணத்தில் கொழுத்துத் திரியும் திமுகவினருக்கு , சாதாரண பொதுமக்களின் வலியும் , வாழ்க்கையும் எப்படிப் புரியும் ?",NTK,0
"பகுதி நேர ஆசிரியர்களைப் பணி நிரந்தரம் செய்வோம் என , கடந்த இரண்டு சட்டமன்றத் தேர்தல்களாக திமுக கொடுத்த தேர்தல் வாக்குறுதியை நிறைவேற்றக் கோரி , தற்கொலை முயற்சியில் ஈடுபட்ட , திரு . கண்ணன் என்ற ஆசிரியர் , சிகிச்சை பலனின்றி உயிரிழந்தார் என்ற செய்தி மிகுந்த வருத்தமளிக்கிறது . அவரது குடும்பத்தினருக்கு , ஆழ்ந்த இரங்கல்களைத் தெரிவித்துக் கொள்கிறேன் . எத்தனை கடினமான சூழலில் வாழ்க்கை இருந்திருந்தால் , தற்கொலை என்ற மிக மோசமான முடிவை எடுக்கும் சூழலுக்கு , ஆசிரியர் திரு . கண்ணன் தள்ளப்பட்டிருப்பார் என்பது குறித்து , முதலமைச்சர் திரு @ mkstalin அவர்களுக்கு , எந்தக் கவலையும் இல்லை . பணி நிரந்தரம் கோரிப் போராடும் ஆசிரியர்களுடன் பேச்சுவார்த்தை நடத்துகிறோம் என்ற பெயரில் , வெறும் ₹2,500 ஊதிய உயர்வு வழங்குவதாக அறிவித்திருக்கிறது திமுக அரசு . பகுதி நேர ஆசிரியர்களின் ஒரே கோரிக்கை பணி நிரந்தரம் மட்டுமே . ஆனால் , அதைக் குறித்து , எந்த அறிவிப்பும் வெளியிடவில்லை . வாக்குறுதியை நிறைவேற்றுவார்கள் என்ற நம்பிக்கையில் இத்தனை ஆண்டு காலம் காத்திருந்த ஆசிரியப் பெருமக்களுக்கு , திமுக செய்திருப்பது மிகப்பெரிய நம்பிக்கைத் துரோகம் . ஊழல் பணத்தில் கொழுத்துத் திரியும் திமுகவினருக்கு , சாதாரண பொதுமக்களின் வலியும் , வாழ்க்கையும் எப்படிப் புரியும் ?",TVK,0
சபரிமலை - திருப்பரங்குன்றம் விவகாரங்களில் எங்களின் நிலைபாடு எப்போதும் சமமாக தான் உள்ளது - முன்னாள் மாநிலத் தலைவர் திரு . @ annamalai_kuppusamy அவர்கள் !,ADMK,0
சபரிமலை - திருப்பரங்குன்றம் விவகாரங்களில் எங்களின் நிலைபாடு எப்போதும் சமமாக தான் உள்ளது - முன்னாள் மாநிலத் தலைவர் திரு . @ annamalai_kuppusamy அவர்கள் !,BJP,1
சபரிமலை - திருப்பரங்குன்றம் விவகாரங்களில் எங்களின் நிலைபாடு எப்போதும் சமமாக தான் உள்ளது - முன்னாள் மாநிலத் தலைவர் திரு . @ annamalai_kuppusamy அவர்கள் !,Congress,0
சபரிமலை - திருப்பரங்குன்றம் விவகாரங்களில் எங்களின் நிலைபாடு எப்போதும் சமமாக தான் உள்ளது - முன்னாள் மாநிலத் தலைவர் திரு . @ annamalai_kuppusamy அவர்கள் !,DMK,0
சபரிமலை - திருப்பரங்குன்றம் விவகாரங்களில் எங்களின் நிலைபாடு எப்போதும் சமமாக தான் உள்ளது - முன்னாள் மாநிலத் தலைவர் திரு . @ annamalai_kuppusamy அவர்கள் !,NTK,0
சபரிமலை - திருப்பரங்குன்றம் விவகாரங்களில் எங்களின் நிலைபாடு எப்போதும் சமமாக தான் உள்ளது - முன்னாள் மாநிலத் தலைவர் திரு . @ annamalai_kuppusamy அவர்கள் !,TVK,0
# vijay fans கிட்ட நம்ம சொல்ல நினைச்சத தெளிவா சொல்லிட்டா jk : saluting_face : # parasakthi,ADMK,0
# vijay fans கிட்ட நம்ம சொல்ல நினைச்சத தெளிவா சொல்லிட்டா jk : saluting_face : # parasakthi,BJP,0
# vijay fans கிட்ட நம்ம சொல்ல நினைச்சத தெளிவா சொல்லிட்டா jk : saluting_face : # parasakthi,Congress,0
# vijay fans கிட்ட நம்ம சொல்ல நினைச்சத தெளிவா சொல்லிட்டா jk : saluting_face : # parasakthi,DMK,0
# vijay fans கிட்ட நம்ம சொல்ல நினைச்சத தெளிவா சொல்லிட்டா jk : saluting_face : # parasakthi,NTK,0
# vijay fans கிட்ட நம்ம சொல்ல நினைச்சத தெளிவா சொல்லிட்டா jk : saluting_face : # parasakthi,TVK,1
"மும்பை மாநகராட்சி கைப்பற்றுகிறது பாஜக கூட்டணி : - அருமையாக வேலை செய்து அண்ணாமலை மேஜிக் ... : backhand_index_pointing_right : ட்ரிபிள் என்ஜின் சர்க்கார் மத்தியில் மோடி அரசாங்கம் , மாநிலத்தில் தேவேந்திரபட்னாவிஸ் அரசாங்கம் , மும்பை மாநகராட்சியிலும் பிஜேபி வந்தால் மும்பை வளம் பெறும் என்ற பேச்சு பெரிய அளவில் எடுபட்டது . : backhand_index_pointing_right : மும்பையில் உள்ள தென் மாநிலத்தவர் , குஜராத்திகள் , ராஜஸ்தானி மக்கள் வடஇந்திய மக்கள் அனைவருக்கும் அண்ணாமலைக்கு எதிராக ராஜ் தாக்கரே சொன்ன வார்த்தை நேரிடலை ஏற்படுத்தியது . இதன் விளைவு மும்பை வாக்காளர்களில் 45 சதவீத வெளி மாநில வாக்காளர்கள் பாஜக பக்கம் திரும்பினார்கள் . வாழ்த்துக்கள் @ annamalai_k",ADMK,0
"மும்பை மாநகராட்சி கைப்பற்றுகிறது பாஜக கூட்டணி : - அருமையாக வேலை செய்து அண்ணாமலை மேஜிக் ... : backhand_index_pointing_right : ட்ரிபிள் என்ஜின் சர்க்கார் மத்தியில் மோடி அரசாங்கம் , மாநிலத்தில் தேவேந்திரபட்னாவிஸ் அரசாங்கம் , மும்பை மாநகராட்சியிலும் பிஜேபி வந்தால் மும்பை வளம் பெறும் என்ற பேச்சு பெரிய அளவில் எடுபட்டது . : backhand_index_pointing_right : மும்பையில் உள்ள தென் மாநிலத்தவர் , குஜராத்திகள் , ராஜஸ்தானி மக்கள் வடஇந்திய மக்கள் அனைவருக்கும் அண்ணாமலைக்கு எதிராக ராஜ் தாக்கரே சொன்ன வார்த்தை நேரிடலை ஏற்படுத்தியது . இதன் விளைவு மும்பை வாக்காளர்களில் 45 சதவீத வெளி மாநில வாக்காளர்கள் பாஜக பக்கம் திரும்பினார்கள் . வாழ்த்துக்கள் @ annamalai_k",BJP,1
"மும்பை மாநகராட்சி கைப்பற்றுகிறது பாஜக கூட்டணி : - அருமையாக வேலை செய்து அண்ணாமலை மேஜிக் ... : backhand_index_pointing_right : ட்ரிபிள் என்ஜின் சர்க்கார் மத்தியில் மோடி அரசாங்கம் , மாநிலத்தில் தேவேந்திரபட்னாவிஸ் அரசாங்கம் , மும்பை மாநகராட்சியிலும் பிஜேபி வந்தால் மும்பை வளம் பெறும் என்ற பேச்சு பெரிய அளவில் எடுபட்டது . : backhand_index_pointing_right : மும்பையில் உள்ள தென் மாநிலத்தவர் , குஜராத்திகள் , ராஜஸ்தானி மக்கள் வடஇந்திய மக்கள் அனைவருக்கும் அண்ணாமலைக்கு எதிராக ராஜ் தாக்கரே சொன்ன வார்த்தை நேரிடலை ஏற்படுத்தியது . இதன் விளைவு மும்பை வாக்காளர்களில் 45 சதவீத வெளி மாநில வாக்காளர்கள் பாஜக பக்கம் திரும்பினார்கள் . வாழ்த்துக்கள் @ annamalai_k",Congress,0
"மும்பை மாநகராட்சி கைப்பற்றுகிறது பாஜக கூட்டணி : - அருமையாக வேலை செய்து அண்ணாமலை மேஜிக் ... : backhand_index_pointing_right : ட்ரிபிள் என்ஜின் சர்க்கார் மத்தியில் மோடி அரசாங்கம் , மாநிலத்தில் தேவேந்திரபட்னாவிஸ் அரசாங்கம் , மும்பை மாநகராட்சியிலும் பிஜேபி வந்தால் மும்பை வளம் பெறும் என்ற பேச்சு பெரிய அளவில் எடுபட்டது . : backhand_index_pointing_right : மும்பையில் உள்ள தென் மாநிலத்தவர் , குஜராத்திகள் , ராஜஸ்தானி மக்கள் வடஇந்திய மக்கள் அனைவருக்கும் அண்ணாமலைக்கு எதிராக ராஜ் தாக்கரே சொன்ன வார்த்தை நேரிடலை ஏற்படுத்தியது . இதன் விளைவு மும்பை வாக்காளர்களில் 45 சதவீத வெளி மாநில வாக்காளர்கள் பாஜக பக்கம் திரும்பினார்கள் . வாழ்த்துக்கள் @ annamalai_k",DMK,0
"மும்பை மாநகராட்சி கைப்பற்றுகிறது பாஜக கூட்டணி : - அருமையாக வேலை செய்து அண்ணாமலை மேஜிக் ... : backhand_index_pointing_right : ட்ரிபிள் என்ஜின் சர்க்கார் மத்தியில் மோடி அரசாங்கம் , மாநிலத்தில் தேவேந்திரபட்னாவிஸ் அரசாங்கம் , மும்பை மாநகராட்சியிலும் பிஜேபி வந்தால் மும்பை வளம் பெறும் என்ற பேச்சு பெரிய அளவில் எடுபட்டது . : backhand_index_pointing_right : மும்பையில் உள்ள தென் மாநிலத்தவர் , குஜராத்திகள் , ராஜஸ்தானி மக்கள் வடஇந்திய மக்கள் அனைவருக்கும் அண்ணாமலைக்கு எதிராக ராஜ் தாக்கரே சொன்ன வார்த்தை நேரிடலை ஏற்படுத்தியது . இதன் விளைவு மும்பை வாக்காளர்களில் 45 சதவீத வெளி மாநில வாக்காளர்கள் பாஜக பக்கம் திரும்பினார்கள் . வாழ்த்துக்கள் @ annamalai_k",NTK,0
"மும்பை மாநகராட்சி கைப்பற்றுகிறது பாஜக கூட்டணி : - அருமையாக வேலை செய்து அண்ணாமலை மேஜிக் ... : backhand_index_pointing_right : ட்ரிபிள் என்ஜின் சர்க்கார் மத்தியில் மோடி அரசாங்கம் , மாநிலத்தில் தேவேந்திரபட்னாவிஸ் அரசாங்கம் , மும்பை மாநகராட்சியிலும் பிஜேபி வந்தால் மும்பை வளம் பெறும் என்ற பேச்சு பெரிய அளவில் எடுபட்டது . : backhand_index_pointing_right : மும்பையில் உள்ள தென் மாநிலத்தவர் , குஜராத்திகள் , ராஜஸ்தானி மக்கள் வடஇந்திய மக்கள் அனைவருக்கும் அண்ணாமலைக்கு எதிராக ராஜ் தாக்கரே சொன்ன வார்த்தை நேரிடலை ஏற்படுத்தியது . இதன் விளைவு மும்பை வாக்காளர்களில் 45 சதவீத வெளி மாநில வாக்காளர்கள் பாஜக பக்கம் திரும்பினார்கள் . வாழ்த்துக்கள் @ annamalai_k",TVK,0
எங்கள் தளபதி விஜய் அவர்களை தொட்டா இதுதான் உங்க நிலைமை : fire : @ actorvijay,ADMK,0
எங்கள் தளபதி விஜய் அவர்களை தொட்டா இதுதான் உங்க நிலைமை : fire : @ actorvijay,BJP,0
எங்கள் தளபதி விஜய் அவர்களை தொட்டா இதுதான் உங்க நிலைமை : fire : @ actorvijay,Congress,0
எங்கள் தளபதி விஜய் அவர்களை தொட்டா இதுதான் உங்க நிலைமை : fire : @ actorvijay,DMK,0
எங்கள் தளபதி விஜய் அவர்களை தொட்டா இதுதான் உங்க நிலைமை : fire : @ actorvijay,NTK,0
எங்கள் தளபதி விஜய் அவர்களை தொட்டா இதுதான் உங்க நிலைமை : fire : @ actorvijay,TVK,1
"இவருடைய எந்த போட்டோவையும் பார்த்தாலும் , ஒரு விஷயம் மட்டும் என்னை ஆச்சரியப்படுத்திட்டே இருக்கும் ... பந்தா , பகட்டு , தோரணை எதுவும் கிடையாது . இந்த மாநிலத்தை ஆட்சி செய்த முதல்வர் என்ற தலைக்கனம் இவருடைய பாடி லாங்குவேஜ்ல பார்க்கவே முடியாது . எப்படி இவரால் இப்படி சாதாரண சராசரி மனிதனோட மனநிலையில் இருக்க முடியுது ? : thinking_face :",ADMK,0
"இவருடைய எந்த போட்டோவையும் பார்த்தாலும் , ஒரு விஷயம் மட்டும் என்னை ஆச்சரியப்படுத்திட்டே இருக்கும் ... பந்தா , பகட்டு , தோரணை எதுவும் கிடையாது . இந்த மாநிலத்தை ஆட்சி செய்த முதல்வர் என்ற தலைக்கனம் இவருடைய பாடி லாங்குவேஜ்ல பார்க்கவே முடியாது . எப்படி இவரால் இப்படி சாதாரண சராசரி மனிதனோட மனநிலையில் இருக்க முடியுது ? : thinking_face :",BJP,0
"இவருடைய எந்த போட்டோவையும் பார்த்தாலும் , ஒரு விஷயம் மட்டும் என்னை ஆச்சரியப்படுத்திட்டே இருக்கும் ... பந்தா , பகட்டு , தோரணை எதுவும் கிடையாது . இந்த மாநிலத்தை ஆட்சி செய்த முதல்வர் என்ற தலைக்கனம் இவருடைய பாடி லாங்குவேஜ்ல பார்க்கவே முடியாது . எப்படி இவரால் இப்படி சாதாரண சராசரி மனிதனோட மனநிலையில் இருக்க முடியுது ? : thinking_face :",Congress,0
"இவருடைய எந்த போட்டோவையும் பார்த்தாலும் , ஒரு விஷயம் மட்டும் என்னை ஆச்சரியப்படுத்திட்டே இருக்கும் ... பந்தா , பகட்டு , தோரணை எதுவும் கிடையாது . இந்த மாநிலத்தை ஆட்சி செய்த முதல்வர் என்ற தலைக்கனம் இவருடைய பாடி லாங்குவேஜ்ல பார்க்கவே முடியாது . எப்படி இவரால் இப்படி சாதாரண சராசரி மனிதனோட மனநிலையில் இருக்க முடியுது ? : thinking_face :",DMK,0
"இவருடைய எந்த போட்டோவையும் பார்த்தாலும் , ஒரு விஷயம் மட்டும் என்னை ஆச்சரியப்படுத்திட்டே இருக்கும் ... பந்தா , பகட்டு , தோரணை எதுவும் கிடையாது . இந்த மாநிலத்தை ஆட்சி செய்த முதல்வர் என்ற தலைக்கனம் இவருடைய பாடி லாங்குவேஜ்ல பார்க்கவே முடியாது . எப்படி இவரால் இப்படி சாதாரண சராசரி மனிதனோட மனநிலையில் இருக்க முடியுது ? : thinking_face :",NTK,0
"இவருடைய எந்த போட்டோவையும் பார்த்தாலும் , ஒரு விஷயம் மட்டும் என்னை ஆச்சரியப்படுத்திட்டே இருக்கும் ... பந்தா , பகட்டு , தோரணை எதுவும் கிடையாது . இந்த மாநிலத்தை ஆட்சி செய்த முதல்வர் என்ற தலைக்கனம் இவருடைய பாடி லாங்குவேஜ்ல பார்க்கவே முடியாது . எப்படி இவரால் இப்படி சாதாரண சராசரி மனிதனோட மனநிலையில் இருக்க முடியுது ? : thinking_face :",TVK,0
அடையாளத்திற்கும் திறமைக்கும் மரியாதை : raising_hands : 50 திருநங்கைகளை home guards-ஆக இணைத்த தமிழ்நாடு அரசு : red_heart : # tamilnadu # no1tamilnadu # tngovt # mkstalin # mkstalingovt # transgenderrights # socialjustice # inclusivegovernance,ADMK,0
அடையாளத்திற்கும் திறமைக்கும் மரியாதை : raising_hands : 50 திருநங்கைகளை home guards-ஆக இணைத்த தமிழ்நாடு அரசு : red_heart : # tamilnadu # no1tamilnadu # tngovt # mkstalin # mkstalingovt # transgenderrights # socialjustice # inclusivegovernance,BJP,0
அடையாளத்திற்கும் திறமைக்கும் மரியாதை : raising_hands : 50 திருநங்கைகளை home guards-ஆக இணைத்த தமிழ்நாடு அரசு : red_heart : # tamilnadu # no1tamilnadu # tngovt # mkstalin # mkstalingovt # transgenderrights # socialjustice # inclusivegovernance,Congress,0
அடையாளத்திற்கும் திறமைக்கும் மரியாதை : raising_hands : 50 திருநங்கைகளை home guards-ஆக இணைத்த தமிழ்நாடு அரசு : red_heart : # tamilnadu # no1tamilnadu # tngovt # mkstalin # mkstalingovt # transgenderrights # socialjustice # inclusivegovernance,DMK,1
அடையாளத்திற்கும் திறமைக்கும் மரியாதை : raising_hands : 50 திருநங்கைகளை home guards-ஆக இணைத்த தமிழ்நாடு அரசு : red_heart : # tamilnadu # no1tamilnadu # tngovt # mkstalin # mkstalingovt # transgenderrights # socialjustice # inclusivegovernance,NTK,0
அடையாளத்திற்கும் திறமைக்கும் மரியாதை : raising_hands : 50 திருநங்கைகளை home guards-ஆக இணைத்த தமிழ்நாடு அரசு : red_heart : # tamilnadu # no1tamilnadu # tngovt # mkstalin # mkstalingovt # transgenderrights # socialjustice # inclusivegovernance,TVK,0
பார்ப்பனீய கடப்பாரையா ? திராவிட புல்டோசரா ?,ADMK,0
பார்ப்பனீய கடப்பாரையா ? திராவிட புல்டோசரா ?,BJP,0
பார்ப்பனீய கடப்பாரையா ? திராவிட புல்டோசரா ?,Congress,0
பார்ப்பனீய கடப்பாரையா ? திராவிட புல்டோசரா ?,DMK,1
பார்ப்பனீய கடப்பாரையா ? திராவிட புல்டோசரா ?,NTK,1
பார்ப்பனீய கடப்பாரையா ? திராவிட புல்டோசரா ?,TVK,0
மாற்றத்தை விரும்பும் சாமானிய மக்களின் குரல் : check_mark_button : எது எப்படியோ திமுக அழிந்து போகட்டும் .. திமுக நாசமா போனா நமக்கு சந்தோஷம் தான் . # தீ_பரவட்டும் : fire : :fire :,ADMK,0
மாற்றத்தை விரும்பும் சாமானிய மக்களின் குரல் : check_mark_button : எது எப்படியோ திமுக அழிந்து போகட்டும் .. திமுக நாசமா போனா நமக்கு சந்தோஷம் தான் . # தீ_பரவட்டும் : fire : :fire :,BJP,0
மாற்றத்தை விரும்பும் சாமானிய மக்களின் குரல் : check_mark_button : எது எப்படியோ திமுக அழிந்து போகட்டும் .. திமுக நாசமா போனா நமக்கு சந்தோஷம் தான் . # தீ_பரவட்டும் : fire : :fire :,Congress,0
மாற்றத்தை விரும்பும் சாமானிய மக்களின் குரல் : check_mark_button : எது எப்படியோ திமுக அழிந்து போகட்டும் .. திமுக நாசமா போனா நமக்கு சந்தோஷம் தான் . # தீ_பரவட்டும் : fire : :fire :,DMK,1
மாற்றத்தை விரும்பும் சாமானிய மக்களின் குரல் : check_mark_button : எது எப்படியோ திமுக அழிந்து போகட்டும் .. திமுக நாசமா போனா நமக்கு சந்தோஷம் தான் . # தீ_பரவட்டும் : fire : :fire :,NTK,0
மாற்றத்தை விரும்பும் சாமானிய மக்களின் குரல் : check_mark_button : எது எப்படியோ திமுக அழிந்து போகட்டும் .. திமுக நாசமா போனா நமக்கு சந்தோஷம் தான் . # தீ_பரவட்டும் : fire : :fire :,TVK,0
சீமான் எதுக்கு கட்சி நடத்துறான் ?,ADMK,0
சீமான் எதுக்கு கட்சி நடத்துறான் ?,BJP,0
சீமான் எதுக்கு கட்சி நடத்துறான் ?,Congress,0
சீமான் எதுக்கு கட்சி நடத்துறான் ?,DMK,0
சீமான் எதுக்கு கட்சி நடத்துறான் ?,NTK,1
சீமான் எதுக்கு கட்சி நடத்துறான் ?,TVK,0
கரூரில் நடந்துள்ள துயரமான சம்பவத்திற்கு திமுக அரசின் அலட்சியமே காரணம் ! ! முன்னாள் மாநிலத் தலைவர் திரு . @ annamalai_k அவர்கள் !,ADMK,0
கரூரில் நடந்துள்ள துயரமான சம்பவத்திற்கு திமுக அரசின் அலட்சியமே காரணம் ! ! முன்னாள் மாநிலத் தலைவர் திரு . @ annamalai_k அவர்கள் !,BJP,1
கரூரில் நடந்துள்ள துயரமான சம்பவத்திற்கு திமுக அரசின் அலட்சியமே காரணம் ! ! முன்னாள் மாநிலத் தலைவர் திரு . @ annamalai_k அவர்கள் !,Congress,0
கரூரில் நடந்துள்ள துயரமான சம்பவத்திற்கு திமுக அரசின் அலட்சியமே காரணம் ! ! முன்னாள் மாநிலத் தலைவர் திரு . @ annamalai_k அவர்கள் !,DMK,1
கரூரில் நடந்துள்ள துயரமான சம்பவத்திற்கு திமுக அரசின் அலட்சியமே காரணம் ! ! முன்னாள் மாநிலத் தலைவர் திரு . @ annamalai_k அவர்கள் !,NTK,0
கரூரில் நடந்துள்ள துயரமான சம்பவத்திற்கு திமுக அரசின் அலட்சியமே காரணம் ! ! முன்னாள் மாநிலத் தலைவர் திரு . @ annamalai_k அவர்கள் !,TVK,0
பாடப்படாத தமிழ்த்தாய் வாழ்த்து ; பாடவைத்த குடியரசு துணைத் தலைவர் ! # vicepresident # news18tamilnadu |,ADMK,0
பாடப்படாத தமிழ்த்தாய் வாழ்த்து ; பாடவைத்த குடியரசு துணைத் தலைவர் ! # vicepresident # news18tamilnadu |,BJP,1
பாடப்படாத தமிழ்த்தாய் வாழ்த்து ; பாடவைத்த குடியரசு துணைத் தலைவர் ! # vicepresident # news18tamilnadu |,Congress,0
பாடப்படாத தமிழ்த்தாய் வாழ்த்து ; பாடவைத்த குடியரசு துணைத் தலைவர் ! # vicepresident # news18tamilnadu |,DMK,0
பாடப்படாத தமிழ்த்தாய் வாழ்த்து ; பாடவைத்த குடியரசு துணைத் தலைவர் ! # vicepresident # news18tamilnadu |,NTK,0
பாடப்படாத தமிழ்த்தாய் வாழ்த்து ; பாடவைத்த குடியரசு துணைத் தலைவர் ! # vicepresident # news18tamilnadu |,TVK,0
பாஜக சமத்துவ கட்சி ! திமுக தான் மதவாத கட்சி ! - முன்னாள் மாநில தலைவர் திரு . @ annamalai_k அவர்கள் அதிரடி !,ADMK,0
பாஜக சமத்துவ கட்சி ! திமுக தான் மதவாத கட்சி ! - முன்னாள் மாநில தலைவர் திரு . @ annamalai_k அவர்கள் அதிரடி !,BJP,1
பாஜக சமத்துவ கட்சி ! திமுக தான் மதவாத கட்சி ! - முன்னாள் மாநில தலைவர் திரு . @ annamalai_k அவர்கள் அதிரடி !,Congress,0
பாஜக சமத்துவ கட்சி ! திமுக தான் மதவாத கட்சி ! - முன்னாள் மாநில தலைவர் திரு . @ annamalai_k அவர்கள் அதிரடி !,DMK,1
பாஜக சமத்துவ கட்சி ! திமுக தான் மதவாத கட்சி ! - முன்னாள் மாநில தலைவர் திரு . @ annamalai_k அவர்கள் அதிரடி !,NTK,0
பாஜக சமத்துவ கட்சி ! திமுக தான் மதவாத கட்சி ! - முன்னாள் மாநில தலைவர் திரு . @ annamalai_k அவர்கள் அதிரடி !,TVK,0
humility answer building great nation ! thiru @ rahulgandhi # rahulgandhi,ADMK,0
humility answer building great nation ! thiru @ rahulgandhi # rahulgandhi,BJP,0
humility answer building great nation ! thiru @ rahulgandhi # rahulgandhi,Congress,1
humility answer building great nation ! thiru @ rahulgandhi # rahulgandhi,DMK,0
humility answer building great nation ! thiru @ rahulgandhi # rahulgandhi,NTK,0
humility answer building great nation ! thiru @ rahulgandhi # rahulgandhi,TVK,0
எங்கள் ஐயா : folded_hands : :folded_hands : @ epstamilnadu தை பிறந்து விட்டது ; தமிழகத்துக்கு நல்லது நடக்கவிருக்கிறது !,ADMK,1
எங்கள் ஐயா : folded_hands : :folded_hands : @ epstamilnadu தை பிறந்து விட்டது ; தமிழகத்துக்கு நல்லது நடக்கவிருக்கிறது !,BJP,0
எங்கள் ஐயா : folded_hands : :folded_hands : @ epstamilnadu தை பிறந்து விட்டது ; தமிழகத்துக்கு நல்லது நடக்கவிருக்கிறது !,Congress,0
எங்கள் ஐயா : folded_hands : :folded_hands : @ epstamilnadu தை பிறந்து விட்டது ; தமிழகத்துக்கு நல்லது நடக்கவிருக்கிறது !,DMK,0
எங்கள் ஐயா : folded_hands : :folded_hands : @ epstamilnadu தை பிறந்து விட்டது ; தமிழகத்துக்கு நல்லது நடக்கவிருக்கிறது !,NTK,0
எங்கள் ஐயா : folded_hands : :folded_hands : @ epstamilnadu தை பிறந்து விட்டது ; தமிழகத்துக்கு நல்லது நடக்கவிருக்கிறது !,TVK,0
"திமுகவை விட அதிக ஆண்டு ஆட்சி செய்த அதிமுக மங்குனிகளுக்கு இதெல்லாம் தோணவே இல்ல .. ! காமராஜ் ஐயா உதவியால் நம்மிடமிருந்து மூனாறை கைப்பற்றிய கேரளா இது மாதிரி 2 விட்டு செமத்தயா கல்லா கட்டுது வால்பாறை , ஏற்காடு , கொடைக்கானல் , என ஊருக்கு ஒன்னு ஏன் நம்ம விடக்கூடாது",ADMK,1
"திமுகவை விட அதிக ஆண்டு ஆட்சி செய்த அதிமுக மங்குனிகளுக்கு இதெல்லாம் தோணவே இல்ல .. ! காமராஜ் ஐயா உதவியால் நம்மிடமிருந்து மூனாறை கைப்பற்றிய கேரளா இது மாதிரி 2 விட்டு செமத்தயா கல்லா கட்டுது வால்பாறை , ஏற்காடு , கொடைக்கானல் , என ஊருக்கு ஒன்னு ஏன் நம்ம விடக்கூடாது",BJP,0
"திமுகவை விட அதிக ஆண்டு ஆட்சி செய்த அதிமுக மங்குனிகளுக்கு இதெல்லாம் தோணவே இல்ல .. ! காமராஜ் ஐயா உதவியால் நம்மிடமிருந்து மூனாறை கைப்பற்றிய கேரளா இது மாதிரி 2 விட்டு செமத்தயா கல்லா கட்டுது வால்பாறை , ஏற்காடு , கொடைக்கானல் , என ஊருக்கு ஒன்னு ஏன் நம்ம விடக்கூடாது",Congress,0
"திமுகவை விட அதிக ஆண்டு ஆட்சி செய்த அதிமுக மங்குனிகளுக்கு இதெல்லாம் தோணவே இல்ல .. ! காமராஜ் ஐயா உதவியால் நம்மிடமிருந்து மூனாறை கைப்பற்றிய கேரளா இது மாதிரி 2 விட்டு செமத்தயா கல்லா கட்டுது வால்பாறை , ஏற்காடு , கொடைக்கானல் , என ஊருக்கு ஒன்னு ஏன் நம்ம விடக்கூடாது",DMK,1
"திமுகவை விட அதிக ஆண்டு ஆட்சி செய்த அதிமுக மங்குனிகளுக்கு இதெல்லாம் தோணவே இல்ல .. ! காமராஜ் ஐயா உதவியால் நம்மிடமிருந்து மூனாறை கைப்பற்றிய கேரளா இது மாதிரி 2 விட்டு செமத்தயா கல்லா கட்டுது வால்பாறை , ஏற்காடு , கொடைக்கானல் , என ஊருக்கு ஒன்னு ஏன் நம்ம விடக்கூடாது",NTK,0
"திமுகவை விட அதிக ஆண்டு ஆட்சி செய்த அதிமுக மங்குனிகளுக்கு இதெல்லாம் தோணவே இல்ல .. ! காமராஜ் ஐயா உதவியால் நம்மிடமிருந்து மூனாறை கைப்பற்றிய கேரளா இது மாதிரி 2 விட்டு செமத்தயா கல்லா கட்டுது வால்பாறை , ஏற்காடு , கொடைக்கானல் , என ஊருக்கு ஒன்னு ஏன் நம்ம விடக்கூடாது",TVK,0
sir பற்றி @ mkstalin அவர்கள் வெளியிட்ட காமெடி வீடியோ : grinning_squinting_face : @ narendramodi @ amitshah @ rajnathsingh @ nsitharaman @ ashwinivaishnaw @ blsanthosh @ menonarvindbjp @ reddysudhakar21 @ nainarbjp @ kesavavinayakan @ annamalai_k,ADMK,0
sir பற்றி @ mkstalin அவர்கள் வெளியிட்ட காமெடி வீடியோ : grinning_squinting_face : @ narendramodi @ amitshah @ rajnathsingh @ nsitharaman @ ashwinivaishnaw @ blsanthosh @ menonarvindbjp @ reddysudhakar21 @ nainarbjp @ kesavavinayakan @ annamalai_k,BJP,1
sir பற்றி @ mkstalin அவர்கள் வெளியிட்ட காமெடி வீடியோ : grinning_squinting_face : @ narendramodi @ amitshah @ rajnathsingh @ nsitharaman @ ashwinivaishnaw @ blsanthosh @ menonarvindbjp @ reddysudhakar21 @ nainarbjp @ kesavavinayakan @ annamalai_k,Congress,0
sir பற்றி @ mkstalin அவர்கள் வெளியிட்ட காமெடி வீடியோ : grinning_squinting_face : @ narendramodi @ amitshah @ rajnathsingh @ nsitharaman @ ashwinivaishnaw @ blsanthosh @ menonarvindbjp @ reddysudhakar21 @ nainarbjp @ kesavavinayakan @ annamalai_k,DMK,1
sir பற்றி @ mkstalin அவர்கள் வெளியிட்ட காமெடி வீடியோ : grinning_squinting_face : @ narendramodi @ amitshah @ rajnathsingh @ nsitharaman @ ashwinivaishnaw @ blsanthosh @ menonarvindbjp @ reddysudhakar21 @ nainarbjp @ kesavavinayakan @ annamalai_k,NTK,0
sir பற்றி @ mkstalin அவர்கள் வெளியிட்ட காமெடி வீடியோ : grinning_squinting_face : @ narendramodi @ amitshah @ rajnathsingh @ nsitharaman @ ashwinivaishnaw @ blsanthosh @ menonarvindbjp @ reddysudhakar21 @ nainarbjp @ kesavavinayakan @ annamalai_k,TVK,0
"heartfelt birthday wishes & greetings hon eam thiru @ drsjaishankar avl . able leadership , ministry external affairs instrumental elevating india 's position global stage , nation 's diplomatic initiatives reflected strength , clarity , unwavering commitment india 's national interests , setting new benchmarks international relations . wishing wonderful year ahead filled continued success good health .",ADMK,0
"heartfelt birthday wishes & greetings hon eam thiru @ drsjaishankar avl . able leadership , ministry external affairs instrumental elevating india 's position global stage , nation 's diplomatic initiatives reflected strength , clarity , unwavering commitment india 's national interests , setting new benchmarks international relations . wishing wonderful year ahead filled continued success good health .",BJP,1
"heartfelt birthday wishes & greetings hon eam thiru @ drsjaishankar avl . able leadership , ministry external affairs instrumental elevating india 's position global stage , nation 's diplomatic initiatives reflected strength , clarity , unwavering commitment india 's national interests , setting new benchmarks international relations . wishing wonderful year ahead filled continued success good health .",Congress,0
"heartfelt birthday wishes & greetings hon eam thiru @ drsjaishankar avl . able leadership , ministry external affairs instrumental elevating india 's position global stage , nation 's diplomatic initiatives reflected strength , clarity , unwavering commitment india 's national interests , setting new benchmarks international relations . wishing wonderful year ahead filled continued success good health .",DMK,0
"heartfelt birthday wishes & greetings hon eam thiru @ drsjaishankar avl . able leadership , ministry external affairs instrumental elevating india 's position global stage , nation 's diplomatic initiatives reflected strength , clarity , unwavering commitment india 's national interests , setting new benchmarks international relations . wishing wonderful year ahead filled continued success good health .",NTK,0
"heartfelt birthday wishes & greetings hon eam thiru @ drsjaishankar avl . able leadership , ministry external affairs instrumental elevating india 's position global stage , nation 's diplomatic initiatives reflected strength , clarity , unwavering commitment india 's national interests , setting new benchmarks international relations . wishing wonderful year ahead filled continued success good health .",TVK,0
மதுரையில் இன்று ஜூன் 22 முருகன் பக்தர் மாநாடு நடைபெறுகிறது இத்தருணத்தில் தன் வாழ்நாள் எல்லாம் முருக பக்தி பாடல்களை பாடி தமிழ்நாட்டில் பெரும் ஆன்மீகப் புரட்சி செய்தவர் ஐயா டி எம் சௌந்தரராஜன் அவர்கள் அவர் திரையுலகுக்கு பின்னணி பாட வருவதற்கு முன்பு கூட தமிழகம் முழுக்க முருக பஜன் செய்து கொண்டிருந்தவர் இம்மாநாடு நடைபெறும் இந்த நேரத்தில் அவருக்கு மரியாதை செய்ய வேண்டியது நமது கடமை என்று நினைத்தோம் எனவே பாஜக தொண்டர்களுடன் மதுரையில் முனிச்சாலை அருகில் உள்ள டி எம் எஸ் சிலைக்கு மாலை அணிவித்து மரியாதை செய்தோம் இராம ஸ்ரீநிவாசன்,ADMK,0
மதுரையில் இன்று ஜூன் 22 முருகன் பக்தர் மாநாடு நடைபெறுகிறது இத்தருணத்தில் தன் வாழ்நாள் எல்லாம் முருக பக்தி பாடல்களை பாடி தமிழ்நாட்டில் பெரும் ஆன்மீகப் புரட்சி செய்தவர் ஐயா டி எம் சௌந்தரராஜன் அவர்கள் அவர் திரையுலகுக்கு பின்னணி பாட வருவதற்கு முன்பு கூட தமிழகம் முழுக்க முருக பஜன் செய்து கொண்டிருந்தவர் இம்மாநாடு நடைபெறும் இந்த நேரத்தில் அவருக்கு மரியாதை செய்ய வேண்டியது நமது கடமை என்று நினைத்தோம் எனவே பாஜக தொண்டர்களுடன் மதுரையில் முனிச்சாலை அருகில் உள்ள டி எம் எஸ் சிலைக்கு மாலை அணிவித்து மரியாதை செய்தோம் இராம ஸ்ரீநிவாசன்,BJP,1
மதுரையில் இன்று ஜூன் 22 முருகன் பக்தர் மாநாடு நடைபெறுகிறது இத்தருணத்தில் தன் வாழ்நாள் எல்லாம் முருக பக்தி பாடல்களை பாடி தமிழ்நாட்டில் பெரும் ஆன்மீகப் புரட்சி செய்தவர் ஐயா டி எம் சௌந்தரராஜன் அவர்கள் அவர் திரையுலகுக்கு பின்னணி பாட வருவதற்கு முன்பு கூட தமிழகம் முழுக்க முருக பஜன் செய்து கொண்டிருந்தவர் இம்மாநாடு நடைபெறும் இந்த நேரத்தில் அவருக்கு மரியாதை செய்ய வேண்டியது நமது கடமை என்று நினைத்தோம் எனவே பாஜக தொண்டர்களுடன் மதுரையில் முனிச்சாலை அருகில் உள்ள டி எம் எஸ் சிலைக்கு மாலை அணிவித்து மரியாதை செய்தோம் இராம ஸ்ரீநிவாசன்,Congress,0
மதுரையில் இன்று ஜூன் 22 முருகன் பக்தர் மாநாடு நடைபெறுகிறது இத்தருணத்தில் தன் வாழ்நாள் எல்லாம் முருக பக்தி பாடல்களை பாடி தமிழ்நாட்டில் பெரும் ஆன்மீகப் புரட்சி செய்தவர் ஐயா டி எம் சௌந்தரராஜன் அவர்கள் அவர் திரையுலகுக்கு பின்னணி பாட வருவதற்கு முன்பு கூட தமிழகம் முழுக்க முருக பஜன் செய்து கொண்டிருந்தவர் இம்மாநாடு நடைபெறும் இந்த நேரத்தில் அவருக்கு மரியாதை செய்ய வேண்டியது நமது கடமை என்று நினைத்தோம் எனவே பாஜக தொண்டர்களுடன் மதுரையில் முனிச்சாலை அருகில் உள்ள டி எம் எஸ் சிலைக்கு மாலை அணிவித்து மரியாதை செய்தோம் இராம ஸ்ரீநிவாசன்,DMK,0
மதுரையில் இன்று ஜூன் 22 முருகன் பக்தர் மாநாடு நடைபெறுகிறது இத்தருணத்தில் தன் வாழ்நாள் எல்லாம் முருக பக்தி பாடல்களை பாடி தமிழ்நாட்டில் பெரும் ஆன்மீகப் புரட்சி செய்தவர் ஐயா டி எம் சௌந்தரராஜன் அவர்கள் அவர் திரையுலகுக்கு பின்னணி பாட வருவதற்கு முன்பு கூட தமிழகம் முழுக்க முருக பஜன் செய்து கொண்டிருந்தவர் இம்மாநாடு நடைபெறும் இந்த நேரத்தில் அவருக்கு மரியாதை செய்ய வேண்டியது நமது கடமை என்று நினைத்தோம் எனவே பாஜக தொண்டர்களுடன் மதுரையில் முனிச்சாலை அருகில் உள்ள டி எம் எஸ் சிலைக்கு மாலை அணிவித்து மரியாதை செய்தோம் இராம ஸ்ரீநிவாசன்,NTK,0
மதுரையில் இன்று ஜூன் 22 முருகன் பக்தர் மாநாடு நடைபெறுகிறது இத்தருணத்தில் தன் வாழ்நாள் எல்லாம் முருக பக்தி பாடல்களை பாடி தமிழ்நாட்டில் பெரும் ஆன்மீகப் புரட்சி செய்தவர் ஐயா டி எம் சௌந்தரராஜன் அவர்கள் அவர் திரையுலகுக்கு பின்னணி பாட வருவதற்கு முன்பு கூட தமிழகம் முழுக்க முருக பஜன் செய்து கொண்டிருந்தவர் இம்மாநாடு நடைபெறும் இந்த நேரத்தில் அவருக்கு மரியாதை செய்ய வேண்டியது நமது கடமை என்று நினைத்தோம் எனவே பாஜக தொண்டர்களுடன் மதுரையில் முனிச்சாலை அருகில் உள்ள டி எம் எஸ் சிலைக்கு மாலை அணிவித்து மரியாதை செய்தோம் இராம ஸ்ரீநிவாசன்,TVK,0
"தமிழகத்தில் எங்கேயுமே கஞ்சா நடமாட்டமே இல்லை என்று கொஞ்சம் கூடக் கூச்சமே இல்லாமல் பேசியிருக்கிறார் திமுக அமைச்சர் திரு . மா.சுப்பிரமணியன் அவர்கள் . முதலமைச்சர் திரு @ mkstalin நடத்தும் நடைபயிற்சி ஷூட்டிங்கிற்கான ஏற்பாட்டிலேயே தனது முழு நேரத்தையும் செலவிடுவதால் , அமைச்சருக்கு உண்மை நிலை தெரிந்திருக்க வாய்ப்பில்லை . நேற்றைய தினம் , திருத்தணியில் , 17 வயது சிறுவர்கள் , கஞ்சா போதையில் ஒரு வடமாநில இளைஞரை அரிவாளால் கடுமையாக வெட்டிய காணொளியை , அமைச்சர் பொய் என்கிறாரா ? தமிழகத்தின் பல பகுதிகளில் கஞ்சா விற்பனை , கடத்தல் மற்றும் வைத்திருப்பு தொடர்பான வழக்குகள் தொடர்ந்து பதிவாகி வருகின்றன . இந்த ஆண்டில் மட்டுமே , தூத்துக்குடியில் திமுக கவுன்சிலரின் மகன் கஞ்சா வழக்கில் கைது செய்யப்பட்ட சம்பவம் , சென்னை , ஆவடி பகுதியில் ஆயிரக்கணக்கான கிலோ கஞ்சா பறிமுதல் செய்யப்பட்டது , ராமநாதபுரம் , திண்டுக்கல் மற்றும் மதுரை மாவட்டங்களில் , கஞ்சா விற்பனை மற்றும் கடத்தல் வழக்குகளில் நூற்றுக்கணக்கான கிலோ கஞ்சா பறிமுதல் செய்யப்பட்டு பலர் கைது செய்யப்பட்டுள்ளது , கஞ்சா விற்பனை வழக்குகளில் சிறை தண்டனை விதித்து நீதிமன்றமே தீர்ப்பளித்துள்ளது என , இவை அனைத்தும் நாம் நாள்தோறும் படிக்கும் செய்திகள் . கோவையில் கல்லூரி மாணவர் விடுதிகளில் போலீசார் நடத்திய சோதனையில் கஞ்சா உள்ளிட்ட போதைப்பொருட்களும் ஆயுதங்களும் பறிமுதல் செய்யப்பட்டுள்ளன . மாணவர் விடுதிகள் வரை கஞ்சா விற்பனை ஊடுருவியிருப்பது , போதைப்பொருள் எவ்வளவு ஆழமாக தமிழகத்தில் பரவியுள்ளது என்பதற்கான நேரடி சாட்சி . கல்வி வளாகங்களே பாதுகாப்பற்ற நிலையில் இருக்கும்போது , கஞ்சா புழக்கம் இல்லை என்று பேசுவது பொதுமக்களுக்குச் செய்யும் துரோகம் . கஞ்சா விற்பனை மற்றும் புழக்கத்தைக் கட்டுப்படுத்த முடியாமல் தோல்வியடைந்த திமுக அரசு , இன்று உண்மையை மறைத்து தப்பிக்க முயல்கிறது . போதைப்பொருள் சட்ட ஒழுங்கு பிரச்சினை மட்டும் அல்ல . அது தமிழக இளைஞர்களின் எதிர்காலத்தை சிதைக்கும் சமூகப் பேரழிவு . கஞ்சா கடத்துபவர்கள் மீதும் விற்பனை செய்பவர்கள் மீதும் கடுமையான நடவடிக்கை எடுப்பதை விட்டுவிட்டு , முழு பூசணிக்காயைச் சோற்றில் மறைக்க அமைச்சர் திரு மா.சுப்பிரமணியன் முயற்சிப்பது வெட்கக்கேடு .",ADMK,0
"தமிழகத்தில் எங்கேயுமே கஞ்சா நடமாட்டமே இல்லை என்று கொஞ்சம் கூடக் கூச்சமே இல்லாமல் பேசியிருக்கிறார் திமுக அமைச்சர் திரு . மா.சுப்பிரமணியன் அவர்கள் . முதலமைச்சர் திரு @ mkstalin நடத்தும் நடைபயிற்சி ஷூட்டிங்கிற்கான ஏற்பாட்டிலேயே தனது முழு நேரத்தையும் செலவிடுவதால் , அமைச்சருக்கு உண்மை நிலை தெரிந்திருக்க வாய்ப்பில்லை . நேற்றைய தினம் , திருத்தணியில் , 17 வயது சிறுவர்கள் , கஞ்சா போதையில் ஒரு வடமாநில இளைஞரை அரிவாளால் கடுமையாக வெட்டிய காணொளியை , அமைச்சர் பொய் என்கிறாரா ? தமிழகத்தின் பல பகுதிகளில் கஞ்சா விற்பனை , கடத்தல் மற்றும் வைத்திருப்பு தொடர்பான வழக்குகள் தொடர்ந்து பதிவாகி வருகின்றன . இந்த ஆண்டில் மட்டுமே , தூத்துக்குடியில் திமுக கவுன்சிலரின் மகன் கஞ்சா வழக்கில் கைது செய்யப்பட்ட சம்பவம் , சென்னை , ஆவடி பகுதியில் ஆயிரக்கணக்கான கிலோ கஞ்சா பறிமுதல் செய்யப்பட்டது , ராமநாதபுரம் , திண்டுக்கல் மற்றும் மதுரை மாவட்டங்களில் , கஞ்சா விற்பனை மற்றும் கடத்தல் வழக்குகளில் நூற்றுக்கணக்கான கிலோ கஞ்சா பறிமுதல் செய்யப்பட்டு பலர் கைது செய்யப்பட்டுள்ளது , கஞ்சா விற்பனை வழக்குகளில் சிறை தண்டனை விதித்து நீதிமன்றமே தீர்ப்பளித்துள்ளது என , இவை அனைத்தும் நாம் நாள்தோறும் படிக்கும் செய்திகள் . கோவையில் கல்லூரி மாணவர் விடுதிகளில் போலீசார் நடத்திய சோதனையில் கஞ்சா உள்ளிட்ட போதைப்பொருட்களும் ஆயுதங்களும் பறிமுதல் செய்யப்பட்டுள்ளன . மாணவர் விடுதிகள் வரை கஞ்சா விற்பனை ஊடுருவியிருப்பது , போதைப்பொருள் எவ்வளவு ஆழமாக தமிழகத்தில் பரவியுள்ளது என்பதற்கான நேரடி சாட்சி . கல்வி வளாகங்களே பாதுகாப்பற்ற நிலையில் இருக்கும்போது , கஞ்சா புழக்கம் இல்லை என்று பேசுவது பொதுமக்களுக்குச் செய்யும் துரோகம் . கஞ்சா விற்பனை மற்றும் புழக்கத்தைக் கட்டுப்படுத்த முடியாமல் தோல்வியடைந்த திமுக அரசு , இன்று உண்மையை மறைத்து தப்பிக்க முயல்கிறது . போதைப்பொருள் சட்ட ஒழுங்கு பிரச்சினை மட்டும் அல்ல . அது தமிழக இளைஞர்களின் எதிர்காலத்தை சிதைக்கும் சமூகப் பேரழிவு . கஞ்சா கடத்துபவர்கள் மீதும் விற்பனை செய்பவர்கள் மீதும் கடுமையான நடவடிக்கை எடுப்பதை விட்டுவிட்டு , முழு பூசணிக்காயைச் சோற்றில் மறைக்க அமைச்சர் திரு மா.சுப்பிரமணியன் முயற்சிப்பது வெட்கக்கேடு .",BJP,1
"தமிழகத்தில் எங்கேயுமே கஞ்சா நடமாட்டமே இல்லை என்று கொஞ்சம் கூடக் கூச்சமே இல்லாமல் பேசியிருக்கிறார் திமுக அமைச்சர் திரு . மா.சுப்பிரமணியன் அவர்கள் . முதலமைச்சர் திரு @ mkstalin நடத்தும் நடைபயிற்சி ஷூட்டிங்கிற்கான ஏற்பாட்டிலேயே தனது முழு நேரத்தையும் செலவிடுவதால் , அமைச்சருக்கு உண்மை நிலை தெரிந்திருக்க வாய்ப்பில்லை . நேற்றைய தினம் , திருத்தணியில் , 17 வயது சிறுவர்கள் , கஞ்சா போதையில் ஒரு வடமாநில இளைஞரை அரிவாளால் கடுமையாக வெட்டிய காணொளியை , அமைச்சர் பொய் என்கிறாரா ? தமிழகத்தின் பல பகுதிகளில் கஞ்சா விற்பனை , கடத்தல் மற்றும் வைத்திருப்பு தொடர்பான வழக்குகள் தொடர்ந்து பதிவாகி வருகின்றன . இந்த ஆண்டில் மட்டுமே , தூத்துக்குடியில் திமுக கவுன்சிலரின் மகன் கஞ்சா வழக்கில் கைது செய்யப்பட்ட சம்பவம் , சென்னை , ஆவடி பகுதியில் ஆயிரக்கணக்கான கிலோ கஞ்சா பறிமுதல் செய்யப்பட்டது , ராமநாதபுரம் , திண்டுக்கல் மற்றும் மதுரை மாவட்டங்களில் , கஞ்சா விற்பனை மற்றும் கடத்தல் வழக்குகளில் நூற்றுக்கணக்கான கிலோ கஞ்சா பறிமுதல் செய்யப்பட்டு பலர் கைது செய்யப்பட்டுள்ளது , கஞ்சா விற்பனை வழக்குகளில் சிறை தண்டனை விதித்து நீதிமன்றமே தீர்ப்பளித்துள்ளது என , இவை அனைத்தும் நாம் நாள்தோறும் படிக்கும் செய்திகள் . கோவையில் கல்லூரி மாணவர் விடுதிகளில் போலீசார் நடத்திய சோதனையில் கஞ்சா உள்ளிட்ட போதைப்பொருட்களும் ஆயுதங்களும் பறிமுதல் செய்யப்பட்டுள்ளன . மாணவர் விடுதிகள் வரை கஞ்சா விற்பனை ஊடுருவியிருப்பது , போதைப்பொருள் எவ்வளவு ஆழமாக தமிழகத்தில் பரவியுள்ளது என்பதற்கான நேரடி சாட்சி . கல்வி வளாகங்களே பாதுகாப்பற்ற நிலையில் இருக்கும்போது , கஞ்சா புழக்கம் இல்லை என்று பேசுவது பொதுமக்களுக்குச் செய்யும் துரோகம் . கஞ்சா விற்பனை மற்றும் புழக்கத்தைக் கட்டுப்படுத்த முடியாமல் தோல்வியடைந்த திமுக அரசு , இன்று உண்மையை மறைத்து தப்பிக்க முயல்கிறது . போதைப்பொருள் சட்ட ஒழுங்கு பிரச்சினை மட்டும் அல்ல . அது தமிழக இளைஞர்களின் எதிர்காலத்தை சிதைக்கும் சமூகப் பேரழிவு . கஞ்சா கடத்துபவர்கள் மீதும் விற்பனை செய்பவர்கள் மீதும் கடுமையான நடவடிக்கை எடுப்பதை விட்டுவிட்டு , முழு பூசணிக்காயைச் சோற்றில் மறைக்க அமைச்சர் திரு மா.சுப்பிரமணியன் முயற்சிப்பது வெட்கக்கேடு .",Congress,0
"தமிழகத்தில் எங்கேயுமே கஞ்சா நடமாட்டமே இல்லை என்று கொஞ்சம் கூடக் கூச்சமே இல்லாமல் பேசியிருக்கிறார் திமுக அமைச்சர் திரு . மா.சுப்பிரமணியன் அவர்கள் . முதலமைச்சர் திரு @ mkstalin நடத்தும் நடைபயிற்சி ஷூட்டிங்கிற்கான ஏற்பாட்டிலேயே தனது முழு நேரத்தையும் செலவிடுவதால் , அமைச்சருக்கு உண்மை நிலை தெரிந்திருக்க வாய்ப்பில்லை . நேற்றைய தினம் , திருத்தணியில் , 17 வயது சிறுவர்கள் , கஞ்சா போதையில் ஒரு வடமாநில இளைஞரை அரிவாளால் கடுமையாக வெட்டிய காணொளியை , அமைச்சர் பொய் என்கிறாரா ? தமிழகத்தின் பல பகுதிகளில் கஞ்சா விற்பனை , கடத்தல் மற்றும் வைத்திருப்பு தொடர்பான வழக்குகள் தொடர்ந்து பதிவாகி வருகின்றன . இந்த ஆண்டில் மட்டுமே , தூத்துக்குடியில் திமுக கவுன்சிலரின் மகன் கஞ்சா வழக்கில் கைது செய்யப்பட்ட சம்பவம் , சென்னை , ஆவடி பகுதியில் ஆயிரக்கணக்கான கிலோ கஞ்சா பறிமுதல் செய்யப்பட்டது , ராமநாதபுரம் , திண்டுக்கல் மற்றும் மதுரை மாவட்டங்களில் , கஞ்சா விற்பனை மற்றும் கடத்தல் வழக்குகளில் நூற்றுக்கணக்கான கிலோ கஞ்சா பறிமுதல் செய்யப்பட்டு பலர் கைது செய்யப்பட்டுள்ளது , கஞ்சா விற்பனை வழக்குகளில் சிறை தண்டனை விதித்து நீதிமன்றமே தீர்ப்பளித்துள்ளது என , இவை அனைத்தும் நாம் நாள்தோறும் படிக்கும் செய்திகள் . கோவையில் கல்லூரி மாணவர் விடுதிகளில் போலீசார் நடத்திய சோதனையில் கஞ்சா உள்ளிட்ட போதைப்பொருட்களும் ஆயுதங்களும் பறிமுதல் செய்யப்பட்டுள்ளன . மாணவர் விடுதிகள் வரை கஞ்சா விற்பனை ஊடுருவியிருப்பது , போதைப்பொருள் எவ்வளவு ஆழமாக தமிழகத்தில் பரவியுள்ளது என்பதற்கான நேரடி சாட்சி . கல்வி வளாகங்களே பாதுகாப்பற்ற நிலையில் இருக்கும்போது , கஞ்சா புழக்கம் இல்லை என்று பேசுவது பொதுமக்களுக்குச் செய்யும் துரோகம் . கஞ்சா விற்பனை மற்றும் புழக்கத்தைக் கட்டுப்படுத்த முடியாமல் தோல்வியடைந்த திமுக அரசு , இன்று உண்மையை மறைத்து தப்பிக்க முயல்கிறது . போதைப்பொருள் சட்ட ஒழுங்கு பிரச்சினை மட்டும் அல்ல . அது தமிழக இளைஞர்களின் எதிர்காலத்தை சிதைக்கும் சமூகப் பேரழிவு . கஞ்சா கடத்துபவர்கள் மீதும் விற்பனை செய்பவர்கள் மீதும் கடுமையான நடவடிக்கை எடுப்பதை விட்டுவிட்டு , முழு பூசணிக்காயைச் சோற்றில் மறைக்க அமைச்சர் திரு மா.சுப்பிரமணியன் முயற்சிப்பது வெட்கக்கேடு .",DMK,1
"தமிழகத்தில் எங்கேயுமே கஞ்சா நடமாட்டமே இல்லை என்று கொஞ்சம் கூடக் கூச்சமே இல்லாமல் பேசியிருக்கிறார் திமுக அமைச்சர் திரு . மா.சுப்பிரமணியன் அவர்கள் . முதலமைச்சர் திரு @ mkstalin நடத்தும் நடைபயிற்சி ஷூட்டிங்கிற்கான ஏற்பாட்டிலேயே தனது முழு நேரத்தையும் செலவிடுவதால் , அமைச்சருக்கு உண்மை நிலை தெரிந்திருக்க வாய்ப்பில்லை . நேற்றைய தினம் , திருத்தணியில் , 17 வயது சிறுவர்கள் , கஞ்சா போதையில் ஒரு வடமாநில இளைஞரை அரிவாளால் கடுமையாக வெட்டிய காணொளியை , அமைச்சர் பொய் என்கிறாரா ? தமிழகத்தின் பல பகுதிகளில் கஞ்சா விற்பனை , கடத்தல் மற்றும் வைத்திருப்பு தொடர்பான வழக்குகள் தொடர்ந்து பதிவாகி வருகின்றன . இந்த ஆண்டில் மட்டுமே , தூத்துக்குடியில் திமுக கவுன்சிலரின் மகன் கஞ்சா வழக்கில் கைது செய்யப்பட்ட சம்பவம் , சென்னை , ஆவடி பகுதியில் ஆயிரக்கணக்கான கிலோ கஞ்சா பறிமுதல் செய்யப்பட்டது , ராமநாதபுரம் , திண்டுக்கல் மற்றும் மதுரை மாவட்டங்களில் , கஞ்சா விற்பனை மற்றும் கடத்தல் வழக்குகளில் நூற்றுக்கணக்கான கிலோ கஞ்சா பறிமுதல் செய்யப்பட்டு பலர் கைது செய்யப்பட்டுள்ளது , கஞ்சா விற்பனை வழக்குகளில் சிறை தண்டனை விதித்து நீதிமன்றமே தீர்ப்பளித்துள்ளது என , இவை அனைத்தும் நாம் நாள்தோறும் படிக்கும் செய்திகள் . கோவையில் கல்லூரி மாணவர் விடுதிகளில் போலீசார் நடத்திய சோதனையில் கஞ்சா உள்ளிட்ட போதைப்பொருட்களும் ஆயுதங்களும் பறிமுதல் செய்யப்பட்டுள்ளன . மாணவர் விடுதிகள் வரை கஞ்சா விற்பனை ஊடுருவியிருப்பது , போதைப்பொருள் எவ்வளவு ஆழமாக தமிழகத்தில் பரவியுள்ளது என்பதற்கான நேரடி சாட்சி . கல்வி வளாகங்களே பாதுகாப்பற்ற நிலையில் இருக்கும்போது , கஞ்சா புழக்கம் இல்லை என்று பேசுவது பொதுமக்களுக்குச் செய்யும் துரோகம் . கஞ்சா விற்பனை மற்றும் புழக்கத்தைக் கட்டுப்படுத்த முடியாமல் தோல்வியடைந்த திமுக அரசு , இன்று உண்மையை மறைத்து தப்பிக்க முயல்கிறது . போதைப்பொருள் சட்ட ஒழுங்கு பிரச்சினை மட்டும் அல்ல . அது தமிழக இளைஞர்களின் எதிர்காலத்தை சிதைக்கும் சமூகப் பேரழிவு . கஞ்சா கடத்துபவர்கள் மீதும் விற்பனை செய்பவர்கள் மீதும் கடுமையான நடவடிக்கை எடுப்பதை விட்டுவிட்டு , முழு பூசணிக்காயைச் சோற்றில் மறைக்க அமைச்சர் திரு மா.சுப்பிரமணியன் முயற்சிப்பது வெட்கக்கேடு .",NTK,0
"தமிழகத்தில் எங்கேயுமே கஞ்சா நடமாட்டமே இல்லை என்று கொஞ்சம் கூடக் கூச்சமே இல்லாமல் பேசியிருக்கிறார் திமுக அமைச்சர் திரு . மா.சுப்பிரமணியன் அவர்கள் . முதலமைச்சர் திரு @ mkstalin நடத்தும் நடைபயிற்சி ஷூட்டிங்கிற்கான ஏற்பாட்டிலேயே தனது முழு நேரத்தையும் செலவிடுவதால் , அமைச்சருக்கு உண்மை நிலை தெரிந்திருக்க வாய்ப்பில்லை . நேற்றைய தினம் , திருத்தணியில் , 17 வயது சிறுவர்கள் , கஞ்சா போதையில் ஒரு வடமாநில இளைஞரை அரிவாளால் கடுமையாக வெட்டிய காணொளியை , அமைச்சர் பொய் என்கிறாரா ? தமிழகத்தின் பல பகுதிகளில் கஞ்சா விற்பனை , கடத்தல் மற்றும் வைத்திருப்பு தொடர்பான வழக்குகள் தொடர்ந்து பதிவாகி வருகின்றன . இந்த ஆண்டில் மட்டுமே , தூத்துக்குடியில் திமுக கவுன்சிலரின் மகன் கஞ்சா வழக்கில் கைது செய்யப்பட்ட சம்பவம் , சென்னை , ஆவடி பகுதியில் ஆயிரக்கணக்கான கிலோ கஞ்சா பறிமுதல் செய்யப்பட்டது , ராமநாதபுரம் , திண்டுக்கல் மற்றும் மதுரை மாவட்டங்களில் , கஞ்சா விற்பனை மற்றும் கடத்தல் வழக்குகளில் நூற்றுக்கணக்கான கிலோ கஞ்சா பறிமுதல் செய்யப்பட்டு பலர் கைது செய்யப்பட்டுள்ளது , கஞ்சா விற்பனை வழக்குகளில் சிறை தண்டனை விதித்து நீதிமன்றமே தீர்ப்பளித்துள்ளது என , இவை அனைத்தும் நாம் நாள்தோறும் படிக்கும் செய்திகள் . கோவையில் கல்லூரி மாணவர் விடுதிகளில் போலீசார் நடத்திய சோதனையில் கஞ்சா உள்ளிட்ட போதைப்பொருட்களும் ஆயுதங்களும் பறிமுதல் செய்யப்பட்டுள்ளன . மாணவர் விடுதிகள் வரை கஞ்சா விற்பனை ஊடுருவியிருப்பது , போதைப்பொருள் எவ்வளவு ஆழமாக தமிழகத்தில் பரவியுள்ளது என்பதற்கான நேரடி சாட்சி . கல்வி வளாகங்களே பாதுகாப்பற்ற நிலையில் இருக்கும்போது , கஞ்சா புழக்கம் இல்லை என்று பேசுவது பொதுமக்களுக்குச் செய்யும் துரோகம் . கஞ்சா விற்பனை மற்றும் புழக்கத்தைக் கட்டுப்படுத்த முடியாமல் தோல்வியடைந்த திமுக அரசு , இன்று உண்மையை மறைத்து தப்பிக்க முயல்கிறது . போதைப்பொருள் சட்ட ஒழுங்கு பிரச்சினை மட்டும் அல்ல . அது தமிழக இளைஞர்களின் எதிர்காலத்தை சிதைக்கும் சமூகப் பேரழிவு . கஞ்சா கடத்துபவர்கள் மீதும் விற்பனை செய்பவர்கள் மீதும் கடுமையான நடவடிக்கை எடுப்பதை விட்டுவிட்டு , முழு பூசணிக்காயைச் சோற்றில் மறைக்க அமைச்சர் திரு மா.சுப்பிரமணியன் முயற்சிப்பது வெட்கக்கேடு .",TVK,0
# erode_welcomes_thalapathy கொங்கு மண்டலத்தில் இன்று மக்கள் சந்திப்பு நிகழ்ச்சியில் தலைவர் தளபதி அவர்களின் எழுச்சி உரை ! # தமிழகவெற்றிக்கழகம் # tamilagavettrikazhagam | # erode| # tvk | # tvkcampaign | # perundurai | # vijaythalapathy # meeting | # tvkmeeting | # tvkfortn2026 | : Ceuta_ & _Melilla :,ADMK,0
# erode_welcomes_thalapathy கொங்கு மண்டலத்தில் இன்று மக்கள் சந்திப்பு நிகழ்ச்சியில் தலைவர் தளபதி அவர்களின் எழுச்சி உரை ! # தமிழகவெற்றிக்கழகம் # tamilagavettrikazhagam | # erode| # tvk | # tvkcampaign | # perundurai | # vijaythalapathy # meeting | # tvkmeeting | # tvkfortn2026 | : Ceuta_ & _Melilla :,BJP,0
# erode_welcomes_thalapathy கொங்கு மண்டலத்தில் இன்று மக்கள் சந்திப்பு நிகழ்ச்சியில் தலைவர் தளபதி அவர்களின் எழுச்சி உரை ! # தமிழகவெற்றிக்கழகம் # tamilagavettrikazhagam | # erode| # tvk | # tvkcampaign | # perundurai | # vijaythalapathy # meeting | # tvkmeeting | # tvkfortn2026 | : Ceuta_ & _Melilla :,Congress,0
# erode_welcomes_thalapathy கொங்கு மண்டலத்தில் இன்று மக்கள் சந்திப்பு நிகழ்ச்சியில் தலைவர் தளபதி அவர்களின் எழுச்சி உரை ! # தமிழகவெற்றிக்கழகம் # tamilagavettrikazhagam | # erode| # tvk | # tvkcampaign | # perundurai | # vijaythalapathy # meeting | # tvkmeeting | # tvkfortn2026 | : Ceuta_ & _Melilla :,DMK,0
# erode_welcomes_thalapathy கொங்கு மண்டலத்தில் இன்று மக்கள் சந்திப்பு நிகழ்ச்சியில் தலைவர் தளபதி அவர்களின் எழுச்சி உரை ! # தமிழகவெற்றிக்கழகம் # tamilagavettrikazhagam | # erode| # tvk | # tvkcampaign | # perundurai | # vijaythalapathy # meeting | # tvkmeeting | # tvkfortn2026 | : Ceuta_ & _Melilla :,NTK,0
# erode_welcomes_thalapathy கொங்கு மண்டலத்தில் இன்று மக்கள் சந்திப்பு நிகழ்ச்சியில் தலைவர் தளபதி அவர்களின் எழுச்சி உரை ! # தமிழகவெற்றிக்கழகம் # tamilagavettrikazhagam | # erode| # tvk | # tvkcampaign | # perundurai | # vijaythalapathy # meeting | # tvkmeeting | # tvkfortn2026 | : Ceuta_ & _Melilla :,TVK,1
இடுவாய் மக்களின் உரிமை காக்கும் எல்லைச்சாமி : heart_exclamation :,ADMK,0
இடுவாய் மக்களின் உரிமை காக்கும் எல்லைச்சாமி : heart_exclamation :,BJP,1
இடுவாய் மக்களின் உரிமை காக்கும் எல்லைச்சாமி : heart_exclamation :,Congress,0
இடுவாய் மக்களின் உரிமை காக்கும் எல்லைச்சாமி : heart_exclamation :,DMK,0
இடுவாய் மக்களின் உரிமை காக்கும் எல்லைச்சாமி : heart_exclamation :,NTK,0
இடுவாய் மக்களின் உரிமை காக்கும் எல்லைச்சாமி : heart_exclamation :,TVK,0
bro still using old gimmicks try make people dislike vijay fake narratives & amp ; morphed pics : grinning_face_with_big_eyes :,ADMK,0
bro still using old gimmicks try make people dislike vijay fake narratives & amp ; morphed pics : grinning_face_with_big_eyes :,BJP,0
bro still using old gimmicks try make people dislike vijay fake narratives & amp ; morphed pics : grinning_face_with_big_eyes :,Congress,0
bro still using old gimmicks try make people dislike vijay fake narratives & amp ; morphed pics : grinning_face_with_big_eyes :,DMK,0
bro still using old gimmicks try make people dislike vijay fake narratives & amp ; morphed pics : grinning_face_with_big_eyes :,NTK,0
bro still using old gimmicks try make people dislike vijay fake narratives & amp ; morphed pics : grinning_face_with_big_eyes :,TVK,1
வென்றே தீருவோம் . : raised_fist_medium-light_skin_tone : :fire : # justiceforiduvai | # annamalai,ADMK,0
வென்றே தீருவோம் . : raised_fist_medium-light_skin_tone : :fire : # justiceforiduvai | # annamalai,BJP,1
வென்றே தீருவோம் . : raised_fist_medium-light_skin_tone : :fire : # justiceforiduvai | # annamalai,Congress,0
வென்றே தீருவோம் . : raised_fist_medium-light_skin_tone : :fire : # justiceforiduvai | # annamalai,DMK,0
வென்றே தீருவோம் . : raised_fist_medium-light_skin_tone : :fire : # justiceforiduvai | # annamalai,NTK,0
வென்றே தீருவோம் . : raised_fist_medium-light_skin_tone : :fire : # justiceforiduvai | # annamalai,TVK,0
fascist mindset dmk government full display . arresting annan @ annamalai_k avl standing people tirupur shows intolerance . strongly condemn action .,ADMK,0
fascist mindset dmk government full display . arresting annan @ annamalai_k avl standing people tirupur shows intolerance . strongly condemn action .,BJP,1
fascist mindset dmk government full display . arresting annan @ annamalai_k avl standing people tirupur shows intolerance . strongly condemn action .,Congress,0
fascist mindset dmk government full display . arresting annan @ annamalai_k avl standing people tirupur shows intolerance . strongly condemn action .,DMK,1
fascist mindset dmk government full display . arresting annan @ annamalai_k avl standing people tirupur shows intolerance . strongly condemn action .,NTK,0
fascist mindset dmk government full display . arresting annan @ annamalai_k avl standing people tirupur shows intolerance . strongly condemn action .,TVK,0
"அதிகாரத்தை கொண்டு இடுவாய் மக்களை முடக்கினால் , அதை உடைக்க ஆளுமை கொண்ட ஒருவன் வருவான் . : fire : # annamalai # iduvai",ADMK,0
"அதிகாரத்தை கொண்டு இடுவாய் மக்களை முடக்கினால் , அதை உடைக்க ஆளுமை கொண்ட ஒருவன் வருவான் . : fire : # annamalai # iduvai",BJP,1
"அதிகாரத்தை கொண்டு இடுவாய் மக்களை முடக்கினால் , அதை உடைக்க ஆளுமை கொண்ட ஒருவன் வருவான் . : fire : # annamalai # iduvai",Congress,0
"அதிகாரத்தை கொண்டு இடுவாய் மக்களை முடக்கினால் , அதை உடைக்க ஆளுமை கொண்ட ஒருவன் வருவான் . : fire : # annamalai # iduvai",DMK,0
"அதிகாரத்தை கொண்டு இடுவாய் மக்களை முடக்கினால் , அதை உடைக்க ஆளுமை கொண்ட ஒருவன் வருவான் . : fire : # annamalai # iduvai",NTK,0
"அதிகாரத்தை கொண்டு இடுவாய் மக்களை முடக்கினால் , அதை உடைக்க ஆளுமை கொண்ட ஒருவன் வருவான் . : fire : # annamalai # iduvai",TVK,0
"incompetent dmk government arrested thiru @ annamalai_k avl protesting decision dump garbage iduvai . first , turn people ’ land garbage yard . , arrest raise voice insensitive unjust decision . dravidian model governance @ mkstalin ?",ADMK,0
"incompetent dmk government arrested thiru @ annamalai_k avl protesting decision dump garbage iduvai . first , turn people ’ land garbage yard . , arrest raise voice insensitive unjust decision . dravidian model governance @ mkstalin ?",BJP,1
"incompetent dmk government arrested thiru @ annamalai_k avl protesting decision dump garbage iduvai . first , turn people ’ land garbage yard . , arrest raise voice insensitive unjust decision . dravidian model governance @ mkstalin ?",Congress,0
"incompetent dmk government arrested thiru @ annamalai_k avl protesting decision dump garbage iduvai . first , turn people ’ land garbage yard . , arrest raise voice insensitive unjust decision . dravidian model governance @ mkstalin ?",DMK,1
"incompetent dmk government arrested thiru @ annamalai_k avl protesting decision dump garbage iduvai . first , turn people ’ land garbage yard . , arrest raise voice insensitive unjust decision . dravidian model governance @ mkstalin ?",NTK,0
"incompetent dmk government arrested thiru @ annamalai_k avl protesting decision dump garbage iduvai . first , turn people ’ land garbage yard . , arrest raise voice insensitive unjust decision . dravidian model governance @ mkstalin ?",TVK,0
vijay : மக்களுக்கு ஒன்னுனா விஜய் வந்து நிப்பான் மக்கள் : 41 பேர கொன்னுட்டு 40 நாள் வீட்ல ஒளிஞ்சு கிடத்த பொட்ட பேசுற dialogue : face_with_hand_over_mouth : # tvkvijay : clown_face :,ADMK,0
vijay : மக்களுக்கு ஒன்னுனா விஜய் வந்து நிப்பான் மக்கள் : 41 பேர கொன்னுட்டு 40 நாள் வீட்ல ஒளிஞ்சு கிடத்த பொட்ட பேசுற dialogue : face_with_hand_over_mouth : # tvkvijay : clown_face :,BJP,0
vijay : மக்களுக்கு ஒன்னுனா விஜய் வந்து நிப்பான் மக்கள் : 41 பேர கொன்னுட்டு 40 நாள் வீட்ல ஒளிஞ்சு கிடத்த பொட்ட பேசுற dialogue : face_with_hand_over_mouth : # tvkvijay : clown_face :,Congress,0
vijay : மக்களுக்கு ஒன்னுனா விஜய் வந்து நிப்பான் மக்கள் : 41 பேர கொன்னுட்டு 40 நாள் வீட்ல ஒளிஞ்சு கிடத்த பொட்ட பேசுற dialogue : face_with_hand_over_mouth : # tvkvijay : clown_face :,DMK,0
vijay : மக்களுக்கு ஒன்னுனா விஜய் வந்து நிப்பான் மக்கள் : 41 பேர கொன்னுட்டு 40 நாள் வீட்ல ஒளிஞ்சு கிடத்த பொட்ட பேசுற dialogue : face_with_hand_over_mouth : # tvkvijay : clown_face :,NTK,0
vijay : மக்களுக்கு ஒன்னுனா விஜய் வந்து நிப்பான் மக்கள் : 41 பேர கொன்னுட்டு 40 நாள் வீட்ல ஒளிஞ்சு கிடத்த பொட்ட பேசுற dialogue : face_with_hand_over_mouth : # tvkvijay : clown_face :,TVK,1
# justin | தூய அன்பின் துணையோடு ... - விஜய் # erode | # tvk | # vijay | # tvkvijay,ADMK,0
# justin | தூய அன்பின் துணையோடு ... - விஜய் # erode | # tvk | # vijay | # tvkvijay,BJP,0
# justin | தூய அன்பின் துணையோடு ... - விஜய் # erode | # tvk | # vijay | # tvkvijay,Congress,0
# justin | தூய அன்பின் துணையோடு ... - விஜய் # erode | # tvk | # vijay | # tvkvijay,DMK,0
# justin | தூய அன்பின் துணையோடு ... - விஜய் # erode | # tvk | # vijay | # tvkvijay,NTK,0
# justin | தூய அன்பின் துணையோடு ... - விஜய் # erode | # tvk | # vijay | # tvkvijay,TVK,1
"understood dmk afraid thalapathy . 3x powerful mgr : saluting_face : even 10 years , rule another 30 years political sure : hundred_points : :chart_increasing :",ADMK,0
"understood dmk afraid thalapathy . 3x powerful mgr : saluting_face : even 10 years , rule another 30 years political sure : hundred_points : :chart_increasing :",BJP,0
"understood dmk afraid thalapathy . 3x powerful mgr : saluting_face : even 10 years , rule another 30 years political sure : hundred_points : :chart_increasing :",Congress,0
"understood dmk afraid thalapathy . 3x powerful mgr : saluting_face : even 10 years , rule another 30 years political sure : hundred_points : :chart_increasing :",DMK,1
"understood dmk afraid thalapathy . 3x powerful mgr : saluting_face : even 10 years , rule another 30 years political sure : hundred_points : :chart_increasing :",NTK,0
"understood dmk afraid thalapathy . 3x powerful mgr : saluting_face : even 10 years , rule another 30 years political sure : hundred_points : :chart_increasing :",TVK,1
பொதுமக்கள் வாழ்விடங்களை குப்பை கிடங்காக மாற்றும் அரசை எதிர்த்து போராடினால் தன் சர்வாதிகாரத்தை ஏவுகிறது திமுக அரசு .. திரு.அண்ணாமலை அவர்களின் கைது வன்மையாக கண்டிக்கத்தக்கது .. தன் அந்திமத்தை நெருங்குகிறது இந்த ஆட்சி .. # annamalai,ADMK,0
பொதுமக்கள் வாழ்விடங்களை குப்பை கிடங்காக மாற்றும் அரசை எதிர்த்து போராடினால் தன் சர்வாதிகாரத்தை ஏவுகிறது திமுக அரசு .. திரு.அண்ணாமலை அவர்களின் கைது வன்மையாக கண்டிக்கத்தக்கது .. தன் அந்திமத்தை நெருங்குகிறது இந்த ஆட்சி .. # annamalai,BJP,1
பொதுமக்கள் வாழ்விடங்களை குப்பை கிடங்காக மாற்றும் அரசை எதிர்த்து போராடினால் தன் சர்வாதிகாரத்தை ஏவுகிறது திமுக அரசு .. திரு.அண்ணாமலை அவர்களின் கைது வன்மையாக கண்டிக்கத்தக்கது .. தன் அந்திமத்தை நெருங்குகிறது இந்த ஆட்சி .. # annamalai,Congress,0
பொதுமக்கள் வாழ்விடங்களை குப்பை கிடங்காக மாற்றும் அரசை எதிர்த்து போராடினால் தன் சர்வாதிகாரத்தை ஏவுகிறது திமுக அரசு .. திரு.அண்ணாமலை அவர்களின் கைது வன்மையாக கண்டிக்கத்தக்கது .. தன் அந்திமத்தை நெருங்குகிறது இந்த ஆட்சி .. # annamalai,DMK,1
பொதுமக்கள் வாழ்விடங்களை குப்பை கிடங்காக மாற்றும் அரசை எதிர்த்து போராடினால் தன் சர்வாதிகாரத்தை ஏவுகிறது திமுக அரசு .. திரு.அண்ணாமலை அவர்களின் கைது வன்மையாக கண்டிக்கத்தக்கது .. தன் அந்திமத்தை நெருங்குகிறது இந்த ஆட்சி .. # annamalai,NTK,0
பொதுமக்கள் வாழ்விடங்களை குப்பை கிடங்காக மாற்றும் அரசை எதிர்த்து போராடினால் தன் சர்வாதிகாரத்தை ஏவுகிறது திமுக அரசு .. திரு.அண்ணாமலை அவர்களின் கைது வன்மையாக கண்டிக்கத்தக்கது .. தன் அந்திமத்தை நெருங்குகிறது இந்த ஆட்சி .. # annamalai,TVK,0
"tamilnadu assembly elections 2026 . 1. met three voters . 2. first two around 30 driving private cars . 3 . 1st guy voting dmk ponneri . 4 . 2nd guy voting tvk tambaram . hails pollachi votes tambaram . 5 . 3rd guy aged 35 traveling kumbakonam train . met bus . voting admk/bjp . votes kumbakonam . 6. vijay big public meeting erode . good arrangements . well attended . 7. calls dmk evil force . 8. seng sir almost says cm mgr jj , stops time says vijay . like . 9. seng sir adds value , experience tvk . 10. vijay says prominent people join tvk . 11. tvk expected win tamilnadu 160 200 seats . 12. whole day dmk x guys ran spaces pouring hate scorn vijay . extreme vanmam . unexpected . entire samarajyam demolished vijay brick brick . even humpty dumpty seem pretty counting day ruling govt gets ousted spectacular fashion . expect whole india shocked result .",ADMK,0
"tamilnadu assembly elections 2026 . 1. met three voters . 2. first two around 30 driving private cars . 3 . 1st guy voting dmk ponneri . 4 . 2nd guy voting tvk tambaram . hails pollachi votes tambaram . 5 . 3rd guy aged 35 traveling kumbakonam train . met bus . voting admk/bjp . votes kumbakonam . 6. vijay big public meeting erode . good arrangements . well attended . 7. calls dmk evil force . 8. seng sir almost says cm mgr jj , stops time says vijay . like . 9. seng sir adds value , experience tvk . 10. vijay says prominent people join tvk . 11. tvk expected win tamilnadu 160 200 seats . 12. whole day dmk x guys ran spaces pouring hate scorn vijay . extreme vanmam . unexpected . entire samarajyam demolished vijay brick brick . even humpty dumpty seem pretty counting day ruling govt gets ousted spectacular fashion . expect whole india shocked result .",BJP,0
"tamilnadu assembly elections 2026 . 1. met three voters . 2. first two around 30 driving private cars . 3 . 1st guy voting dmk ponneri . 4 . 2nd guy voting tvk tambaram . hails pollachi votes tambaram . 5 . 3rd guy aged 35 traveling kumbakonam train . met bus . voting admk/bjp . votes kumbakonam . 6. vijay big public meeting erode . good arrangements . well attended . 7. calls dmk evil force . 8. seng sir almost says cm mgr jj , stops time says vijay . like . 9. seng sir adds value , experience tvk . 10. vijay says prominent people join tvk . 11. tvk expected win tamilnadu 160 200 seats . 12. whole day dmk x guys ran spaces pouring hate scorn vijay . extreme vanmam . unexpected . entire samarajyam demolished vijay brick brick . even humpty dumpty seem pretty counting day ruling govt gets ousted spectacular fashion . expect whole india shocked result .",Congress,0
"tamilnadu assembly elections 2026 . 1. met three voters . 2. first two around 30 driving private cars . 3 . 1st guy voting dmk ponneri . 4 . 2nd guy voting tvk tambaram . hails pollachi votes tambaram . 5 . 3rd guy aged 35 traveling kumbakonam train . met bus . voting admk/bjp . votes kumbakonam . 6. vijay big public meeting erode . good arrangements . well attended . 7. calls dmk evil force . 8. seng sir almost says cm mgr jj , stops time says vijay . like . 9. seng sir adds value , experience tvk . 10. vijay says prominent people join tvk . 11. tvk expected win tamilnadu 160 200 seats . 12. whole day dmk x guys ran spaces pouring hate scorn vijay . extreme vanmam . unexpected . entire samarajyam demolished vijay brick brick . even humpty dumpty seem pretty counting day ruling govt gets ousted spectacular fashion . expect whole india shocked result .",DMK,1
"tamilnadu assembly elections 2026 . 1. met three voters . 2. first two around 30 driving private cars . 3 . 1st guy voting dmk ponneri . 4 . 2nd guy voting tvk tambaram . hails pollachi votes tambaram . 5 . 3rd guy aged 35 traveling kumbakonam train . met bus . voting admk/bjp . votes kumbakonam . 6. vijay big public meeting erode . good arrangements . well attended . 7. calls dmk evil force . 8. seng sir almost says cm mgr jj , stops time says vijay . like . 9. seng sir adds value , experience tvk . 10. vijay says prominent people join tvk . 11. tvk expected win tamilnadu 160 200 seats . 12. whole day dmk x guys ran spaces pouring hate scorn vijay . extreme vanmam . unexpected . entire samarajyam demolished vijay brick brick . even humpty dumpty seem pretty counting day ruling govt gets ousted spectacular fashion . expect whole india shocked result .",NTK,0
"tamilnadu assembly elections 2026 . 1. met three voters . 2. first two around 30 driving private cars . 3 . 1st guy voting dmk ponneri . 4 . 2nd guy voting tvk tambaram . hails pollachi votes tambaram . 5 . 3rd guy aged 35 traveling kumbakonam train . met bus . voting admk/bjp . votes kumbakonam . 6. vijay big public meeting erode . good arrangements . well attended . 7. calls dmk evil force . 8. seng sir almost says cm mgr jj , stops time says vijay . like . 9. seng sir adds value , experience tvk . 10. vijay says prominent people join tvk . 11. tvk expected win tamilnadu 160 200 seats . 12. whole day dmk x guys ran spaces pouring hate scorn vijay . extreme vanmam . unexpected . entire samarajyam demolished vijay brick brick . even humpty dumpty seem pretty counting day ruling govt gets ousted spectacular fashion . expect whole india shocked result .",TVK,1
இரண்டாக உடைந்த தவெக ! தமிழ்நாட்டு அரசியலில் அதிர்ச்சிகர திருப்பம் !,ADMK,0
இரண்டாக உடைந்த தவெக ! தமிழ்நாட்டு அரசியலில் அதிர்ச்சிகர திருப்பம் !,BJP,0
இரண்டாக உடைந்த தவெக ! தமிழ்நாட்டு அரசியலில் அதிர்ச்சிகர திருப்பம் !,Congress,0
இரண்டாக உடைந்த தவெக ! தமிழ்நாட்டு அரசியலில் அதிர்ச்சிகர திருப்பம் !,DMK,0
இரண்டாக உடைந்த தவெக ! தமிழ்நாட்டு அரசியலில் அதிர்ச்சிகர திருப்பம் !,NTK,0
இரண்டாக உடைந்த தவெக ! தமிழ்நாட்டு அரசியலில் அதிர்ச்சிகர திருப்பம் !,TVK,1
திருப்பூரில் பாஜக முன்னாள் மாநில தலைவர் அண்ணாமலை கைது @ annamalai_k,ADMK,0
திருப்பூரில் பாஜக முன்னாள் மாநில தலைவர் அண்ணாமலை கைது @ annamalai_k,BJP,1
திருப்பூரில் பாஜக முன்னாள் மாநில தலைவர் அண்ணாமலை கைது @ annamalai_k,Congress,0
திருப்பூரில் பாஜக முன்னாள் மாநில தலைவர் அண்ணாமலை கைது @ annamalai_k,DMK,0
திருப்பூரில் பாஜக முன்னாள் மாநில தலைவர் அண்ணாமலை கைது @ annamalai_k,NTK,0
திருப்பூரில் பாஜக முன்னாள் மாநில தலைவர் அண்ணாமலை கைது @ annamalai_k,TVK,0
கழக இளைஞர் அணியின் வடக்கு மண்டல நிர்வாகிகள் சந்திப்பில் கூடிய கொள்கைக் கூட்டம் ! 2026ல் கழகமே மீண்டும் வெல்லும் ! : black_heart : :red_heart : @ udhaystalin # youth4dmk2026,ADMK,0
கழக இளைஞர் அணியின் வடக்கு மண்டல நிர்வாகிகள் சந்திப்பில் கூடிய கொள்கைக் கூட்டம் ! 2026ல் கழகமே மீண்டும் வெல்லும் ! : black_heart : :red_heart : @ udhaystalin # youth4dmk2026,BJP,0
கழக இளைஞர் அணியின் வடக்கு மண்டல நிர்வாகிகள் சந்திப்பில் கூடிய கொள்கைக் கூட்டம் ! 2026ல் கழகமே மீண்டும் வெல்லும் ! : black_heart : :red_heart : @ udhaystalin # youth4dmk2026,Congress,0
கழக இளைஞர் அணியின் வடக்கு மண்டல நிர்வாகிகள் சந்திப்பில் கூடிய கொள்கைக் கூட்டம் ! 2026ல் கழகமே மீண்டும் வெல்லும் ! : black_heart : :red_heart : @ udhaystalin # youth4dmk2026,DMK,1
கழக இளைஞர் அணியின் வடக்கு மண்டல நிர்வாகிகள் சந்திப்பில் கூடிய கொள்கைக் கூட்டம் ! 2026ல் கழகமே மீண்டும் வெல்லும் ! : black_heart : :red_heart : @ udhaystalin # youth4dmk2026,NTK,0
கழக இளைஞர் அணியின் வடக்கு மண்டல நிர்வாகிகள் சந்திப்பில் கூடிய கொள்கைக் கூட்டம் ! 2026ல் கழகமே மீண்டும் வெல்லும் ! : black_heart : :red_heart : @ udhaystalin # youth4dmk2026,TVK,0
"பத்திரிக்கை காரங்கள கைக்குள்ள வச்சிட்டு நீ கேட்க வைக்கிற கேள்விக்கு பதில் சொல்லனுமா : face_savoring_food : நீ தான் தைரியமான ஆளாச்சே , முடிஞ்சா திமுக மேடையில பதில் சொல்லு .",ADMK,0
"பத்திரிக்கை காரங்கள கைக்குள்ள வச்சிட்டு நீ கேட்க வைக்கிற கேள்விக்கு பதில் சொல்லனுமா : face_savoring_food : நீ தான் தைரியமான ஆளாச்சே , முடிஞ்சா திமுக மேடையில பதில் சொல்லு .",BJP,0
"பத்திரிக்கை காரங்கள கைக்குள்ள வச்சிட்டு நீ கேட்க வைக்கிற கேள்விக்கு பதில் சொல்லனுமா : face_savoring_food : நீ தான் தைரியமான ஆளாச்சே , முடிஞ்சா திமுக மேடையில பதில் சொல்லு .",Congress,0
"பத்திரிக்கை காரங்கள கைக்குள்ள வச்சிட்டு நீ கேட்க வைக்கிற கேள்விக்கு பதில் சொல்லனுமா : face_savoring_food : நீ தான் தைரியமான ஆளாச்சே , முடிஞ்சா திமுக மேடையில பதில் சொல்லு .",DMK,1
"பத்திரிக்கை காரங்கள கைக்குள்ள வச்சிட்டு நீ கேட்க வைக்கிற கேள்விக்கு பதில் சொல்லனுமா : face_savoring_food : நீ தான் தைரியமான ஆளாச்சே , முடிஞ்சா திமுக மேடையில பதில் சொல்லு .",NTK,0
"பத்திரிக்கை காரங்கள கைக்குள்ள வச்சிட்டு நீ கேட்க வைக்கிற கேள்விக்கு பதில் சொல்லனுமா : face_savoring_food : நீ தான் தைரியமான ஆளாச்சே , முடிஞ்சா திமுக மேடையில பதில் சொல்லு .",TVK,0
உண்மையை சொன்ன அரெஸ்ட் பண்ணி இருகாங்க dmk அரசு # annamalai : fire :,ADMK,0
உண்மையை சொன்ன அரெஸ்ட் பண்ணி இருகாங்க dmk அரசு # annamalai : fire :,BJP,1
உண்மையை சொன்ன அரெஸ்ட் பண்ணி இருகாங்க dmk அரசு # annamalai : fire :,Congress,0
உண்மையை சொன்ன அரெஸ்ட் பண்ணி இருகாங்க dmk அரசு # annamalai : fire :,DMK,1
உண்மையை சொன்ன அரெஸ்ட் பண்ணி இருகாங்க dmk அரசு # annamalai : fire :,NTK,0
உண்மையை சொன்ன அரெஸ்ட் பண்ணி இருகாங்க dmk அரசு # annamalai : fire :,TVK,0
# justin | வாழ்நாளில் இதுவரை இல்லாத வகையில் ... - விஜய் # erode | # tvk | # vijay | # tvkvijay,ADMK,0
# justin | வாழ்நாளில் இதுவரை இல்லாத வகையில் ... - விஜய் # erode | # tvk | # vijay | # tvkvijay,BJP,0
# justin | வாழ்நாளில் இதுவரை இல்லாத வகையில் ... - விஜய் # erode | # tvk | # vijay | # tvkvijay,Congress,0
# justin | வாழ்நாளில் இதுவரை இல்லாத வகையில் ... - விஜய் # erode | # tvk | # vijay | # tvkvijay,DMK,0
# justin | வாழ்நாளில் இதுவரை இல்லாத வகையில் ... - விஜய் # erode | # tvk | # vijay | # tvkvijay,NTK,0
# justin | வாழ்நாளில் இதுவரை இல்லாத வகையில் ... - விஜய் # erode | # tvk | # vijay | # tvkvijay,TVK,1
tamilnadu news : double_exclamation_mark : bjp ex president annamalai anna detained tiruppur,ADMK,0
tamilnadu news : double_exclamation_mark : bjp ex president annamalai anna detained tiruppur,BJP,1
tamilnadu news : double_exclamation_mark : bjp ex president annamalai anna detained tiruppur,Congress,0
tamilnadu news : double_exclamation_mark : bjp ex president annamalai anna detained tiruppur,DMK,0
tamilnadu news : double_exclamation_mark : bjp ex president annamalai anna detained tiruppur,NTK,0
tamilnadu news : double_exclamation_mark : bjp ex president annamalai anna detained tiruppur,TVK,0
"condemn arrest thalaivar # annamalai avl , dmk last 170 days start counting ! @ annamalai_k",ADMK,0
"condemn arrest thalaivar # annamalai avl , dmk last 170 days start counting ! @ annamalai_k",BJP,1
"condemn arrest thalaivar # annamalai avl , dmk last 170 days start counting ! @ annamalai_k",Congress,0
"condemn arrest thalaivar # annamalai avl , dmk last 170 days start counting ! @ annamalai_k",DMK,1
"condemn arrest thalaivar # annamalai avl , dmk last 170 days start counting ! @ annamalai_k",NTK,0
"condemn arrest thalaivar # annamalai avl , dmk last 170 days start counting ! @ annamalai_k",TVK,0
திருப்பூர் மாவட்டம் இடுவாய் ஊராட்சிக்குட்பட்ட சின்னக்காளிபாளையத்தில் பொதுமக்களுக்கு இடையூறான வகையில் தமிழக அரசு அமைக்கும் குப்பைக் கிடங்கிற்கு எதிரான போராட்டத்தில் கிராம மக்களுடன் களத்தில் தலைவர்,ADMK,0
திருப்பூர் மாவட்டம் இடுவாய் ஊராட்சிக்குட்பட்ட சின்னக்காளிபாளையத்தில் பொதுமக்களுக்கு இடையூறான வகையில் தமிழக அரசு அமைக்கும் குப்பைக் கிடங்கிற்கு எதிரான போராட்டத்தில் கிராம மக்களுடன் களத்தில் தலைவர்,BJP,0
திருப்பூர் மாவட்டம் இடுவாய் ஊராட்சிக்குட்பட்ட சின்னக்காளிபாளையத்தில் பொதுமக்களுக்கு இடையூறான வகையில் தமிழக அரசு அமைக்கும் குப்பைக் கிடங்கிற்கு எதிரான போராட்டத்தில் கிராம மக்களுடன் களத்தில் தலைவர்,Congress,0
திருப்பூர் மாவட்டம் இடுவாய் ஊராட்சிக்குட்பட்ட சின்னக்காளிபாளையத்தில் பொதுமக்களுக்கு இடையூறான வகையில் தமிழக அரசு அமைக்கும் குப்பைக் கிடங்கிற்கு எதிரான போராட்டத்தில் கிராம மக்களுடன் களத்தில் தலைவர்,DMK,1
திருப்பூர் மாவட்டம் இடுவாய் ஊராட்சிக்குட்பட்ட சின்னக்காளிபாளையத்தில் பொதுமக்களுக்கு இடையூறான வகையில் தமிழக அரசு அமைக்கும் குப்பைக் கிடங்கிற்கு எதிரான போராட்டத்தில் கிராம மக்களுடன் களத்தில் தலைவர்,NTK,0
திருப்பூர் மாவட்டம் இடுவாய் ஊராட்சிக்குட்பட்ட சின்னக்காளிபாளையத்தில் பொதுமக்களுக்கு இடையூறான வகையில் தமிழக அரசு அமைக்கும் குப்பைக் கிடங்கிற்கு எதிரான போராட்டத்தில் கிராம மக்களுடன் களத்தில் தலைவர்,TVK,0
நாங்க வேலை வெட்டிக்கே போகமாட்டோம் விஜய்னா எங்கெல்லாம் கூட்டம் போடுறாப்லயோ அங்கெல்லாம் போய்டுவோம் இதையவே தொழிலா வச்சிட்டு இருக்கோம் ஏன்னா ? நாங்க தவெக தொண்டர்கள் - jd பாசறை,ADMK,0
நாங்க வேலை வெட்டிக்கே போகமாட்டோம் விஜய்னா எங்கெல்லாம் கூட்டம் போடுறாப்லயோ அங்கெல்லாம் போய்டுவோம் இதையவே தொழிலா வச்சிட்டு இருக்கோம் ஏன்னா ? நாங்க தவெக தொண்டர்கள் - jd பாசறை,BJP,0
நாங்க வேலை வெட்டிக்கே போகமாட்டோம் விஜய்னா எங்கெல்லாம் கூட்டம் போடுறாப்லயோ அங்கெல்லாம் போய்டுவோம் இதையவே தொழிலா வச்சிட்டு இருக்கோம் ஏன்னா ? நாங்க தவெக தொண்டர்கள் - jd பாசறை,Congress,0
நாங்க வேலை வெட்டிக்கே போகமாட்டோம் விஜய்னா எங்கெல்லாம் கூட்டம் போடுறாப்லயோ அங்கெல்லாம் போய்டுவோம் இதையவே தொழிலா வச்சிட்டு இருக்கோம் ஏன்னா ? நாங்க தவெக தொண்டர்கள் - jd பாசறை,DMK,0
நாங்க வேலை வெட்டிக்கே போகமாட்டோம் விஜய்னா எங்கெல்லாம் கூட்டம் போடுறாப்லயோ அங்கெல்லாம் போய்டுவோம் இதையவே தொழிலா வச்சிட்டு இருக்கோம் ஏன்னா ? நாங்க தவெக தொண்டர்கள் - jd பாசறை,NTK,0
நாங்க வேலை வெட்டிக்கே போகமாட்டோம் விஜய்னா எங்கெல்லாம் கூட்டம் போடுறாப்லயோ அங்கெல்லாம் போய்டுவோம் இதையவே தொழிலா வச்சிட்டு இருக்கோம் ஏன்னா ? நாங்க தவெக தொண்டர்கள் - jd பாசறை,TVK,1
நீயே ஒரு கேடுகெட்ட கேரக்ட்டர்டா விஜய் அதாவது cm அமித்ஷாவை பார்த்து சொன்னா இந்த விஜய் ஏன் கூவுறான் ... இதுக்கு பேர் தான் வாங்குன காசுக்கு மேல கூவுறான் கொய்யா ..,ADMK,0
நீயே ஒரு கேடுகெட்ட கேரக்ட்டர்டா விஜய் அதாவது cm அமித்ஷாவை பார்த்து சொன்னா இந்த விஜய் ஏன் கூவுறான் ... இதுக்கு பேர் தான் வாங்குன காசுக்கு மேல கூவுறான் கொய்யா ..,BJP,1
நீயே ஒரு கேடுகெட்ட கேரக்ட்டர்டா விஜய் அதாவது cm அமித்ஷாவை பார்த்து சொன்னா இந்த விஜய் ஏன் கூவுறான் ... இதுக்கு பேர் தான் வாங்குன காசுக்கு மேல கூவுறான் கொய்யா ..,Congress,0
நீயே ஒரு கேடுகெட்ட கேரக்ட்டர்டா விஜய் அதாவது cm அமித்ஷாவை பார்த்து சொன்னா இந்த விஜய் ஏன் கூவுறான் ... இதுக்கு பேர் தான் வாங்குன காசுக்கு மேல கூவுறான் கொய்யா ..,DMK,0
நீயே ஒரு கேடுகெட்ட கேரக்ட்டர்டா விஜய் அதாவது cm அமித்ஷாவை பார்த்து சொன்னா இந்த விஜய் ஏன் கூவுறான் ... இதுக்கு பேர் தான் வாங்குன காசுக்கு மேல கூவுறான் கொய்யா ..,NTK,0
நீயே ஒரு கேடுகெட்ட கேரக்ட்டர்டா விஜய் அதாவது cm அமித்ஷாவை பார்த்து சொன்னா இந்த விஜய் ஏன் கூவுறான் ... இதுக்கு பேர் தான் வாங்குன காசுக்கு மேல கூவுறான் கொய்யா ..,TVK,1
"விவசாய நிலங்களுக்கு அருகே குப்பைகளைக் கொட்டி , மக்களின் வாழ்வாதாரத்தை அழிக்கும் திருப்பூர் மாநகராட்சியை எதிர்த்து , இடுவாய் மக்களுக்காகக் களம் கண்ட திரு . @ annamalai_k அவர்கள் கைது செய்யப்பட்டிருப்பதை வன்மையாகக் கண்டிக்கிறேன் . மக்களின் நியாயமான போராட்டத்தை ஒடுக்க நினைக்கும் தி.மு.க அரசின் சர்வாதிகாரப் போக்கு கண்டிக்கத்தக்கது . விவசாயிகளின் நலன் காக்கத் துணிந்து நிற்கும் ஒரு தலைவரின் குரலை , காவல்துறையை ஏவி முடக்கிவிடலாம் என்று கனவு காண வேண்டாம் . அடக்குமுறைகளைத் தாண்டி மக்கள் பணி தொடரும் . # annamalai # dmkfails",ADMK,1
"விவசாய நிலங்களுக்கு அருகே குப்பைகளைக் கொட்டி , மக்களின் வாழ்வாதாரத்தை அழிக்கும் திருப்பூர் மாநகராட்சியை எதிர்த்து , இடுவாய் மக்களுக்காகக் களம் கண்ட திரு . @ annamalai_k அவர்கள் கைது செய்யப்பட்டிருப்பதை வன்மையாகக் கண்டிக்கிறேன் . மக்களின் நியாயமான போராட்டத்தை ஒடுக்க நினைக்கும் தி.மு.க அரசின் சர்வாதிகாரப் போக்கு கண்டிக்கத்தக்கது . விவசாயிகளின் நலன் காக்கத் துணிந்து நிற்கும் ஒரு தலைவரின் குரலை , காவல்துறையை ஏவி முடக்கிவிடலாம் என்று கனவு காண வேண்டாம் . அடக்குமுறைகளைத் தாண்டி மக்கள் பணி தொடரும் . # annamalai # dmkfails",BJP,0
"விவசாய நிலங்களுக்கு அருகே குப்பைகளைக் கொட்டி , மக்களின் வாழ்வாதாரத்தை அழிக்கும் திருப்பூர் மாநகராட்சியை எதிர்த்து , இடுவாய் மக்களுக்காகக் களம் கண்ட திரு . @ annamalai_k அவர்கள் கைது செய்யப்பட்டிருப்பதை வன்மையாகக் கண்டிக்கிறேன் . மக்களின் நியாயமான போராட்டத்தை ஒடுக்க நினைக்கும் தி.மு.க அரசின் சர்வாதிகாரப் போக்கு கண்டிக்கத்தக்கது . விவசாயிகளின் நலன் காக்கத் துணிந்து நிற்கும் ஒரு தலைவரின் குரலை , காவல்துறையை ஏவி முடக்கிவிடலாம் என்று கனவு காண வேண்டாம் . அடக்குமுறைகளைத் தாண்டி மக்கள் பணி தொடரும் . # annamalai # dmkfails",Congress,0
"விவசாய நிலங்களுக்கு அருகே குப்பைகளைக் கொட்டி , மக்களின் வாழ்வாதாரத்தை அழிக்கும் திருப்பூர் மாநகராட்சியை எதிர்த்து , இடுவாய் மக்களுக்காகக் களம் கண்ட திரு . @ annamalai_k அவர்கள் கைது செய்யப்பட்டிருப்பதை வன்மையாகக் கண்டிக்கிறேன் . மக்களின் நியாயமான போராட்டத்தை ஒடுக்க நினைக்கும் தி.மு.க அரசின் சர்வாதிகாரப் போக்கு கண்டிக்கத்தக்கது . விவசாயிகளின் நலன் காக்கத் துணிந்து நிற்கும் ஒரு தலைவரின் குரலை , காவல்துறையை ஏவி முடக்கிவிடலாம் என்று கனவு காண வேண்டாம் . அடக்குமுறைகளைத் தாண்டி மக்கள் பணி தொடரும் . # annamalai # dmkfails",DMK,1
"விவசாய நிலங்களுக்கு அருகே குப்பைகளைக் கொட்டி , மக்களின் வாழ்வாதாரத்தை அழிக்கும் திருப்பூர் மாநகராட்சியை எதிர்த்து , இடுவாய் மக்களுக்காகக் களம் கண்ட திரு . @ annamalai_k அவர்கள் கைது செய்யப்பட்டிருப்பதை வன்மையாகக் கண்டிக்கிறேன் . மக்களின் நியாயமான போராட்டத்தை ஒடுக்க நினைக்கும் தி.மு.க அரசின் சர்வாதிகாரப் போக்கு கண்டிக்கத்தக்கது . விவசாயிகளின் நலன் காக்கத் துணிந்து நிற்கும் ஒரு தலைவரின் குரலை , காவல்துறையை ஏவி முடக்கிவிடலாம் என்று கனவு காண வேண்டாம் . அடக்குமுறைகளைத் தாண்டி மக்கள் பணி தொடரும் . # annamalai # dmkfails",NTK,0
"விவசாய நிலங்களுக்கு அருகே குப்பைகளைக் கொட்டி , மக்களின் வாழ்வாதாரத்தை அழிக்கும் திருப்பூர் மாநகராட்சியை எதிர்த்து , இடுவாய் மக்களுக்காகக் களம் கண்ட திரு . @ annamalai_k அவர்கள் கைது செய்யப்பட்டிருப்பதை வன்மையாகக் கண்டிக்கிறேன் . மக்களின் நியாயமான போராட்டத்தை ஒடுக்க நினைக்கும் தி.மு.க அரசின் சர்வாதிகாரப் போக்கு கண்டிக்கத்தக்கது . விவசாயிகளின் நலன் காக்கத் துணிந்து நிற்கும் ஒரு தலைவரின் குரலை , காவல்துறையை ஏவி முடக்கிவிடலாம் என்று கனவு காண வேண்டாம் . அடக்குமுறைகளைத் தாண்டி மக்கள் பணி தொடரும் . # annamalai # dmkfails",TVK,0
